maDiaDiem,tenDiaDiem,moTa,diaChi,maTinhThanh,loaiDiaDiem,viDo,kinhDo,giaVe,gioMoCua,gioDongCua,dienThoai,website,danhGiaTrungBinh,soLuotDanhGia,soLuotXem,maNguoiTao,ngayTao,lanCapNhatCuoi,trangThai,dacDiem,tienNghi
1,Sanghe condotel,,"lô 51-52, đường Hồ Hán Thương, Quận Sơn Trà, Thành phố Đà Nẵng",60,khach_san,0.0,0.0,0.0,,,,,0.0,0,0,,2026-05-27 16:53:04,2026-05-27 16:53:04,active,"{""category"": ""cslt"", ""detail_url"": ""https://csdl.vietnamtourism.gov.vn/cslt/?item=8704"", ""email"": """", ""item_id"": ""8704"", ""source"": ""csdl.vietnamtourism.gov.vn""}",
2,khách sạn thúy phương2,,"tổ 8 phường yên thịnh, Thành phố Yên Bái, Lào Cai",34,khach_san,0.0,0.0,0.0,,,,,0.0,0,0,,2026-05-27 16:53:04,2026-05-27 16:53:04,active,"{""category"": ""cslt"", ""detail_url"": ""https://csdl.vietnamtourism.gov.vn/cslt/?item=8960"", ""email"": """", ""item_id"": ""8960"", ""source"": ""csdl.vietnamtourism.gov.vn""}",
3,Nhà Nghỉ Huyền Linh,,"Đông Thái Đông Tiến, Huyện Yên Phong",22,khach_san,0.0,0.0,0.0,,,,,0.0,0,0,,2026-05-27 16:53:04,2026-05-27 16:53:04,active,"{""category"": ""cslt"", ""detail_url"": ""https://csdl.vietnamtourism.gov.vn/cslt/?item=9216"", ""email"": """", ""item_id"": ""9216"", ""source"": ""csdl.vietnamtourism.gov.vn""}",
4,Nhà Nghỉ Ngọc Minh,,"Số 03, tổ 04, phường Mường Thanh, Thành phố Điện Biên Phủ, Điện Biên",15,khach_san,0.0,0.0,0.0,,,,,0.0,0,0,,2026-05-27 16:53:04,2026-05-27 16:53:04,active,"{""category"": ""cslt"", ""detail_url"": ""https://csdl.vietnamtourism.gov.vn/cslt/?item=9728"", ""email"": """", ""item_id"": ""9728"", ""source"": ""csdl.vietnamtourism.gov.vn""}",
5,NHÀ NGHỈ CAO NGUYÊN,,"TIỂU KHU NHÀ NGHỈ, Thảo Nguyên, Huyện Mộc Châu, Sơn La",48,khach_san,0.0,0.0,0.0,,,,,0.0,0,0,,2026-05-27 16:53:04,2026-05-27 16:53:04,active,"{""category"": ""cslt"", ""detail_url"": ""https://csdl.vietnamtourism.gov.vn/cslt/?item=9984"", ""email"": """", ""item_id"": ""9984"", ""source"": ""csdl.vietnamtourism.gov.vn""}",
6,Khách sạn Khánh Đăng,,"1599 Phạm Văn Thuận, Thống Nhất, Thành phố Biên Hòa, Đồng Nai, Thành phố Biên Hòa, Đồng Nai",16,khach_san,0.0,0.0,0.0,,,,,0.0,0,0,,2026-05-27 16:53:04,2026-05-27 16:53:04,active,"{""category"": ""cslt"", ""detail_url"": ""https://csdl.vietnamtourism.gov.vn/cslt/?item=10496"", ""email"": """", ""item_id"": ""10496"", ""source"": ""csdl.vietnamtourism.gov.vn""}",
7,Nhà nghỉ Cây Xoài,,"Khu Sa Đéc, phường Hùng vương, thị xã Phú thọ, tỉnh Phú Thọ, Phú Thọ, Thị xã Phú Thọ, Phú Thọ",40,khach_san,0.0,0.0,0.0,,,,,0.0,0,0,,2026-05-27 16:53:04,2026-05-27 16:53:04,active,"{""category"": ""cslt"", ""detail_url"": ""https://csdl.vietnamtourism.gov.vn/cslt/?item=11008"", ""email"": """", ""item_id"": ""11008"", ""source"": ""csdl.vietnamtourism.gov.vn""}",
8,Nhà Nghỉ Mai Trang,,"34 phố Tân Ấp, Quận Ba Đình, Thành phố Hà Nội",21,khach_san,0.0,0.0,0.0,,,,,0.0,0,0,,2026-05-27 16:53:04,2026-05-27 16:53:04,active,"{""category"": ""cslt"", ""detail_url"": ""https://csdl.vietnamtourism.gov.vn/cslt/?item=11264"", ""email"": """", ""item_id"": ""11264"", ""source"": ""csdl.vietnamtourism.gov.vn""}",
9,Blossom homestay,,"04/21 Nguyễn du. Tp Tuy Hòa. Phú Yên, Thành phố Tuy Hoà, Phú Yên",41,khach_san,0.0,0.0,0.0,,,,,0.0,0,0,,2026-05-27 16:53:04,2026-05-27 16:53:04,active,"{""category"": ""cslt"", ""detail_url"": ""https://csdl.vietnamtourism.gov.vn/cslt/?item=11520"", ""email"": """", ""item_id"": ""11520"", ""source"": ""csdl.vietnamtourism.gov.vn""}",
10,Nhà nghỉ long huyền,,"Thôn Thị- Mỹ Hà, Huyện Lạng Giang, Bắc Ninh",5,khach_san,0.0,0.0,0.0,,,,,0.0,0,0,,2026-05-27 16:53:04,2026-05-27 16:53:04,active,"{""category"": ""cslt"", ""detail_url"": ""https://csdl.vietnamtourism.gov.vn/cslt/?item=12288"", ""email"": """", ""item_id"": ""12288"", ""source"": ""csdl.vietnamtourism.gov.vn""}",
11,Khách sạn kim thành chính,,"Tổ dân phố 1, Nghi Xuân, Huyện Nghi Xuân, Hà Tĩnh",22,khach_san,0.0,0.0,0.0,,,,,0.0,0,0,,2026-05-27 16:53:04,2026-05-27 16:53:04,active,"{""category"": ""cslt"", ""detail_url"": ""https://csdl.vietnamtourism.gov.vn/cslt/?item=12544"", ""email"": """", ""item_id"": ""12544"", ""source"": ""csdl.vietnamtourism.gov.vn""}",
12,Nhà nghỉ Quốc Định,,"Thôn Đông Lẻo, xã Bộc Bố, huyện Pác Nặm, tỉnh Bắc Kạn, Bằng Thành, Huyện Pác Nặm, Bắc Kạn",4,khach_san,0.0,0.0,0.0,,,,,0.0,0,0,,2026-05-27 16:53:04,2026-05-27 16:53:04,active,"{""category"": ""cslt"", ""detail_url"": ""https://csdl.vietnamtourism.gov.vn/cslt/?item=12800"", ""email"": """", ""item_id"": ""12800"", ""source"": ""csdl.vietnamtourism.gov.vn""}",
13,Nhà nghỉ Như Thủy,,"KV5 - TT.Đức Hòa - huyện Đức Hòa, Đức Hòa, Huyện Đức Hòa, Tây Ninh",49,khach_san,0.0,0.0,0.0,,,,,0.0,0,0,,2026-05-27 16:53:04,2026-05-27 16:53:04,active,"{""category"": ""cslt"", ""detail_url"": ""https://csdl.vietnamtourism.gov.vn/cslt/?item=13056"", ""email"": """", ""item_id"": ""13056"", ""source"": ""csdl.vietnamtourism.gov.vn""}",
14,Nhà nghỉ Kim Phượng,,"ấp Bình Tiền 1 - xã Đức Hòa Hạ - huyện Đức Hòa, Huyện Đức Hòa, Tây Ninh",49,khach_san,0.0,0.0,0.0,,,,,0.0,0,0,,2026-05-27 16:53:04,2026-05-27 16:53:04,active,"{""category"": ""cslt"", ""detail_url"": ""https://csdl.vietnamtourism.gov.vn/cslt/?item=13312"", ""email"": """", ""item_id"": ""13312"", ""source"": ""csdl.vietnamtourism.gov.vn""}",
15,Nhà Nghỉ Hiếu Yên,,"Tổ 95 khu đồn điền phường hà khẩu TP Hạ Long tỉnh Quảng Ninh, Thành phố Hạ Long, Quảng Ninh",45,khach_san,0.0,0.0,0.0,,,,,0.0,0,0,,2026-05-27 16:53:04,2026-05-27 16:53:04,active,"{""category"": ""cslt"", ""detail_url"": ""https://csdl.vietnamtourism.gov.vn/cslt/?item=14080"", ""email"": """", ""item_id"": ""14080"", ""source"": ""csdl.vietnamtourism.gov.vn""}",
16,Khách sạn Hoàng Thư,,"31D3 khu11, p chánh nghĩa ,tp thủ dầu một tỉnh bình dương, Thành phố Thủ Dầu Một, Bình Dương",8,khach_san,0.0,0.0,0.0,,,,,0.0,0,0,,2026-05-27 16:53:04,2026-05-27 16:53:04,active,"{""category"": ""cslt"", ""detail_url"": ""https://csdl.vietnamtourism.gov.vn/cslt/?item=14336"", ""email"": """", ""item_id"": ""14336"", ""source"": ""csdl.vietnamtourism.gov.vn""}",
17,Côn Đảo House,,"28 Võ Thị Sáu, Khu 7, Côn Đảo, Huyện Côn Đảo, Bà Rịa - Vũng Tàu",62,khach_san,0.0,0.0,0.0,,,,,0.0,0,0,,2026-05-27 16:53:04,2026-05-27 16:53:04,active,"{""category"": ""cslt"", ""detail_url"": ""https://csdl.vietnamtourism.gov.vn/cslt/?item=14848"", ""email"": """", ""item_id"": ""14848"", ""source"": ""csdl.vietnamtourism.gov.vn""}",
18,Homestay Long Chiều,,"Thôn Tân Phong, Huyện Hoàng Su Phì, Hà Giang",19,khach_san,0.0,0.0,0.0,,,,,0.0,0,0,,2026-05-27 16:53:04,2026-05-27 16:53:04,active,"{""category"": ""cslt"", ""detail_url"": ""https://csdl.vietnamtourism.gov.vn/cslt/?item=15360"", ""email"": """", ""item_id"": ""15360"", ""source"": ""csdl.vietnamtourism.gov.vn""}",
19,Nhà nghỉ minh quảng,,"Tổ 5 phường hợp minh, Thành phố Yên Bái, Lào Cai",34,khach_san,0.0,0.0,0.0,,,,,0.0,0,0,,2026-05-27 16:53:04,2026-05-27 16:53:04,active,"{""category"": ""cslt"", ""detail_url"": ""https://csdl.vietnamtourism.gov.vn/cslt/?item=15616"", ""email"": """", ""item_id"": ""15616"", ""source"": ""csdl.vietnamtourism.gov.vn""}",
20,Lake View Homestay,,"46B Đống Đa, Diên Hồng, Thành phố Pleiku",18,khach_san,0.0,0.0,0.0,,,,,0.0,0,0,,2026-05-27 16:53:04,2026-05-27 16:53:04,active,"{""category"": ""cslt"", ""detail_url"": ""https://csdl.vietnamtourism.gov.vn/cslt/?item=15872"", ""email"": """", ""item_id"": ""15872"", ""source"": ""csdl.vietnamtourism.gov.vn""}",
21,Sake villa,,"Tổ dân phố 2, thị trấn Tam Đảo, Huyện Tam Đảo, Vĩnh Phúc",57,khach_san,0.0,0.0,0.0,,,,,0.0,0,0,,2026-05-27 16:53:04,2026-05-27 16:53:04,active,"{""category"": ""cslt"", ""detail_url"": ""https://csdl.vietnamtourism.gov.vn/cslt/?item=8705"", ""email"": """", ""item_id"": ""8705"", ""source"": ""csdl.vietnamtourism.gov.vn""}",
22,khách sạn thuận lợi,,"198 trần phú, phường long châu, thị xã, tân châu, an giang, Thị xã Tân Châu",1,khach_san,0.0,0.0,0.0,,,,,0.0,0,0,,2026-05-27 16:53:04,2026-05-27 16:53:04,active,"{""category"": ""cslt"", ""detail_url"": ""https://csdl.vietnamtourism.gov.vn/cslt/?item=8961"", ""email"": """", ""item_id"": ""8961"", ""source"": ""csdl.vietnamtourism.gov.vn""}",
23,Nhà Nghỉ Kinh Bắc,,"KĐTM-Ấp Đồn-Yên Trung- Yên Phong- Bắc Ninh, Yên Trung, Huyện Yên Phong",5,khach_san,0.0,0.0,0.0,,,,,0.0,0,0,,2026-05-27 16:53:04,2026-05-27 16:53:04,active,"{""category"": ""cslt"", ""detail_url"": ""https://csdl.vietnamtourism.gov.vn/cslt/?item=9217"", ""email"": """", ""item_id"": ""9217"", ""source"": ""csdl.vietnamtourism.gov.vn""}",
24,Nhà nghỉ 555,,"Tổ 4, Thành phố Điện Biên Phủ, Điện Biên",15,khach_san,0.0,0.0,0.0,,,,,0.0,0,0,,2026-05-27 16:53:04,2026-05-27 16:53:04,active,"{""category"": ""cslt"", ""detail_url"": ""https://csdl.vietnamtourism.gov.vn/cslt/?item=9729"", ""email"": """", ""item_id"": ""9729"", ""source"": ""csdl.vietnamtourism.gov.vn""}",
25,NHÀ NGHỈ DƯƠNG VŨ,,"145-TK NHÀ NGHỈ HOÀNG QUỐC VIỆT TTNT MỘC CHÂU-SƠN LA, Thảo Nguyên, Huyện Mộc Châu, Sơn La",48,khach_san,0.0,0.0,0.0,,,,,0.0,0,0,,2026-05-27 16:53:04,2026-05-27 16:53:04,active,"{""category"": ""cslt"", ""detail_url"": ""https://csdl.vietnamtourism.gov.vn/cslt/?item=9985"", ""email"": """", ""item_id"": ""9985"", ""source"": ""csdl.vietnamtourism.gov.vn""}",
26,Nhà Nghỉ 76,,"76 nguyễn công trứ, Thành phố Nam Định, Nam Định",36,khach_san,0.0,0.0,0.0,,,,,0.0,0,0,,2026-05-27 16:53:04,2026-05-27 16:53:04,active,"{""category"": ""cslt"", ""detail_url"": ""https://csdl.vietnamtourism.gov.vn/cslt/?item=10241"", ""email"": """", ""item_id"": ""10241"", ""source"": ""csdl.vietnamtourism.gov.vn""}",
27,Nhà nghỉ Thanh Lịch,,"Số 18, phố Quang Trung, Kiến Xương, Huyện Kiến Xương, Thái Bình",50,khach_san,0.0,0.0,0.0,,,,,0.0,0,0,,2026-05-27 16:53:04,2026-05-27 16:53:04,active,"{""category"": ""cslt"", ""detail_url"": ""https://csdl.vietnamtourism.gov.vn/cslt/?item=11009"", ""email"": """", ""item_id"": ""11009"", ""source"": ""csdl.vietnamtourism.gov.vn""}",
28,Nhà nghỉ Bạch Dương,,"27 Tân Ấp, Quận Ba Đình, Thành phố Hà Nội",21,khach_san,0.0,0.0,0.0,,,,,0.0,0,0,,2026-05-27 16:53:04,2026-05-27 16:53:04,active,"{""category"": ""cslt"", ""detail_url"": ""https://csdl.vietnamtourism.gov.vn/cslt/?item=11265"", ""email"": """", ""item_id"": ""11265"", ""source"": ""csdl.vietnamtourism.gov.vn""}",
29,Blue garden homestay,,"Thon Binh Khe, Thành phố Ninh Bình, Ninh Bình",38,khach_san,0.0,0.0,0.0,,,,,0.0,0,0,,2026-05-27 16:53:04,2026-05-27 16:53:04,active,"{""category"": ""cslt"", ""detail_url"": ""https://csdl.vietnamtourism.gov.vn/cslt/?item=11521"", ""email"": """", ""item_id"": ""11521"", ""source"": ""csdl.vietnamtourism.gov.vn""}",
30,Khách sạn Sofia,,"Lô I 11 Phạm Văn Đồng, Quận Sơn Trà, Thành phố Đà Nẵng",60,khach_san,0.0,0.0,0.0,,,,,0.0,0,0,,2026-05-27 16:53:04,2026-05-27 16:53:04,active,"{""category"": ""cslt"", ""detail_url"": ""https://csdl.vietnamtourism.gov.vn/cslt/?item=11777"", ""email"": """", ""item_id"": ""11777"", ""source"": ""csdl.vietnamtourism.gov.vn""}",
31,Nhà nghỉ ngân nga,,"Số 76, lê lợi, Lạng Giang, Huyện Lạng Giang, Bắc Ninh",5,khach_san,0.0,0.0,0.0,,,,,0.0,0,0,,2026-05-27 16:53:04,2026-05-27 16:53:04,active,"{""category"": ""cslt"", ""detail_url"": ""https://csdl.vietnamtourism.gov.vn/cslt/?item=12289"", ""email"": """", ""item_id"": ""12289"", ""source"": ""csdl.vietnamtourism.gov.vn""}",
32,Khách sạn cát tường,,"70 đào duy từ, Quận 10, Thành phố Hồ Chí Minh",61,khach_san,0.0,0.0,0.0,,,,,0.0,0,0,,2026-05-27 16:53:04,2026-05-27 16:53:04,active,"{""category"": ""cslt"", ""detail_url"": ""https://csdl.vietnamtourism.gov.vn/cslt/?item=12545"", ""email"": """", ""item_id"": ""12545"", ""source"": ""csdl.vietnamtourism.gov.vn""}",
33,Công ty Cổ phần quản lý khách sạn Hà Lan,,"46A Nguyễn Trường Tộ, Ba Đình, Quận Ba Đình, Thành phố Hà Nội",21,khach_san,0.0,0.0,0.0,,,,,0.0,0,0,,2026-05-27 16:53:04,2026-05-27 16:53:04,active,"{""category"": ""cslt"", ""detail_url"": ""https://csdl.vietnamtourism.gov.vn/cslt/?item=12801"", ""email"": """", ""item_id"": ""12801"", ""source"": ""csdl.vietnamtourism.gov.vn""}",
34,Nhà nghỉ Đoàn Quyết,,"09 nguyễn thị định, Thành phố Nha Trang, Khánh Hoà",28,khach_san,0.0,0.0,0.0,,,,,0.0,0,0,,2026-05-27 16:53:04,2026-05-27 16:53:04,active,"{""category"": ""cslt"", ""detail_url"": ""https://csdl.vietnamtourism.gov.vn/cslt/?item=13057"", ""email"": """", ""item_id"": ""13057"", ""source"": ""csdl.vietnamtourism.gov.vn""}",
35,Nhà nghỉ Lina,,"ấp Bình Tả 1 - xã Đức Hòa Hạ - huyện Đức Hòa, Huyện Đức Hòa, Tây Ninh",49,khach_san,0.0,0.0,0.0,,,,,0.0,0,0,,2026-05-27 16:53:04,2026-05-27 16:53:04,active,"{""category"": ""cslt"", ""detail_url"": ""https://csdl.vietnamtourism.gov.vn/cslt/?item=13313"", ""email"": """", ""item_id"": ""13313"", ""source"": ""csdl.vietnamtourism.gov.vn""}",
36,Nhà nghỉ Nam Phong,,"hẻm 27 tổ 23 TRịnh Phong Đáng, Trường Lộc, Huyện Hòa Thành",22,khach_san,0.0,0.0,0.0,,,,,0.0,0,0,,2026-05-27 16:53:04,2026-05-27 16:53:04,active,"{""category"": ""cslt"", ""detail_url"": ""https://csdl.vietnamtourism.gov.vn/cslt/?item=13569"", ""email"": """", ""item_id"": ""13569"", ""source"": ""csdl.vietnamtourism.gov.vn""}",
37,Nhà nghỉ hiền lương,,"Số 198, tổ 95, khu đồn điền, phường Hà khẩu, tp Hạ Long, tỉnh Quảng Ninh, Thành phố Hạ Long, Quảng Ninh",45,khach_san,0.0,0.0,0.0,,,,,0.0,0,0,,2026-05-27 16:53:04,2026-05-27 16:53:04,active,"{""category"": ""cslt"", ""detail_url"": ""https://csdl.vietnamtourism.gov.vn/cslt/?item=14081"", ""email"": """", ""item_id"": ""14081"", ""source"": ""csdl.vietnamtourism.gov.vn""}",
38,Khách sạn Hoàng Trung,,"Khu 4 thị trấn Cô Tô, Cô Tô, Huyện Cô Tô, Quảng Ninh",45,khach_san,0.0,0.0,0.0,,,,,0.0,0,0,,2026-05-27 16:53:04,2026-05-27 16:53:04,active,"{""category"": ""cslt"", ""detail_url"": ""https://csdl.vietnamtourism.gov.vn/cslt/?item=14337"", ""email"": """", ""item_id"": ""14337"", ""source"": ""csdl.vietnamtourism.gov.vn""}",
39,Khách sạn Ngọc Phượng,,"59 Anh Đào, Bãi Cháy, Hạ Long, Quảng Ninh, Bãi Cháy, Thành phố Hạ Long, Quảng Ninh",45,khach_san,0.0,0.0,0.0,,,,,0.0,0,0,,2026-05-27 16:53:04,2026-05-27 16:53:04,active,"{""category"": ""cslt"", ""detail_url"": ""https://csdl.vietnamtourism.gov.vn/cslt/?item=14593"", ""email"": """", ""item_id"": ""14593"", ""source"": ""csdl.vietnamtourism.gov.vn""}",
40,Nhà nghỉ Trung Hiền,,"SN51, tổ 13, Thành phố Cao Bằng, Cao Bằng",12,khach_san,0.0,0.0,0.0,,,,,0.0,0,0,,2026-05-27 16:53:04,2026-05-27 16:53:04,active,"{""category"": ""cslt"", ""detail_url"": ""https://csdl.vietnamtourism.gov.vn/cslt/?item=15105"", ""email"": """", ""item_id"": ""15105"", ""source"": ""csdl.vietnamtourism.gov.vn""}",
41,Homestay Lý Tiên,,"thôn Suối Thầu 2, xã Bản Luốc, Huyện Hoàng Su Phì, Hà Giang",19,khach_san,0.0,0.0,0.0,,,,,0.0,0,0,,2026-05-27 16:53:04,2026-05-27 16:53:04,active,"{""category"": ""cslt"", ""detail_url"": ""https://csdl.vietnamtourism.gov.vn/cslt/?item=15361"", ""email"": """", ""item_id"": ""15361"", ""source"": ""csdl.vietnamtourism.gov.vn""}",
42,Nhà nghỉ như ý,,"Tổ 8 phường minh tân, Thành phố Yên Bái, Lào Cai",34,khach_san,0.0,0.0,0.0,,,,,0.0,0,0,,2026-05-27 16:53:04,2026-05-27 16:53:04,active,"{""category"": ""cslt"", ""detail_url"": ""https://csdl.vietnamtourism.gov.vn/cslt/?item=15617"", ""email"": """", ""item_id"": ""15617"", ""source"": ""csdl.vietnamtourism.gov.vn""}",
43,Lo Lo Eco House,,"Thôn Lô Lô Chải, Lũng Cú, Huyện Đồng Văn, Hà Giang",19,khach_san,0.0,0.0,0.0,,,,,0.0,0,0,,2026-05-27 16:53:04,2026-05-27 16:53:04,active,"{""category"": ""cslt"", ""detail_url"": ""https://csdl.vietnamtourism.gov.vn/cslt/?item=15873"", ""email"": """", ""item_id"": ""15873"", ""source"": ""csdl.vietnamtourism.gov.vn""}",
44,Seamark Apartment,,"51/1 Tuệ tĩnh, p. Lộc Thọ, tp. Nha trang, Thành phố Nha Trang, Khánh Hoà",28,khach_san,0.0,0.0,0.0,,,,,0.0,0,0,,2026-05-27 16:53:04,2026-05-27 16:53:04,active,"{""category"": ""cslt"", ""detail_url"": ""https://csdl.vietnamtourism.gov.vn/cslt/?item=8706"", ""email"": """", ""item_id"": ""8706"", ""source"": ""csdl.vietnamtourism.gov.vn""}",
45,Thu Hà Hotel,,"Tổ 1 khu 2 phường Thanh Sơn - Uông Bí - Quảng Ninh, Uông Bí, Thành phố Uông Bí, Quảng Ninh",45,khach_san,0.0,0.0,0.0,,,,,0.0,0,0,,2026-05-27 16:53:04,2026-05-27 16:53:04,active,"{""category"": ""cslt"", ""detail_url"": ""https://csdl.vietnamtourism.gov.vn/cslt/?item=8962"", ""email"": """", ""item_id"": ""8962"", ""source"": ""csdl.vietnamtourism.gov.vn""}",
46,Di tích lịch sử - văn hóa căn cứ địa cách mạng Hải Chi (Đình Làng Dạ),,"xã Thanh Lâm, Huyện Ba Chẽ, Quảng Ninh",45,dia_danh,0.0,0.0,0.0,,,,,0.0,0,0,,2026-05-27 16:53:04,2026-05-27 16:53:04,active,"{""category"": ""dest"", ""detail_url"": ""https://csdl.vietnamtourism.gov.vn/dest/?item=1171"", ""email"": """", ""item_id"": ""1171"", ""source"": ""csdl.vietnamtourism.gov.vn""}",
47,Chợ Trung tâm Ba Chẽ,,"Thị trấn Ba Chẽ, Ba Chẽ, Huyện Ba Chẽ, Quảng Ninh",45,dia_danh,0.0,0.0,0.0,,,,,0.0,0,0,,2026-05-27 16:53:04,2026-05-27 16:53:04,active,"{""category"": ""dest"", ""detail_url"": ""https://csdl.vietnamtourism.gov.vn/dest/?item=1170"", ""email"": """", ""item_id"": ""1170"", ""source"": ""csdl.vietnamtourism.gov.vn""}",
48,Di tích lịch sử Miếu Ông – Miếu Bà,,"xã Nam Sơn, Huyện Ba Chẽ, Quảng Ninh",45,dia_danh,0.0,0.0,0.0,,,,,0.0,0,0,,2026-05-27 16:53:04,2026-05-27 16:53:04,active,"{""category"": ""dest"", ""detail_url"": ""https://csdl.vietnamtourism.gov.vn/dest/?item=1169"", ""email"": """", ""item_id"": ""1169"", ""source"": ""csdl.vietnamtourism.gov.vn""}",
49,Phố đi bộ Tiên Yên,,"Thị trấn Tiên Yên, Tiên Yên, Huyện Tiên Yên, Quảng Ninh",45,dia_danh,0.0,0.0,0.0,,,,,0.0,0,0,,2026-05-27 16:53:04,2026-05-27 16:53:04,active,"{""category"": ""dest"", ""detail_url"": ""https://csdl.vietnamtourism.gov.vn/dest/?item=1168"", ""email"": """", ""item_id"": ""1168"", ""source"": ""csdl.vietnamtourism.gov.vn""}",
50,"Trung tâm Văn hóa, Thể thao các dân tộc vùng Đông Bắc",,"xã Yên Than, huyện Tiên Yên, Huyện Tiên Yên, Quảng Ninh",45,dia_danh,0.0,0.0,0.0,,,,,0.0,0,0,,2026-05-27 16:53:04,2026-05-27 16:53:04,active,"{""category"": ""dest"", ""detail_url"": ""https://csdl.vietnamtourism.gov.vn/dest/?item=1167"", ""email"": """", ""item_id"": ""1167"", ""source"": ""csdl.vietnamtourism.gov.vn""}",
51,Đền thờ Đức ông Hoàng Cần (Miếu Đại Vương),,"xã Hải Lạng, Hải Lạng, Huyện Tiên Yên, Quảng Ninh",45,dia_danh,0.0,0.0,0.0,,,,,0.0,0,0,,2026-05-27 16:53:04,2026-05-27 16:53:04,active,"{""category"": ""dest"", ""detail_url"": ""https://csdl.vietnamtourism.gov.vn/dest/?item=1166"", ""email"": """", ""item_id"": ""1166"", ""source"": ""csdl.vietnamtourism.gov.vn""}",
52,Chợ Tiên Yên,,"Thị trấn Tiên Yên, Tiên Yên, Huyện Tiên Yên, Quảng Ninh",45,dia_danh,0.0,0.0,0.0,,,,,0.0,0,0,,2026-05-27 16:53:04,2026-05-27 16:53:04,active,"{""category"": ""dest"", ""detail_url"": ""https://csdl.vietnamtourism.gov.vn/dest/?item=1165"", ""email"": """", ""item_id"": ""1165"", ""source"": ""csdl.vietnamtourism.gov.vn""}",
53,Thác Pạc Sủi,,"xã Yên Than, huyện Tiên Yên, Huyện Tiên Yên, Quảng Ninh",45,dia_danh,0.0,0.0,0.0,,,,,0.0,0,0,,2026-05-27 16:53:04,2026-05-27 16:53:04,active,"{""category"": ""dest"", ""detail_url"": ""https://csdl.vietnamtourism.gov.vn/dest/?item=1164"", ""email"": """", ""item_id"": ""1164"", ""source"": ""csdl.vietnamtourism.gov.vn""}",
54,Cột mốc 1317(2) và cửa khẩu Hoành Mô,,"xã Hoành Mô, Hoành Mô, Huyện Bình Liêu, Quảng Ninh",45,dia_danh,0.0,0.0,0.0,,,,,0.0,0,0,,2026-05-27 16:53:04,2026-05-27 16:53:04,active,"{""category"": ""dest"", ""detail_url"": ""https://csdl.vietnamtourism.gov.vn/dest/?item=1163"", ""email"": """", ""item_id"": ""1163"", ""source"": ""csdl.vietnamtourism.gov.vn""}",
55,Chợ Đồng Văn,,"xẫ Đồng Văn, Huyện Bình Liêu, Quảng Ninh",45,dia_danh,0.0,0.0,0.0,,,,,0.0,0,0,,2026-05-27 16:53:04,2026-05-27 16:53:04,active,"{""category"": ""dest"", ""detail_url"": ""https://csdl.vietnamtourism.gov.vn/dest/?item=1162"", ""email"": """", ""item_id"": ""1162"", ""source"": ""csdl.vietnamtourism.gov.vn""}",
56,Chợ Trung tâm huyện Bình Liêu,,"thị trấn Bình Liêu, Bình Liêu, Huyện Bình Liêu, Quảng Ninh",45,dia_danh,0.0,0.0,0.0,,,,,0.0,0,0,,2026-05-27 16:53:04,2026-05-27 16:53:04,active,"{""category"": ""dest"", ""detail_url"": ""https://csdl.vietnamtourism.gov.vn/dest/?item=1161"", ""email"": """", ""item_id"": ""1161"", ""source"": ""csdl.vietnamtourism.gov.vn""}",
57,Đình Lục Nà,,"xẫ Lục Hồn, Lục Hồn, Huyện Bình Liêu, Quảng Ninh",45,dia_danh,0.0,0.0,0.0,,,,,0.0,0,0,,2026-05-27 16:53:04,2026-05-27 16:53:04,active,"{""category"": ""dest"", ""detail_url"": ""https://csdl.vietnamtourism.gov.vn/dest/?item=1160"", ""email"": """", ""item_id"": ""1160"", ""source"": ""csdl.vietnamtourism.gov.vn""}",
58,Thác Sông Moóc,,"xã Đồng Văn,, Huyện Bình Liêu, Quảng Ninh",45,dia_danh,0.0,0.0,0.0,,,,,0.0,0,0,,2026-05-27 16:53:04,2026-05-27 16:53:04,active,"{""category"": ""dest"", ""detail_url"": ""https://csdl.vietnamtourism.gov.vn/dest/?item=1159"", ""email"": """", ""item_id"": ""1159"", ""source"": ""csdl.vietnamtourism.gov.vn""}",
59,Thác Khe Tiền,,"xã Đồng Văn,, Huyện Bình Liêu, Quảng Ninh",45,dia_danh,0.0,0.0,0.0,,,,,0.0,0,0,,2026-05-27 16:53:04,2026-05-27 16:53:04,active,"{""category"": ""dest"", ""detail_url"": ""https://csdl.vietnamtourism.gov.vn/dest/?item=1158"", ""email"": """", ""item_id"": ""1158"", ""source"": ""csdl.vietnamtourism.gov.vn""}",
60,Thác Khe Vằn,,"xã Húc Động, huyện Bình Liêu., Huyện Bình Liêu, Quảng Ninh",45,dia_danh,0.0,0.0,0.0,,,,,0.0,0,0,,2026-05-27 16:53:04,2026-05-27 16:53:04,active,"{""category"": ""dest"", ""detail_url"": ""https://csdl.vietnamtourism.gov.vn/dest/?item=1157"", ""email"": """", ""item_id"": ""1157"", ""source"": ""csdl.vietnamtourism.gov.vn""}",
61,Bãi tắm Lương Ngọc,,"Khu 1A, Phường Quang Hanh, thành phố Cẩm Phả, Quang Hanh, Thành phố Cẩm Phả, Quảng Ninh",45,dia_danh,0.0,0.0,0.0,,,,,0.0,0,0,,2026-05-27 16:53:04,2026-05-27 16:53:04,active,"{""category"": ""dest"", ""detail_url"": ""https://csdl.vietnamtourism.gov.vn/dest/?item=1156"", ""email"": """", ""item_id"": ""1156"", ""source"": ""csdl.vietnamtourism.gov.vn""}",
62,Bãi tắm Quảng Hồng,,"Khu Nam Sơn 2, Phường Cẩm Sơn, thành phố Cẩm Phả , Thành phố Cẩm Phả, Quảng Ninh",45,dia_danh,0.0,0.0,0.0,,,,,0.0,0,0,,2026-05-27 16:53:04,2026-05-27 16:53:04,active,"{""category"": ""dest"", ""detail_url"": ""https://csdl.vietnamtourism.gov.vn/dest/?item=1155"", ""email"": """", ""item_id"": ""1155"", ""source"": ""csdl.vietnamtourism.gov.vn""}",
63,Trung tâm Khoáng nóng Địa chất,,"Ngõ 604 Trần Phú,Phường Cẩm Thạch, Thành phố Cẩm Phả, Quảng Ninh",45,dia_danh,0.0,0.0,0.0,,,,,0.0,0,0,,2026-05-27 16:53:04,2026-05-27 16:53:04,active,"{""category"": ""dest"", ""detail_url"": ""https://csdl.vietnamtourism.gov.vn/dest/?item=1154"", ""email"": """", ""item_id"": ""1154"", ""source"": ""csdl.vietnamtourism.gov.vn""}",
64,Khu di tích lịch sử - Văn hóa Đền Cửa Ông,,"Phường Cửa Ông, Thành phố Cẩm Phả, Quảng Ninh",45,dia_danh,0.0,0.0,0.0,,,,,0.0,0,0,,2026-05-27 16:53:04,2026-05-27 16:53:04,active,"{""category"": ""dest"", ""detail_url"": ""https://csdl.vietnamtourism.gov.vn/dest/?item=1152"", ""email"": """", ""item_id"": ""1152"", ""source"": ""csdl.vietnamtourism.gov.vn""}",
65,Khu di tích lịch sử và Danh thắng Vũng Đục,,"Khu Diêm Thủy, phường Cẩm Đông, Thành phố Cẩm Phả, Quảng Ninh",45,dia_danh,0.0,0.0,0.0,,,,,0.0,0,0,,2026-05-27 16:53:04,2026-05-27 16:53:04,active,"{""category"": ""dest"", ""detail_url"": ""https://csdl.vietnamtourism.gov.vn/dest/?item=1153"", ""email"": """", ""item_id"": ""1153"", ""source"": ""csdl.vietnamtourism.gov.vn""}",
66,Quảng Ninh Gate,,"Thôn Tâ xã Bình Dương, thị xã Đông Triều, An Sinh, Thị xã Đông Triều, Quảng Ninh",8,dia_danh,0.0,0.0,0.0,,,,,0.0,0,0,,2026-05-27 16:53:04,2026-05-27 16:53:04,active,"{""category"": ""dest"", ""detail_url"": ""https://csdl.vietnamtourism.gov.vn/dest/?item=1151"", ""email"": """", ""item_id"": ""1151"", ""source"": ""csdl.vietnamtourism.gov.vn""}",
67,Công viên Hà Lan,,"Khu Vĩnh Xuân phường Mạo Khê, Mạo Khê, Thị xã Đông Triều, Quảng Ninh",45,dia_danh,0.0,0.0,0.0,,,,,0.0,0,0,,2026-05-27 16:53:04,2026-05-27 16:53:04,active,"{""category"": ""dest"", ""detail_url"": ""https://csdl.vietnamtourism.gov.vn/dest/?item=1150"", ""email"": """", ""item_id"": ""1150"", ""source"": ""csdl.vietnamtourism.gov.vn""}",
68,Hồ Khe Chè,,"Thôn Ba Xã, xã An Sinh, Thị xã Đông Triều, Quảng Ninh",45,dia_danh,0.0,0.0,0.0,,,,,0.0,0,0,,2026-05-27 16:53:04,2026-05-27 16:53:04,active,"{""category"": ""dest"", ""detail_url"": ""https://csdl.vietnamtourism.gov.vn/dest/?item=1149"", ""email"": """", ""item_id"": ""1149"", ""source"": ""csdl.vietnamtourism.gov.vn""}",
69,Làng quê Yên Đức,,"Thôn Yên Khánh, xã Yên Đức, Thị xã Đông Triều, Quảng Ninh",45,dia_danh,0.0,0.0,0.0,,,,,0.0,0,0,,2026-05-27 16:53:04,2026-05-27 16:53:04,active,"{""category"": ""dest"", ""detail_url"": ""https://csdl.vietnamtourism.gov.vn/dest/?item=1148"", ""email"": """", ""item_id"": ""1148"", ""source"": ""csdl.vietnamtourism.gov.vn""}",
70,Cụm di tích lịch sử cách mạng khu mỏ than Mạo Khê,,"Khu Vĩnh Lập, phường Mạo Khê,, Mạo Khê, Thị xã Đông Triều, Quảng Ninh",45,dia_danh,0.0,0.0,0.0,,,,,0.0,0,0,,2026-05-27 16:53:04,2026-05-27 16:53:04,active,"{""category"": ""dest"", ""detail_url"": ""https://csdl.vietnamtourism.gov.vn/dest/?item=1147"", ""email"": """", ""item_id"": ""1147"", ""source"": ""csdl.vietnamtourism.gov.vn""}",
71,Trung tâm chiến khu Đông Triều - chùa Bắc Mã,,"Thôn Bắc Mã, xã Bình Dương, An Sinh, Thị xã Đông Triều, Quảng Ninh",8,dia_danh,0.0,0.0,0.0,,,,,0.0,0,0,,2026-05-27 16:53:04,2026-05-27 16:53:04,active,"{""category"": ""dest"", ""detail_url"": ""https://csdl.vietnamtourism.gov.vn/dest/?item=1146"", ""email"": """", ""item_id"": ""1146"", ""source"": ""csdl.vietnamtourism.gov.vn""}",
72,Chùa Hồ Thiên,,"Thôn Phú Ninh, xã Bình Khê, thị xã Đông Triều, Bình Khê, Thị xã Đông Triều, Quảng Ninh",45,dia_danh,0.0,0.0,0.0,,,,,0.0,0,0,,2026-05-27 16:53:04,2026-05-27 16:53:04,active,"{""category"": ""dest"", ""detail_url"": ""https://csdl.vietnamtourism.gov.vn/dest/?item=1145"", ""email"": """", ""item_id"": ""1145"", ""source"": ""csdl.vietnamtourism.gov.vn""}",
73,Chùa Quỳnh Lâm,,"phường Tràng An, Thị xã Đông Triều, Quảng Ninh",45,dia_danh,0.0,0.0,0.0,,,,,0.0,0,0,,2026-05-27 16:53:04,2026-05-27 16:53:04,active,"{""category"": ""dest"", ""detail_url"": ""https://csdl.vietnamtourism.gov.vn/dest/?item=1144"", ""email"": """", ""item_id"": ""1144"", ""source"": ""csdl.vietnamtourism.gov.vn""}",
74,Đền Thái,,"Thôn Trại Lốc, xã An Sinh, Thị xã Đông Triều, Quảng Ninh",45,dia_danh,0.0,0.0,0.0,,,,,0.0,0,0,,2026-05-27 16:53:04,2026-05-27 16:53:04,active,"{""category"": ""dest"", ""detail_url"": ""https://csdl.vietnamtourism.gov.vn/dest/?item=1143"", ""email"": """", ""item_id"": ""1143"", ""source"": ""csdl.vietnamtourism.gov.vn""}",
75,Đền An Sinh,,"Thôn Nghĩa Hưng, xã An Sinh, thị xã Đông Triều, Thị xã Đông Triều, Quảng Ninh",45,dia_danh,0.0,0.0,0.0,,,,,0.0,0,0,,2026-05-27 16:53:04,2026-05-27 16:53:04,active,"{""category"": ""dest"", ""detail_url"": ""https://csdl.vietnamtourism.gov.vn/dest/?item=1142"", ""email"": """", ""item_id"": ""1142"", ""source"": ""csdl.vietnamtourism.gov.vn""}",
76,Chợ Rừng,,"Phường Quảng Yên, Quảng Yên, Thị xã Quảng Yên, Quảng Ninh",45,dia_danh,0.0,0.0,0.0,,,,,0.0,0,0,,2026-05-27 16:53:04,2026-05-27 16:53:04,active,"{""category"": ""dest"", ""detail_url"": ""https://csdl.vietnamtourism.gov.vn/dest/?item=1141"", ""email"": """", ""item_id"": ""1141"", ""source"": ""csdl.vietnamtourism.gov.vn""}",
77,Làng nghề truyền thống Hưng Học,,"phường Nam Hòa, Thị xã Quảng Yên, Quảng Ninh",45,dia_danh,0.0,0.0,0.0,,,,,0.0,0,0,,2026-05-27 16:53:04,2026-05-27 16:53:04,active,"{""category"": ""dest"", ""detail_url"": ""https://csdl.vietnamtourism.gov.vn/dest/?item=1140"", ""email"": """", ""item_id"": ""1140"", ""source"": ""csdl.vietnamtourism.gov.vn""}",
78,Thác Mơ,,"Khu Lâm Sinh 2,Phường Minh Thành, Thị xã Quảng Yên, Quảng Ninh",45,dia_danh,0.0,0.0,0.0,,,,,0.0,0,0,,2026-05-27 16:53:04,2026-05-27 16:53:04,active,"{""category"": ""dest"", ""detail_url"": ""https://csdl.vietnamtourism.gov.vn/dest/?item=1139"", ""email"": """", ""item_id"": ""1139"", ""source"": ""csdl.vietnamtourism.gov.vn""}",
79,Chùa Yên Mỹ,,"xã Lê Lợi, thành phố Hạ Long, Thành phố Hạ Long, Quảng Ninh",45,dia_danh,0.0,0.0,0.0,,,,,0.0,0,0,,2026-05-27 16:53:04,2026-05-27 16:53:04,active,"{""category"": ""dest"", ""detail_url"": ""https://csdl.vietnamtourism.gov.vn/dest/?item=1138"", ""email"": """", ""item_id"": ""1138"", ""source"": ""csdl.vietnamtourism.gov.vn""}",
80,Đền thờ Tiến sỹ Vũ Phi Hổ,,"xã Lê Lợi, thành phố Hạ Long, Thành phố Hạ Long, Quảng Ninh",45,dia_danh,0.0,0.0,0.0,,,,,0.0,0,0,,2026-05-27 16:53:04,2026-05-27 16:53:04,active,"{""category"": ""dest"", ""detail_url"": ""https://csdl.vietnamtourism.gov.vn/dest/?item=1137"", ""email"": """", ""item_id"": ""1137"", ""source"": ""csdl.vietnamtourism.gov.vn""}",
81,Đền thờ Vua Lê Thái Tổ,,"xã Lê Lợi, thành phố Hạ Long, Thành phố Hạ Long, Quảng Ninh",45,dia_danh,0.0,0.0,0.0,,,,,0.0,0,0,,2026-05-27 16:53:04,2026-05-27 16:53:04,active,"{""category"": ""dest"", ""detail_url"": ""https://csdl.vietnamtourism.gov.vn/dest/?item=1136"", ""email"": """", ""item_id"": ""1136"", ""source"": ""csdl.vietnamtourism.gov.vn""}",
82,Miếu Tiên Công,,"Thôn Cẩm Thành, xã Cẩm La xã Cẩm La, Thị xã Quảng Yên, Quảng Ninh",45,dia_danh,0.0,0.0,0.0,,,,,0.0,0,0,,2026-05-27 16:53:04,2026-05-27 16:53:04,active,"{""category"": ""dest"", ""detail_url"": ""https://csdl.vietnamtourism.gov.vn/dest/?item=1135"", ""email"": """", ""item_id"": ""1135"", ""source"": ""csdl.vietnamtourism.gov.vn""}",
83,Chùa Yên Giang,,"Khu 2, phường Yên Giang, Thị xã Quảng Yên, Quảng Ninh",45,dia_danh,0.0,0.0,0.0,,,,,0.0,0,0,,2026-05-27 16:53:04,2026-05-27 16:53:04,active,"{""category"": ""dest"", ""detail_url"": ""https://csdl.vietnamtourism.gov.vn/dest/?item=1134"", ""email"": """", ""item_id"": ""1134"", ""source"": ""csdl.vietnamtourism.gov.vn""}",
84,"Đình, chùa Yên Đông",,"Khu 3, phường Yên Hải, thị xã Quảng Yên, Thị xã Quảng Yên, Quảng Ninh",45,dia_danh,0.0,0.0,0.0,,,,,0.0,0,0,,2026-05-27 16:53:04,2026-05-27 16:53:04,active,"{""category"": ""dest"", ""detail_url"": ""https://csdl.vietnamtourism.gov.vn/dest/?item=1133"", ""email"": """", ""item_id"": ""1133"", ""source"": ""csdl.vietnamtourism.gov.vn""}",
85,Nhà thờ họ Lê,,"Khu 5, phường Phong Cốc, thị xã Quảng Yên, Phong Cốc, Thị xã Quảng Yên, Quảng Ninh",45,dia_danh,0.0,0.0,0.0,,,,,0.0,0,0,,2026-05-27 16:53:04,2026-05-27 16:53:04,active,"{""category"": ""dest"", ""detail_url"": ""https://csdl.vietnamtourism.gov.vn/dest/?item=1132"", ""email"": """", ""item_id"": ""1132"", ""source"": ""csdl.vietnamtourism.gov.vn""}",
86,Đình Phong Cốc,,"Khu 4, phường Phong Cốc, thị xã Quảng Yên, Phong Cốc, Thị xã Quảng Yên, Quảng Ninh",45,dia_danh,0.0,0.0,0.0,,,,,0.0,0,0,,2026-05-27 16:53:04,2026-05-27 16:53:04,active,"{""category"": ""dest"", ""detail_url"": ""https://csdl.vietnamtourism.gov.vn/dest/?item=1131"", ""email"": """", ""item_id"": ""1131"", ""source"": ""csdl.vietnamtourism.gov.vn""}",
87,Hai cây Lim Giếng Rừng,,"Khu 5, phường Quảng Yên, thị xã Quảng Yên, Quảng Yên, Thị xã Quảng Yên, Quảng Ninh",45,dia_danh,0.0,0.0,0.0,,,,,0.0,0,0,,2026-05-27 16:53:04,2026-05-27 16:53:04,active,"{""category"": ""dest"", ""detail_url"": ""https://csdl.vietnamtourism.gov.vn/dest/?item=1130"", ""email"": """", ""item_id"": ""1130"", ""source"": ""csdl.vietnamtourism.gov.vn""}",
88,Bảo tàng Bạch Đằng,,"Khu 5, phường Quảng Yên, thị xã Quảng Yên, Quảng Yên, Thị xã Quảng Yên, Quảng Ninh",45,dia_danh,0.0,0.0,0.0,,,,,0.0,0,0,,2026-05-27 16:53:04,2026-05-27 16:53:04,active,"{""category"": ""dest"", ""detail_url"": ""https://csdl.vietnamtourism.gov.vn/dest/?item=1129"", ""email"": """", ""item_id"": ""1129"", ""source"": ""csdl.vietnamtourism.gov.vn""}",
89,Khu trung tâm di tích lịch sử Bạch Đằng,,"Khu 6, phường Yên Giang, Thị xã Quảng Yên, Quảng Ninh",45,dia_danh,0.0,0.0,0.0,,,,,0.0,0,0,,2026-05-27 16:53:04,2026-05-27 16:53:04,active,"{""category"": ""dest"", ""detail_url"": ""https://csdl.vietnamtourism.gov.vn/dest/?item=1128"", ""email"": """", ""item_id"": ""1128"", ""source"": ""csdl.vietnamtourism.gov.vn""}",
90,Quần thể danh lam thắng cảnh Núi Mằn,,"xã Thống Nhất, thành phố Hạ Long, Thống Nhất, Thành phố Hạ Long, Quảng Ninh",45,dia_danh,0.0,0.0,0.0,,,,,0.0,0,0,,2026-05-27 16:53:04,2026-05-27 16:53:04,active,"{""category"": ""dest"", ""detail_url"": ""https://csdl.vietnamtourism.gov.vn/dest/?item=1127"", ""email"": """", ""item_id"": ""1127"", ""source"": ""csdl.vietnamtourism.gov.vn""}",
91,Nhà hàng Bamboo Sông Chanh,,"Khu Bắc Cầu Sông Chanh, Quảng Yên, Thị xã Quảng Yên, Quảng Ninh",45,nha_hang,0.0,0.0,0.0,,,020389555999,,0.0,0,0,,2026-05-27 16:53:04,2026-05-27 16:53:04,active,"{""category"": ""rest"", ""detail_url"": ""https://csdl.vietnamtourism.gov.vn/rest/?item=2658"", ""email"": """", ""item_id"": ""2658"", ""source"": ""csdl.vietnamtourism.gov.vn""}",
92,Nhà hàng Hải sản Bà Niềm,,"Shophouse Vincom Plaza Móng Cái, Móng Cái 1, Thành phố Móng Cái, Quảng Ninh",45,nha_hang,0.0,0.0,0.0,,,0913264587,,0.0,0,0,,2026-05-27 16:53:04,2026-05-27 16:53:04,active,"{""category"": ""rest"", ""detail_url"": ""https://csdl.vietnamtourism.gov.vn/rest/?item=2657"", ""email"": """", ""item_id"": ""2657"", ""source"": ""csdl.vietnamtourism.gov.vn""}",
93,Trung tâm Thương mại Vincom Plaza Móng Cái,,"Đường Đại lộ Hòa Bình, Móng Cái 1, Thành phố Móng Cái, Quảng Ninh",45,nha_hang,0.0,0.0,0.0,,,0385111666,,0.0,0,0,,2026-05-27 16:53:04,2026-05-27 16:53:04,active,"{""category"": ""rest"", ""detail_url"": ""https://csdl.vietnamtourism.gov.vn/rest/?item=2656"", ""email"": """", ""item_id"": ""2656"", ""source"": ""csdl.vietnamtourism.gov.vn""}",
94,Trung tâm thương mại Vincom Plaza Hạ Long,,"Đường Trần Quốc Nghiễn, Thành phố Hạ Long, Quảng Ninh",45,nha_hang,0.0,0.0,0.0,,,02036281818,,0.0,0,0,,2026-05-27 16:53:04,2026-05-27 16:53:04,active,"{""category"": ""rest"", ""detail_url"": ""https://csdl.vietnamtourism.gov.vn/rest/?item=2655"", ""email"": """", ""item_id"": ""2655"", ""source"": ""csdl.vietnamtourism.gov.vn""}",
95,Nhà hàng Happy,,"39 Trần Bình Trọng, P. Phú Thọ, TP. Thủ Dầu Một, Thành phố Thủ Dầu Một, Bình Dương",8,nha_hang,0.0,0.0,0.0,,,0933462371,,0.0,0,0,,2026-05-27 16:53:04,2026-05-27 16:53:04,active,"{""category"": ""rest"", ""detail_url"": ""https://csdl.vietnamtourism.gov.vn/rest/?item=2654"", ""email"": """", ""item_id"": ""2654"", ""source"": ""csdl.vietnamtourism.gov.vn""}",
96,Nhà Hàng 18E,,"58 Đại Lộ Bình Dương, Phú Lợi, Thành phố Thủ Dầu Một, Bình Dương",8,nha_hang,0.0,0.0,0.0,,,02740908972655,https://www.nhahang18.com,0.0,0,0,,2026-05-27 16:53:04,2026-05-27 16:53:04,active,"{""category"": ""rest"", ""detail_url"": ""https://csdl.vietnamtourism.gov.vn/rest/?item=2653"", ""email"": ""nhahang18e@gmail.com"", ""item_id"": ""2653"", ""source"": ""csdl.vietnamtourism.gov.vn""}",
97,Vườn Ẩm Thực Đông Hồ,,"225 Đại Lộ Bình Dương, Thành phố Thủ Dầu Một, Bình Dương",8,nha_hang,0.0,0.0,0.0,,,02740842226226,https://www.amthucdongho.com,0.0,0,0,,2026-05-27 16:53:04,2026-05-27 16:53:04,active,"{""category"": ""rest"", ""detail_url"": ""https://csdl.vietnamtourism.gov.vn/rest/?item=2652"", ""email"": """", ""item_id"": ""2652"", ""source"": ""csdl.vietnamtourism.gov.vn""}",
98,Nhà hàng Victory,,"Đường 23 Tháng 3, Đông Gia Nghĩa, Thị xã Gia Nghĩa, Đắc Nông",14,nha_hang,0.0,0.0,0.0,,,,,0.0,0,0,,2026-05-27 16:53:04,2026-05-27 16:53:04,active,"{""category"": ""rest"", ""detail_url"": ""https://csdl.vietnamtourism.gov.vn/rest/?item=2651"", ""email"": """", ""item_id"": ""2651"", ""source"": ""csdl.vietnamtourism.gov.vn""}",
99,Nhà hàng Sơn Mã,,"34 Quang Trung, Đông Gia Nghĩa, Thị xã Gia Nghĩa, Đắc Nông",14,nha_hang,0.0,0.0,0.0,,,02610913444770,,0.0,0,0,,2026-05-27 16:53:04,2026-05-27 16:53:04,active,"{""category"": ""rest"", ""detail_url"": ""https://csdl.vietnamtourism.gov.vn/rest/?item=2650"", ""email"": """", ""item_id"": ""2650"", ""source"": ""csdl.vietnamtourism.gov.vn""}",
100,Nhà hàng Phương Thủy,,"Đường vành đai Hồ Tây, Đức Lập, Huyện Đắk Mil, Đắc Nông",14,nha_hang,0.0,0.0,0.0,,,02610905961848,,0.0,0,0,,2026-05-27 16:53:04,2026-05-27 16:53:04,active,"{""category"": ""rest"", ""detail_url"": ""https://csdl.vietnamtourism.gov.vn/rest/?item=2649"", ""email"": """", ""item_id"": ""2649"", ""source"": ""csdl.vietnamtourism.gov.vn""}",
101,Nhà hàng Ngọc Thảo,,"Thôn 3, Xã Kiến Thành, Kiến Đức, Huyện Đắk R'Lấp, Đắc Nông",22,nha_hang,0.0,0.0,0.0,,,02610914098551,,0.0,0,0,,2026-05-27 16:53:04,2026-05-27 16:53:04,active,"{""category"": ""rest"", ""detail_url"": ""https://csdl.vietnamtourism.gov.vn/rest/?item=2648"", ""email"": """", ""item_id"": ""2648"", ""source"": ""csdl.vietnamtourism.gov.vn""}",
102,Nhà hàng K'Jang,,"Bon Păng So, Tà Đùng, Huyện Đăk Glong, Đắc Nông",14,nha_hang,0.0,0.0,0.0,,,02610932689968,,0.0,0,0,,2026-05-27 16:53:04,2026-05-27 16:53:04,active,"{""category"": ""rest"", ""detail_url"": ""https://csdl.vietnamtourism.gov.vn/rest/?item=2647"", ""email"": """", ""item_id"": ""2647"", ""source"": ""csdl.vietnamtourism.gov.vn""}",
103,Nhà hàng Hướng Liễu,,"Tổ dân phố 1, Đông Gia Nghĩa, Thị xã Gia Nghĩa, Đắc Nông",14,nha_hang,0.0,0.0,0.0,,,02610904583207,http://nhahanghuonglieusunflower.com/,0.0,0,0,,2026-05-27 16:53:04,2026-05-27 16:53:04,active,"{""category"": ""rest"", ""detail_url"": ""https://csdl.vietnamtourism.gov.vn/rest/?item=2646"", ""email"": ""nhahanghuonglieusunflower@gmail.com"", ""item_id"": ""2646"", ""source"": ""csdl.vietnamtourism.gov.vn""}",
104,Trung Khàn Quán,,"08 Điện Biên Phủ, Ea Drăng, Huyện Ea H'leo, Đắc Lắk",15,nha_hang,0.0,0.0,0.0,,,02620977488049,,0.0,0,0,,2026-05-27 16:53:04,2026-05-27 16:53:04,active,"{""category"": ""rest"", ""detail_url"": ""https://csdl.vietnamtourism.gov.vn/rest/?item=2645"", ""email"": """", ""item_id"": ""2645"", ""source"": ""csdl.vietnamtourism.gov.vn""}",
105,Mỹ Nhung Quán,,"86 Nguyễn Trãi, Thị Xã Buôn Hồ, Đắc Lắk",13,nha_hang,0.0,0.0,0.0,,,,,0.0,0,0,,2026-05-27 16:53:04,2026-05-27 16:53:04,active,"{""category"": ""rest"", ""detail_url"": ""https://csdl.vietnamtourism.gov.vn/rest/?item=2644"", ""email"": """", ""item_id"": ""2644"", ""source"": ""csdl.vietnamtourism.gov.vn""}",
106,Điền Trang Hoa Mai 3,,"339 Nguyền Đình Chiểu, Thành phố Buôn Ma Thuột, Đắc Lắk",0,nha_hang,0.0,0.0,0.0,,,02620961959339,,0.0,0,0,,2026-05-27 16:53:04,2026-05-27 16:53:04,active,"{""category"": ""rest"", ""detail_url"": ""https://csdl.vietnamtourism.gov.vn/rest/?item=2643"", ""email"": """", ""item_id"": ""2643"", ""source"": ""csdl.vietnamtourism.gov.vn""}",
107,Nhà hàng Biệt Điện,,"01 Ngô Quyền, Buôn Ma Thuột, Thành phố Buôn Ma Thuột, Đắc Lắk",0,nha_hang,0.0,0.0,0.0,,,02623954299,,0.0,0,0,,2026-05-27 16:53:04,2026-05-27 16:53:04,active,"{""category"": ""rest"", ""detail_url"": ""https://csdl.vietnamtourism.gov.vn/rest/?item=2642"", ""email"": """", ""item_id"": ""2642"", ""source"": ""csdl.vietnamtourism.gov.vn""}",
108,Ẩm thực hồ câu Khánh Hà,,", Ea Wer, Huyện Buôn Đôn, Đắc Lắk",0,nha_hang,0.0,0.0,0.0,,,02620913199932,,0.0,0,0,,2026-05-27 16:53:04,2026-05-27 16:53:04,active,"{""category"": ""rest"", ""detail_url"": ""https://csdl.vietnamtourism.gov.vn/rest/?item=2641"", ""email"": """", ""item_id"": ""2641"", ""source"": ""csdl.vietnamtourism.gov.vn""}",
109,Nhà hàng Galaxy,,"311 Trần Văn Hai, Thành phố Kon Tum, Kon Tum",30,nha_hang,0.0,0.0,0.0,,,02602489779,,0.0,0,0,,2026-05-27 16:53:04,2026-05-27 16:53:04,active,"{""category"": ""rest"", ""detail_url"": ""https://csdl.vietnamtourism.gov.vn/rest/?item=2640"", ""email"": """", ""item_id"": ""2640"", ""source"": ""csdl.vietnamtourism.gov.vn""}",
110,Nhà hàng Cô Ba,,"173 Kapakolong, Thành phố Kon Tum, Kon Tum",30,nha_hang,0.0,0.0,0.0,,,02600369231983,,0.0,0,0,,2026-05-27 16:53:04,2026-05-27 16:53:04,active,"{""category"": ""rest"", ""detail_url"": ""https://csdl.vietnamtourism.gov.vn/rest/?item=2639"", ""email"": """", ""item_id"": ""2639"", ""source"": ""csdl.vietnamtourism.gov.vn""}",
111,BBQ Su Bông,,"15 Phan Bội Châu, Bờ Y, Huyện Ngọc Hồi, Kon Tum",30,nha_hang,0.0,0.0,0.0,,,02600979221821,,0.0,0,0,,2026-05-27 16:53:04,2026-05-27 16:53:04,active,"{""category"": ""rest"", ""detail_url"": ""https://csdl.vietnamtourism.gov.vn/rest/?item=2638"", ""email"": """", ""item_id"": ""2638"", ""source"": ""csdl.vietnamtourism.gov.vn""}",
112,Ẩm thực Nướng,,"426 Nguyễn Huệ, Thành phố Kon Tum, Kon Tum",30,nha_hang,0.0,0.0,0.0,,,02600366461197,,0.0,0,0,,2026-05-27 16:53:04,2026-05-27 16:53:04,active,"{""category"": ""rest"", ""detail_url"": ""https://csdl.vietnamtourism.gov.vn/rest/?item=2637"", ""email"": """", ""item_id"": ""2637"", ""source"": ""csdl.vietnamtourism.gov.vn""}",
113,Ẩm thực Á Đông,,"61A Trần Cao Vân, Thành phố Kon Tum, Kon Tum",30,nha_hang,0.0,0.0,0.0,,,02603858179,,0.0,0,0,,2026-05-27 16:53:04,2026-05-27 16:53:04,active,"{""category"": ""rest"", ""detail_url"": ""https://csdl.vietnamtourism.gov.vn/rest/?item=2636"", ""email"": """", ""item_id"": ""2636"", ""source"": ""csdl.vietnamtourism.gov.vn""}",
114,Nhà hàng Tây Nguyên,,"515 Phú Riềng Đỗ, Thị xã Đồng Xoài, Bình Phước",9,nha_hang,0.0,0.0,0.0,,,02713870459,,0.0,0,0,,2026-05-27 16:53:04,2026-05-27 16:53:04,active,"{""category"": ""rest"", ""detail_url"": ""https://csdl.vietnamtourism.gov.vn/rest/?item=2635"", ""email"": """", ""item_id"": ""2635"", ""source"": ""csdl.vietnamtourism.gov.vn""}",
115,Nhà Hàng Sao Biển,,"16 Ấp Bà Điều, Thành phố Cà Mau, Cà Mau",11,nha_hang,0.0,0.0,0.0,,,02900912967481,,0.0,0,0,,2026-05-27 16:53:04,2026-05-27 16:53:04,active,"{""category"": ""rest"", ""detail_url"": ""https://csdl.vietnamtourism.gov.vn/rest/?item=2634"", ""email"": """", ""item_id"": ""2634"", ""source"": ""csdl.vietnamtourism.gov.vn""}",
116,Nhà hàng Nhị Đệ,,"Quản Lộ - Phụng Hiệp, Tân Thành, Thành phố Cà Mau, Cà Mau",11,nha_hang,0.0,0.0,0.0,,,02900919345939,,0.0,0,0,,2026-05-27 16:53:04,2026-05-27 16:53:04,active,"{""category"": ""rest"", ""detail_url"": ""https://csdl.vietnamtourism.gov.vn/rest/?item=2633"", ""email"": """", ""item_id"": ""2633"", ""source"": ""csdl.vietnamtourism.gov.vn""}",
117,Nhà Hàng Hoàng Kim,,"126A Phan Ngọc Hiển, Thành phố Cà Mau, Cà Mau",11,nha_hang,0.0,0.0,0.0,,,02900917404113,,0.0,0,0,,2026-05-27 16:53:04,2026-05-27 16:53:04,active,"{""category"": ""rest"", ""detail_url"": ""https://csdl.vietnamtourism.gov.vn/rest/?item=2632"", ""email"": """", ""item_id"": ""2632"", ""source"": ""csdl.vietnamtourism.gov.vn""}",
118,Nhà hàng Tân Tân,,"153A Nguyễn Đình Chiểu, Lý Văn Lâm, Thành phố Cà Mau, Cà Mau",11,nha_hang,0.0,0.0,0.0,,,02903820404,,0.0,0,0,,2026-05-27 16:53:04,2026-05-27 16:53:04,active,"{""category"": ""rest"", ""detail_url"": ""https://csdl.vietnamtourism.gov.vn/rest/?item=2631"", ""email"": """", ""item_id"": ""2631"", ""source"": ""csdl.vietnamtourism.gov.vn""}",
119,Nhà hàng Vân Thủy,,"Đảo Uyên Ương, 3b 1 Tháng 5, Thành phố Cà Mau, Cà Mau",11,nha_hang,0.0,0.0,0.0,,,02903830969,,0.0,0,0,,2026-05-27 16:53:04,2026-05-27 16:53:04,active,"{""category"": ""rest"", ""detail_url"": ""https://csdl.vietnamtourism.gov.vn/rest/?item=2630"", ""email"": """", ""item_id"": ""2630"", ""source"": ""csdl.vietnamtourism.gov.vn""}",
120,Nhà hàng Cua 1 Càng,,"75 đường Võ Văn Tần, Đồng Nai",16,nha_hang,0.0,0.0,0.0,,,02510975538939,,0.0,0,0,,2026-05-27 16:53:04,2026-05-27 16:53:04,active,"{""category"": ""rest"", ""detail_url"": ""https://csdl.vietnamtourism.gov.vn/rest/?item=2629"", ""email"": """", ""item_id"": ""2629"", ""source"": ""csdl.vietnamtourism.gov.vn""}",
121,Nhà hàng TomBay,,"379 Lê Quý Đôn, Thị xã Đồng Xoài, Bình Phước",9,nha_hang,0.0,0.0,0.0,,,02713737379,,0.0,0,0,,2026-05-27 16:53:04,2026-05-27 16:53:04,active,"{""category"": ""rest"", ""detail_url"": ""https://csdl.vietnamtourism.gov.vn/rest/?item=2625"", ""email"": """", ""item_id"": ""2625"", ""source"": ""csdl.vietnamtourism.gov.vn""}",
122,Nhà hàng hải sản Hương Biển,,"869-871 Phú Riềng Đỗ, Thị xã Đồng Xoài, Bình Phước",9,nha_hang,0.0,0.0,0.0,,,02713885526,,0.0,0,0,,2026-05-27 16:53:04,2026-05-27 16:53:04,active,"{""category"": ""rest"", ""detail_url"": ""https://csdl.vietnamtourism.gov.vn/rest/?item=2624"", ""email"": """", ""item_id"": ""2624"", ""source"": ""csdl.vietnamtourism.gov.vn""}",
123,Nhà hàng Hoàng Anh,,"Đường Nguyễn Huệ, Thị xã Đồng Xoài, Bình Phước",9,nha_hang,0.0,0.0,0.0,,,02710989140500,,0.0,0,0,,2026-05-27 16:53:04,2026-05-27 16:53:04,active,"{""category"": ""rest"", ""detail_url"": ""https://csdl.vietnamtourism.gov.vn/rest/?item=2623"", ""email"": """", ""item_id"": ""2623"", ""source"": ""csdl.vietnamtourism.gov.vn""}",
124,Nhà hàng Sen Việt,,"138 Lê Duẩn, Thành phố Pleiku",18,nha_hang,0.0,0.0,0.0,,,,,0.0,0,0,,2026-05-27 16:53:04,2026-05-27 16:53:04,active,"{""category"": ""rest"", ""detail_url"": ""https://csdl.vietnamtourism.gov.vn/rest/?item=2622"", ""email"": """", ""item_id"": ""2622"", ""source"": ""csdl.vietnamtourism.gov.vn""}",
125,Nhà hàng Sê San Xanh,,"57 Lê Quý Đôn, Thành phố Pleiku",18,nha_hang,0.0,0.0,0.0,,,,,0.0,0,0,,2026-05-27 16:53:04,2026-05-27 16:53:04,active,"{""category"": ""rest"", ""detail_url"": ""https://csdl.vietnamtourism.gov.vn/rest/?item=2621"", ""email"": """", ""item_id"": ""2621"", ""source"": ""csdl.vietnamtourism.gov.vn""}",
126,Phở Hồng - Phở khô Gia Lai,,"24 Nguyễn Văn Trỗi, Thành phố Pleiku",18,nha_hang,0.0,0.0,0.0,,,0905423939,,0.0,0,0,,2026-05-27 16:53:04,2026-05-27 16:53:04,active,"{""category"": ""rest"", ""detail_url"": ""https://csdl.vietnamtourism.gov.vn/rest/?item=2620"", ""email"": """", ""item_id"": ""2620"", ""source"": ""csdl.vietnamtourism.gov.vn""}",
127,Nhà hàng Ngon 3 miền,,"158 Hai Bà Trưng, Thành phố Pleiku",18,nha_hang,0.0,0.0,0.0,,,,,0.0,0,0,,2026-05-27 16:53:04,2026-05-27 16:53:04,active,"{""category"": ""rest"", ""detail_url"": ""https://csdl.vietnamtourism.gov.vn/rest/?item=2619"", ""email"": """", ""item_id"": ""2619"", ""source"": ""csdl.vietnamtourism.gov.vn""}",
128,Nhà hàng Ngói Nâu,,"120 Nguyễn Thái Học, Thành phố Pleiku",18,nha_hang,0.0,0.0,0.0,,,0932517688,,0.0,0,0,,2026-05-27 16:53:04,2026-05-27 16:53:04,active,"{""category"": ""rest"", ""detail_url"": ""https://csdl.vietnamtourism.gov.vn/rest/?item=2618"", ""email"": ""quocv79@gmail.com"", ""item_id"": ""2618"", ""source"": ""csdl.vietnamtourism.gov.vn""}",
129,Nhà hàng Hoa Giấy,,"42 Hoàng Văn Thụ, Thành phố Pleiku",18,nha_hang,0.0,0.0,0.0,,,,,0.0,0,0,,2026-05-27 16:53:04,2026-05-27 16:53:04,active,"{""category"": ""rest"", ""detail_url"": ""https://csdl.vietnamtourism.gov.vn/rest/?item=2617"", ""email"": """", ""item_id"": ""2617"", ""source"": ""csdl.vietnamtourism.gov.vn""}",
130,Nhà hàng Biển Hồ Xanh,,"662 Phạm Văn Đồng, Thống Nhất, Thành phố Pleiku",18,nha_hang,0.0,0.0,0.0,,,,,0.0,0,0,,2026-05-27 16:53:04,2026-05-27 16:53:04,active,"{""category"": ""rest"", ""detail_url"": ""https://csdl.vietnamtourism.gov.vn/rest/?item=2616"", ""email"": """", ""item_id"": ""2616"", ""source"": ""csdl.vietnamtourism.gov.vn""}",
131,Nhà hàng Bazan,,"480 Lê Duẩn, Thành phố Pleiku",18,nha_hang,0.0,0.0,0.0,,,,,0.0,0,0,,2026-05-27 16:53:04,2026-05-27 16:53:04,active,"{""category"": ""rest"", ""detail_url"": ""https://csdl.vietnamtourism.gov.vn/rest/?item=2615"", ""email"": """", ""item_id"": ""2615"", ""source"": ""csdl.vietnamtourism.gov.vn""}",
132,Nhà hàng Ngọc Châu,,"111 đường 3/2, Thành phố Vị Thanh, Hậu Giang",25,nha_hang,0.0,0.0,0.0,,,02933583838,,0.0,0,0,,2026-05-27 16:53:04,2026-05-27 16:53:04,active,"{""category"": ""rest"", ""detail_url"": ""https://csdl.vietnamtourism.gov.vn/rest/?item=2614"", ""email"": """", ""item_id"": ""2614"", ""source"": ""csdl.vietnamtourism.gov.vn""}",
133,Nhà hàng Gia Bảo,,"Đường Đoàn Văn Chia, Ngã Bảy, Thị xã Ngã Bảy, Hậu Giang",25,nha_hang,0.0,0.0,0.0,,,02930919867222,,0.0,0,0,,2026-05-27 16:53:04,2026-05-27 16:53:04,active,"{""category"": ""rest"", ""detail_url"": ""https://csdl.vietnamtourism.gov.vn/rest/?item=2613"", ""email"": """", ""item_id"": ""2613"", ""source"": ""csdl.vietnamtourism.gov.vn""}",
134,Nhà hàng Hoa Tiên,,"6A Trần Hưng Đạo, TX Long Mỹ, Long Mỹ, Thị xã Long Mỹ, Hậu Giang",25,nha_hang,0.0,0.0,0.0,,,02933510999,,0.0,0,0,,2026-05-27 16:53:04,2026-05-27 16:53:04,active,"{""category"": ""rest"", ""detail_url"": ""https://csdl.vietnamtourism.gov.vn/rest/?item=2612"", ""email"": """", ""item_id"": ""2612"", ""source"": ""csdl.vietnamtourism.gov.vn""}",
135,Quán Đối Chứng,,"25 Nguyễn Công Trứ, KV 4, Thành phố Vị Thanh, Hậu Giang",25,nha_hang,0.0,0.0,0.0,,,02933878148,,0.0,0,0,,2026-05-27 16:53:04,2026-05-27 16:53:04,active,"{""category"": ""rest"", ""detail_url"": ""https://csdl.vietnamtourism.gov.vn/rest/?item=2611"", ""email"": """", ""item_id"": ""2611"", ""source"": ""csdl.vietnamtourism.gov.vn""}",
136,Hạ Long Pearl farm,,"Vụng Tùng Sâu, đảo Bồ Hòn, vịnh Hạ Long, Bãi Cháy, Thành phố Hạ Long, Quảng Ninh",45,mua_sam,0.0,0.0,0.0,,,02033511519,,0.0,0,0,,2026-05-27 16:53:04,2026-05-27 16:53:04,active,"{""category"": ""shop"", ""detail_url"": ""https://csdl.vietnamtourism.gov.vn/shop/?item=737"", ""email"": """", ""item_id"": ""737"", ""source"": ""csdl.vietnamtourism.gov.vn""}",
137,Hạ Long Pearl farm II,,"Vụng Vông Viêng, vịnh Hạ Long, Bãi Cháy, Thành phố Hạ Long, Quảng Ninh",45,mua_sam,0.0,0.0,0.0,,,02033511519,,0.0,0,0,,2026-05-27 16:53:04,2026-05-27 16:53:04,active,"{""category"": ""shop"", ""detail_url"": ""https://csdl.vietnamtourism.gov.vn/shop/?item=738"", ""email"": """", ""item_id"": ""738"", ""source"": ""csdl.vietnamtourism.gov.vn""}",
138,Legend Pearl,,"Số nhà 238, Tổ 3, khu Cầu Trắng, Tuần Châu, Thành phố Hạ Long, Quảng Ninh",45,mua_sam,0.0,0.0,0.0,,,02033696188,,0.0,0,0,,2026-05-27 16:53:04,2026-05-27 16:53:04,active,"{""category"": ""shop"", ""detail_url"": ""https://csdl.vietnamtourism.gov.vn/shop/?item=739"", ""email"": """", ""item_id"": ""739"", ""source"": ""csdl.vietnamtourism.gov.vn""}",
139,Trung tâm Mỹ Ngọc,,"Số 7 Khu Đồn Điền, Thành phố Hạ Long, Quảng Ninh",45,mua_sam,0.0,0.0,0.0,,,02033511519,,0.0,0,0,,2026-05-27 16:53:04,2026-05-27 16:53:04,active,"{""category"": ""shop"", ""detail_url"": ""https://csdl.vietnamtourism.gov.vn/shop/?item=740"", ""email"": """", ""item_id"": ""740"", ""source"": ""csdl.vietnamtourism.gov.vn""}",
140,Trung tâm thương mại Vincom Plaza Hạ Long,,"Đường Trần Quốc Nghiễn, Thành phố Hạ Long, Quảng Ninh",45,mua_sam,0.0,0.0,0.0,,,02036281818,,0.0,0,0,,2026-05-27 16:53:04,2026-05-27 16:53:04,active,"{""category"": ""shop"", ""detail_url"": ""https://csdl.vietnamtourism.gov.vn/shop/?item=741"", ""email"": """", ""item_id"": ""741"", ""source"": ""csdl.vietnamtourism.gov.vn""}",
141,Việt Thành,,"Ô 8, Lô H, Khu hỗn hợp bán đảo 2, khu đô thị dịch vụ Hùng Thắng, Thành phố Hạ Long, Quảng Ninh",45,mua_sam,0.0,0.0,0.0,,,0908365616,,0.0,0,0,,2026-05-27 16:53:04,2026-05-27 16:53:04,active,"{""category"": ""shop"", ""detail_url"": ""https://csdl.vietnamtourism.gov.vn/shop/?item=742"", ""email"": """", ""item_id"": ""742"", ""source"": ""csdl.vietnamtourism.gov.vn""}",
142,Trung tâm Thương mại Vincom Plaza Móng Cái,,"Đường Đại lộ Hòa Bình, Móng Cái 1, Thành phố Móng Cái, Quảng Ninh",45,mua_sam,0.0,0.0,0.0,,,0385111666,,0.0,0,0,,2026-05-27 16:53:04,2026-05-27 16:53:04,active,"{""category"": ""shop"", ""detail_url"": ""https://csdl.vietnamtourism.gov.vn/shop/?item=743"", ""email"": """", ""item_id"": ""743"", ""source"": ""csdl.vietnamtourism.gov.vn""}",
143,Việt Hưng,,"Số 5, Đại lộ Hòa Bình, Móng Cái 1, Thành phố Móng Cái, Quảng Ninh",45,mua_sam,0.0,0.0,0.0,,,0904487085,,0.0,0,0,,2026-05-27 16:53:04,2026-05-27 16:53:04,active,"{""category"": ""shop"", ""detail_url"": ""https://csdl.vietnamtourism.gov.vn/shop/?item=744"", ""email"": """", ""item_id"": ""744"", ""source"": ""csdl.vietnamtourism.gov.vn""}",
144,Hải Dương Xanh,,"Số 31, Đại lộ Hoà Bình, Móng Cái 1, Thành phố Móng Cái, Quảng Ninh",45,mua_sam,0.0,0.0,0.0,,,0913393343,,0.0,0,0,,2026-05-27 16:53:04,2026-05-27 16:53:04,active,"{""category"": ""shop"", ""detail_url"": ""https://csdl.vietnamtourism.gov.vn/shop/?item=745"", ""email"": """", ""item_id"": ""745"", ""source"": ""csdl.vietnamtourism.gov.vn""}",
145,Việt Nhã,,"Số 13 Đại lộ Hoà Bình, Móng Cái 1, Thành phố Móng Cái, Quảng Ninh",45,mua_sam,0.0,0.0,0.0,,,0395538332,,0.0,0,0,,2026-05-27 16:53:04,2026-05-27 16:53:04,active,"{""category"": ""shop"", ""detail_url"": ""https://csdl.vietnamtourism.gov.vn/shop/?item=746"", ""email"": """", ""item_id"": ""746"", ""source"": ""csdl.vietnamtourism.gov.vn""}",
146,Trung tâm Thương mại Vincom + Uông Bí,,"Khu đô thị Yên Thanh, Thành phố Uông Bí, Quảng Ninh",45,mua_sam,0.0,0.0,0.0,,,0987453596,,0.0,0,0,,2026-05-27 16:53:04,2026-05-27 16:53:04,active,"{""category"": ""shop"", ""detail_url"": ""https://csdl.vietnamtourism.gov.vn/shop/?item=747"", ""email"": """", ""item_id"": ""747"", ""source"": ""csdl.vietnamtourism.gov.vn""}",
147,Trung tâm Thương mại Vincom Plaza Cẩm Phả,,"Tổ 4, Khu Diêm Thủy, Thành phố Cẩm Phả, Quảng Ninh",45,mua_sam,0.0,0.0,0.0,,,0904140290,,0.0,0,0,,2026-05-27 16:53:04,2026-05-27 16:53:04,active,"{""category"": ""shop"", ""detail_url"": ""https://csdl.vietnamtourism.gov.vn/shop/?item=748"", ""email"": """", ""item_id"": ""748"", ""source"": ""csdl.vietnamtourism.gov.vn""}",
148,Sao Việt,,"Số 1, Đại lộ Hoà Bình, Móng Cái 1, Thành phố Móng Cái, Quảng Ninh",45,mua_sam,0.0,0.0,0.0,,,0913393343,,0.0,0,0,,2026-05-27 16:53:04,2026-05-27 16:53:04,active,"{""category"": ""shop"", ""detail_url"": ""https://csdl.vietnamtourism.gov.vn/shop/?item=749"", ""email"": """", ""item_id"": ""749"", ""source"": ""csdl.vietnamtourism.gov.vn""}",
149,Siêu thị Coopmart Hải Phòng,,"01 Lê Hồng Phong, Quận Ngô Quyền, Thành phố Hải Phòng",24,mua_sam,0.0,0.0,0.0,,,02253833579,http://www.co-opmart.com.vn/,0.0,0,0,,2026-05-27 16:53:04,2026-05-27 16:53:04,active,"{""category"": ""shop"", ""detail_url"": ""https://csdl.vietnamtourism.gov.vn/shop/?item=736"", ""email"": ""hpmarketing@coopmart.vn"", ""item_id"": ""736"", ""source"": ""csdl.vietnamtourism.gov.vn""}",
150,Nem Lái Thiêu,,"số 80, Đt 745, Lái Thiêu, Thành phố Thuận An, Bình Dương",8,mua_sam,0.0,0.0,0.0,,,02743754131,,0.0,0,0,,2026-05-27 16:53:04,2026-05-27 16:53:04,active,"{""category"": ""shop"", ""detail_url"": ""https://csdl.vietnamtourism.gov.vn/shop/?item=726"", ""email"": """", ""item_id"": ""726"", ""source"": ""csdl.vietnamtourism.gov.vn""}",
151,Made4Home Center Garden,,"Đường 22 tháng 12, Thành phố Thuận An, Bình Dương",8,mua_sam,0.0,0.0,0.0,,,02740866720767,,0.0,0,0,,2026-05-27 16:53:04,2026-05-27 16:53:04,active,"{""category"": ""shop"", ""detail_url"": ""https://csdl.vietnamtourism.gov.vn/shop/?item=725"", ""email"": ""m4h.service02@gmail.com"", ""item_id"": ""725"", ""source"": ""csdl.vietnamtourism.gov.vn""}",
152,Trung tâm mua sắm Nguyễn Kim,,"253 đường Phạm Văn Thuận, Thành phố Biên Hòa, Đồng Nai",16,mua_sam,0.0,0.0,0.0,,,025118006800,,0.0,0,0,,2026-05-27 16:53:04,2026-05-27 16:53:04,active,"{""category"": ""shop"", ""detail_url"": ""https://csdl.vietnamtourism.gov.vn/shop/?item=727"", ""email"": """", ""item_id"": ""727"", ""source"": ""csdl.vietnamtourism.gov.vn""}",
153,Nhà Sách Siêu Thị Giá Sỉ,,"296/4 Ấp Dốc Mơ 3, Thống Nhất, Huyện Thống Nhất, Đồng Nai",16,mua_sam,0.0,0.0,0.0,,,02510988220341,,0.0,0,0,,2026-05-27 16:53:04,2026-05-27 16:53:04,active,"{""category"": ""shop"", ""detail_url"": ""https://csdl.vietnamtourism.gov.vn/shop/?item=728"", ""email"": """", ""item_id"": ""728"", ""source"": ""csdl.vietnamtourism.gov.vn""}",
154,MM Mega Market Biên Hòa,,"Nguyễn Ái Quốc, Thành phố Biên Hòa, Đồng Nai",16,mua_sam,0.0,0.0,0.0,,,025102518820419,,0.0,0,0,,2026-05-27 16:53:04,2026-05-27 16:53:04,active,"{""category"": ""shop"", ""detail_url"": ""https://csdl.vietnamtourism.gov.vn/shop/?item=730"", ""email"": """", ""item_id"": ""730"", ""source"": ""csdl.vietnamtourism.gov.vn""}",
155,Chợ An Bình,,"ĐT 923, An Bình, Quận Ninh Kiều, Thành phố Cần Thơ",59,mua_sam,0.0,0.0,0.0,,,,,0.0,0,0,,2026-05-27 16:53:04,2026-05-27 16:53:04,active,"{""category"": ""shop"", ""detail_url"": ""https://csdl.vietnamtourism.gov.vn/shop/?item=731"", ""email"": """", ""item_id"": ""731"", ""source"": ""csdl.vietnamtourism.gov.vn""}",
156,Chợ Tân An,,"71 Hai Bà Trưng, Ninh Kiều, Quận Ninh Kiều, Thành phố Cần Thơ",59,mua_sam,0.0,0.0,0.0,,,,,0.0,0,0,,2026-05-27 16:53:04,2026-05-27 16:53:04,active,"{""category"": ""shop"", ""detail_url"": ""https://csdl.vietnamtourism.gov.vn/shop/?item=732"", ""email"": """", ""item_id"": ""732"", ""source"": ""csdl.vietnamtourism.gov.vn""}",
157,Chợ An Lạc,,"12 – 22 Điện Biên Phủ, Ninh Kiều, Quận Ninh Kiều, Thành phố Cần Thơ",15,mua_sam,0.0,0.0,0.0,,,,,0.0,0,0,,2026-05-27 16:53:04,2026-05-27 16:53:04,active,"{""category"": ""shop"", ""detail_url"": ""https://csdl.vietnamtourism.gov.vn/shop/?item=733"", ""email"": """", ""item_id"": ""733"", ""source"": ""csdl.vietnamtourism.gov.vn""}",
158,Chợ Đầm,,"đường Phan Bội Châu, Thành phố Nha Trang, Khánh Hoà",28,mua_sam,0.0,0.0,0.0,,,025802583812388,,0.0,0,0,,2026-05-27 16:53:04,2026-05-27 16:53:04,active,"{""category"": ""shop"", ""detail_url"": ""https://csdl.vietnamtourism.gov.vn/shop/?item=721"", ""email"": """", ""item_id"": ""721"", ""source"": ""csdl.vietnamtourism.gov.vn""}",
159,Chợ Xóm Mới,,"49 Ngô Gia Tự, Nha Trang, Thành phố Nha Trang, Khánh Hoà",28,mua_sam,0.0,0.0,0.0,,,025802583515364,,0.0,0,0,,2026-05-27 16:53:04,2026-05-27 16:53:04,active,"{""category"": ""shop"", ""detail_url"": ""https://csdl.vietnamtourism.gov.vn/shop/?item=722"", ""email"": """", ""item_id"": ""722"", ""source"": ""csdl.vietnamtourism.gov.vn""}",
160,Siêu thị Co.op Mart Nha Trang,,"Số 2 Lê Hồng Phong, Thành phố Nha Trang, Khánh Hoà",28,mua_sam,0.0,0.0,0.0,,,,http://www.co-opmart.com.vn/,0.0,0,0,,2026-05-27 16:53:04,2026-05-27 16:53:04,active,"{""category"": ""shop"", ""detail_url"": ""https://csdl.vietnamtourism.gov.vn/shop/?item=723"", ""email"": ""cmnhatrang-mkt@coopmart.vn"", ""item_id"": ""723"", ""source"": ""csdl.vietnamtourism.gov.vn""}",
161,Công ty Âu Việt - Đặc sản Nha Trang,,"89 Quảng Đức, Thành phố Nha Trang, Khánh Hoà",28,mua_sam,0.0,0.0,0.0,,,02580942600680,,0.0,0,0,,2026-05-27 16:53:04,2026-05-27 16:53:04,active,"{""category"": ""shop"", ""detail_url"": ""https://csdl.vietnamtourism.gov.vn/shop/?item=724"", ""email"": """", ""item_id"": ""724"", ""source"": ""csdl.vietnamtourism.gov.vn""}",
162,Siêu thị hải đặc sản Hiền Nhi,,"1 đường Hoàng Hoa Thám, Thành phố Nha Trang, Khánh Hoà",28,mua_sam,0.0,0.0,0.0,,,025802583813878,,0.0,0,0,,2026-05-27 16:53:04,2026-05-27 16:53:04,active,"{""category"": ""shop"", ""detail_url"": ""https://csdl.vietnamtourism.gov.vn/shop/?item=720"", ""email"": """", ""item_id"": ""720"", ""source"": ""csdl.vietnamtourism.gov.vn""}",
163,Công ty TNHH MTV Thương mại Dịch vụ Diệp Bảo An,,"Khu phố 2, 62 đường Chiến Thắng, Phú Yên, Thành phố Tuy Hoà, Phú Yên",41,mua_sam,0.0,0.0,0.0,,,02570966522299,https://www.bomotnangphuyen.com,0.0,0,0,,2026-05-27 16:53:04,2026-05-27 16:53:04,active,"{""category"": ""shop"", ""detail_url"": ""https://csdl.vietnamtourism.gov.vn/shop/?item=699"", ""email"": ""anbaodiep@gmail.com"", ""item_id"": ""699"", ""source"": ""csdl.vietnamtourism.gov.vn""}",
164,Công ty TNHH sản xuất chế biên & thương mại Hà Trung,,"57B Nguyễn Chí Thanh, Sơn Hòa, Huyện Sơn Hòa, Phú Yên",41,mua_sam,0.0,0.0,0.0,,,02573861305,http://bomotnanghatrung.com/,0.0,0,0,,2026-05-27 16:53:04,2026-05-27 16:53:04,active,"{""category"": ""shop"", ""detail_url"": ""https://csdl.vietnamtourism.gov.vn/shop/?item=700"", ""email"": ""bomotnanghatrung.dspy@gmail.com"", ""item_id"": ""700"", ""source"": ""csdl.vietnamtourism.gov.vn""}",
165,DNTN Thủy sản Hùng Phong,,"121 Lê Duẩn, Thành phố Tuy Hoà, Phú Yên",41,mua_sam,0.0,0.0,0.0,,,02570987779900,https://thuysanhungphong.com/,0.0,0,0,,2026-05-27 16:53:04,2026-05-27 16:53:04,active,"{""category"": ""shop"", ""detail_url"": ""https://csdl.vietnamtourism.gov.vn/shop/?item=701"", ""email"": ""lequanghungphong@gmail.com"", ""item_id"": ""701"", ""source"": ""csdl.vietnamtourism.gov.vn""}",
166,Siêu Thị New Life,,"Khu Nam Trần Phú, Thành phố Thanh Hóa, Thanh Hoá",52,mua_sam,0.0,0.0,0.0,,,02370912518101,,0.0,0,0,,2026-05-27 16:53:04,2026-05-27 16:53:04,active,"{""category"": ""shop"", ""detail_url"": ""https://csdl.vietnamtourism.gov.vn/shop/?item=697"", ""email"": """", ""item_id"": ""697"", ""source"": ""csdl.vietnamtourism.gov.vn""}",
167,Chợ Hón Hải Tiến,,"Bãi biển Hải Tiến, Hoằng Tiến, Huyện Hoằng Hóa, Thanh Hoá",52,mua_sam,0.0,0.0,0.0,,,02370909098163,,0.0,0,0,,2026-05-27 16:53:04,2026-05-27 16:53:04,active,"{""category"": ""shop"", ""detail_url"": ""https://csdl.vietnamtourism.gov.vn/shop/?item=698"", ""email"": """", ""item_id"": ""698"", ""source"": ""csdl.vietnamtourism.gov.vn""}",
168,Chợ phiên Phố Đoàn,,", Pù Luông, Huyện Bá Thước, Thanh Hoá",52,mua_sam,0.0,0.0,0.0,,,,,0.0,0,0,,2026-05-27 16:53:04,2026-05-27 16:53:04,active,"{""category"": ""shop"", ""detail_url"": ""https://csdl.vietnamtourism.gov.vn/shop/?item=696"", ""email"": """", ""item_id"": ""696"", ""source"": ""csdl.vietnamtourism.gov.vn""}",
169,Siêu thị Coop Mart Cần Giuộc,,"Khu phố Thanh Ba, Cần Giuộc, Huyện Cần Giuộc, Tây Ninh",49,mua_sam,0.0,0.0,0.0,,,02723900910,,0.0,0,0,,2026-05-27 16:53:04,2026-05-27 16:53:04,active,"{""category"": ""shop"", ""detail_url"": ""https://csdl.vietnamtourism.gov.vn/shop/?item=692"", ""email"": """", ""item_id"": ""692"", ""source"": ""csdl.vietnamtourism.gov.vn""}",
170,Siêu thị Coop Mart Bến Lức,,"61 Quốc lộ 1 A, KP 4, Bến Lức, Huyện Bến Lức, Tây Ninh",49,mua_sam,0.0,0.0,0.0,,,02723630998,,0.0,0,0,,2026-05-27 16:53:04,2026-05-27 16:53:04,active,"{""category"": ""shop"", ""detail_url"": ""https://csdl.vietnamtourism.gov.vn/shop/?item=693"", ""email"": """", ""item_id"": ""693"", ""source"": ""csdl.vietnamtourism.gov.vn""}",
171,Cửa hàng đặc sản Long An,,"6 Nguyễn Văn Siêu, KP 3, Bến Lức, Huyện Bến Lức, Tây Ninh",49,mua_sam,0.0,0.0,0.0,,,02720944633933,,0.0,0,0,,2026-05-27 16:53:04,2026-05-27 16:53:04,active,"{""category"": ""shop"", ""detail_url"": ""https://csdl.vietnamtourism.gov.vn/shop/?item=694"", ""email"": """", ""item_id"": ""694"", ""source"": ""csdl.vietnamtourism.gov.vn""}",
172,Cơ sở sản xuất bánh tráng trộn Cô Út Long An,,"772 Quốc lộ 1A, Khánh Hậu, Thành phố Tân An, Tây Ninh",49,mua_sam,0.0,0.0,0.0,,,02720896699776,https://www.banhtrangtronlongan.com,0.0,0,0,,2026-05-27 16:53:04,2026-05-27 16:53:04,active,"{""category"": ""shop"", ""detail_url"": ""https://csdl.vietnamtourism.gov.vn/shop/?item=695"", ""email"": ""banhtrangtronlongan772@gmail.com"", ""item_id"": ""695"", ""source"": ""csdl.vietnamtourism.gov.vn""}",
173,Siêu thị Đặc Sản Nghệ Tĩnh,,"Tầng 1, chung cư Tân Phát - đường Lê Mao kéo dài, Thành phố Vinh, Nghệ An",37,mua_sam,0.0,0.0,0.0,,,02380826665666,http://dacsannghetinh.com.vn/,0.0,0,0,,2026-05-27 16:53:04,2026-05-27 16:53:04,active,"{""category"": ""shop"", ""detail_url"": ""https://csdl.vietnamtourism.gov.vn/shop/?item=689"", ""email"": ""congtydacsannghetinh@gmail.com"", ""item_id"": ""689"", ""source"": ""csdl.vietnamtourism.gov.vn""}",
174,Cửa hàng Đặc Sản Xứ Nghệ Thúy Liễu,,"160 Thăng Long, Vinh Hưng, Thành phố Vinh, Nghệ An",37,mua_sam,0.0,0.0,0.0,,,02380916563526,https://sites.google.com/site/cuahangdacsanngonnhatnghean/home/gioi-thieu-dhac-san-xu-nghe_thuy-lieu-1,0.0,0,0,,2026-05-27 16:53:04,2026-05-27 16:53:04,active,"{""category"": ""shop"", ""detail_url"": ""https://csdl.vietnamtourism.gov.vn/shop/?item=691"", ""email"": """", ""item_id"": ""691"", ""source"": ""csdl.vietnamtourism.gov.vn""}",
175,Chợ Bến Thủy,,"Nguyễn Văn Trỗi, Thành phố Vinh, Nghệ An",37,mua_sam,0.0,0.0,0.0,,,02380916515717,,0.0,0,0,,2026-05-27 16:53:04,2026-05-27 16:53:04,active,"{""category"": ""shop"", ""detail_url"": ""https://csdl.vietnamtourism.gov.vn/shop/?item=688"", ""email"": """", ""item_id"": ""688"", ""source"": ""csdl.vietnamtourism.gov.vn""}",
176,Cửa hàng HATIMARRT,,"75 Nguyễn Chí Thanh, Thành phố Hà Tĩnh, Hà Tĩnh",22,mua_sam,0.0,0.0,0.0,,,,,0.0,0,0,,2026-05-27 16:53:04,2026-05-27 16:53:04,active,"{""category"": ""shop"", ""detail_url"": ""https://csdl.vietnamtourism.gov.vn/shop/?item=685"", ""email"": """", ""item_id"": ""685"", ""source"": ""csdl.vietnamtourism.gov.vn""}",
177,Chợ mới thị xã Hồng Lĩnh,,", Bắc Hồng Lĩnh, Thị xã Hồng Lĩnh, Hà Tĩnh",22,mua_sam,0.0,0.0,0.0,,,02390943062994,,0.0,0,0,,2026-05-27 16:53:04,2026-05-27 16:53:04,active,"{""category"": ""shop"", ""detail_url"": ""https://csdl.vietnamtourism.gov.vn/shop/?item=686"", ""email"": """", ""item_id"": ""686"", ""source"": ""csdl.vietnamtourism.gov.vn""}",
178,Cơ sở sản xuất kẹo Cu Đơ Phong Nga,,"Bàu Láng, Huyện Thạch Hà, Hà Tĩnh",22,mua_sam,0.0,0.0,0.0,,,02390393845709,http://cudophongnga.com/,0.0,0,0,,2026-05-27 16:53:04,2026-05-27 16:53:04,active,"{""category"": ""shop"", ""detail_url"": ""https://csdl.vietnamtourism.gov.vn/shop/?item=687"", ""email"": ""cudophongnga@gmail.com"", ""item_id"": ""687"", ""source"": ""csdl.vietnamtourism.gov.vn""}",
179,Chợ Sa Nam,,", Vạn An, Huyện Nam Đàn, Nghệ An",37,mua_sam,0.0,0.0,0.0,,,02380326687997,,0.0,0,0,,2026-05-27 16:53:04,2026-05-27 16:53:04,active,"{""category"": ""shop"", ""detail_url"": ""https://csdl.vietnamtourism.gov.vn/shop/?item=690"", ""email"": """", ""item_id"": ""690"", ""source"": ""csdl.vietnamtourism.gov.vn""}",
180,Khoai deo Hải Ninh,,"Tiểu khu 5, Huyện Quảng Ninh, Quảng Trị",45,mua_sam,0.0,0.0,0.0,,,023209794534161,http://khoaideohaininh.vn/,0.0,0,0,,2026-05-27 16:53:04,2026-05-27 16:53:04,active,"{""category"": ""shop"", ""detail_url"": ""https://csdl.vietnamtourism.gov.vn/shop/?item=683"", ""email"": ""khoaideohaininhqb@gmail.com"", ""item_id"": ""683"", ""source"": ""csdl.vietnamtourism.gov.vn""}",
181,Công viên Văn Miếu,,", Thành phố Cao Lãnh",17,giai_tri,0.0,0.0,0.0,,,,,0.0,0,0,,2026-05-27 16:53:04,2026-05-27 16:53:04,active,"{""category"": ""vcgt"", ""detail_url"": ""https://csdl.vietnamtourism.gov.vn/vcgt/?item=5"", ""email"": """", ""item_id"": ""5"", ""source"": ""csdl.vietnamtourism.gov.vn""}",
182,Cà phê Đại Lộc,,"Số 96 đường Lê Lợi, Thành phố Long Xuyên",1,giai_tri,0.0,0.0,0.0,,,0939900519,,0.0,0,0,,2026-05-27 16:53:04,2026-05-27 16:53:04,active,"{""category"": ""vcgt"", ""detail_url"": ""https://csdl.vietnamtourism.gov.vn/vcgt/?item=8"", ""email"": """", ""item_id"": ""8"", ""source"": ""csdl.vietnamtourism.gov.vn""}",
183,Bảo tàng Quang Trung,,"Làng Kiên Mỹ, Tây Sơn, Huyện Tây Sơn, Gia Lai",18,giai_tri,0.0,0.0,0.0,,,02563880780,,0.0,0,0,,2026-05-27 16:53:04,2026-05-27 16:53:04,active,"{""category"": ""vcgt"", ""detail_url"": ""https://csdl.vietnamtourism.gov.vn/vcgt/?item=11"", ""email"": ""baotangquangtrung@gmail.com"", ""item_id"": ""11"", ""source"": ""csdl.vietnamtourism.gov.vn""}",
184,Bảo tàng Hải Phòng,,"Số 11 Đinh Tiên Hoàng, Hồng Bàng, Quận Hồng Bàng, Thành phố Hải Phòng",24,giai_tri,0.0,0.0,0.0,,,02253823451,,0.0,0,0,,2026-05-27 16:53:04,2026-05-27 16:53:04,active,"{""category"": ""vcgt"", ""detail_url"": ""https://csdl.vietnamtourism.gov.vn/vcgt/?item=14"", ""email"": """", ""item_id"": ""14"", ""source"": ""csdl.vietnamtourism.gov.vn""}",
185,FLC Zoo Safari Park,,"Khu số 4, Khu du lịch biển Nhơn Lý, Thành phố Qui Nhơn, Gia Lai",18,giai_tri,0.0,0.0,0.0,,,02563701195,,0.0,0,0,,2026-05-27 16:53:04,2026-05-27 16:53:04,active,"{""category"": ""vcgt"", ""detail_url"": ""https://csdl.vietnamtourism.gov.vn/vcgt/?item=20"", ""email"": ""kinhdoanh@flcfaros.vn"", ""item_id"": ""20"", ""source"": ""csdl.vietnamtourism.gov.vn""}",
186,Quảng trường nhạc nước Quy Nhơn,,"Đường biển Xuân Diệu, Thành phố Qui Nhơn, Gia Lai",18,giai_tri,0.0,0.0,0.0,,,,,0.0,0,0,,2026-05-27 16:53:04,2026-05-27 16:53:04,active,"{""category"": ""vcgt"", ""detail_url"": ""https://csdl.vietnamtourism.gov.vn/vcgt/?item=26"", ""email"": """", ""item_id"": ""26"", ""source"": ""csdl.vietnamtourism.gov.vn""}",
187,Công viên Đồi Dương,,"Bãi biển Đồi Dương, Thành phố Phan Thiết, Bình Thuận",10,giai_tri,0.0,0.0,0.0,,,02523846131,,0.0,0,0,,2026-05-27 16:53:04,2026-05-27 16:53:04,active,"{""category"": ""vcgt"", ""detail_url"": ""https://csdl.vietnamtourism.gov.vn/vcgt/?item=27"", ""email"": ""doiduongbeach@gmail.com"", ""item_id"": ""27"", ""source"": ""csdl.vietnamtourism.gov.vn""}",
188,Công viên Võ Văn Kiệt,,"Đại lộ Võ Văn Kiệt, Phú Thủy, Thành phố Phan Thiết, Bình Thuận",10,giai_tri,0.0,0.0,0.0,,,,,0.0,0,0,,2026-05-27 16:53:04,2026-05-27 16:53:04,active,"{""category"": ""vcgt"", ""detail_url"": ""https://csdl.vietnamtourism.gov.vn/vcgt/?item=30"", ""email"": ""cvvovankiet@gmail.com"", ""item_id"": ""30"", ""source"": ""csdl.vietnamtourism.gov.vn""}",
189,Lâu đài rượu vang,,"Km9, đường Nguyễn Thông, Thành phố Phan Thiết, Bình Thuận",10,giai_tri,0.0,0.0,0.0,,,02526516779,,0.0,0,0,,2026-05-27 16:53:04,2026-05-27 16:53:04,active,"{""category"": ""vcgt"", ""detail_url"": ""https://csdl.vietnamtourism.gov.vn/vcgt/?item=33"", ""email"": ""sealinkscity@gmail.com"", ""item_id"": ""33"", ""source"": ""csdl.vietnamtourism.gov.vn""}",
190,Cà phê Đồng Quê,,"51 rạch Cái Sơn, Thành phố Long Xuyên",1,giai_tri,0.0,0.0,0.0,,,0939069338,,0.0,0,0,,2026-05-27 16:53:04,2026-05-27 16:53:04,active,"{""category"": ""vcgt"", ""detail_url"": ""https://csdl.vietnamtourism.gov.vn/vcgt/?item=36"", ""email"": ""countrycoffee2015@gmail.com"", ""item_id"": ""36"", ""source"": ""csdl.vietnamtourism.gov.vn""}",
191,Công viên 29 tháng 3,,"Đường Điện Biên Phủ, Quận Thanh Khê, Thành phố Đà Nẵng",15,giai_tri,0.0,0.0,0.0,,,,,0.0,0,0,,2026-05-27 16:53:04,2026-05-27 16:53:04,active,"{""category"": ""vcgt"", ""detail_url"": ""https://csdl.vietnamtourism.gov.vn/vcgt/?item=39"", ""email"": """", ""item_id"": ""39"", ""source"": ""csdl.vietnamtourism.gov.vn""}",
192,Công viên Biển Đông,,"Đường Võ Nguyên Giáp, An Hải, Quận Sơn Trà, Thành phố Đà Nẵng",60,giai_tri,0.0,0.0,0.0,,,,,0.0,0,0,,2026-05-27 16:53:04,2026-05-27 16:53:04,active,"{""category"": ""vcgt"", ""detail_url"": ""https://csdl.vietnamtourism.gov.vn/vcgt/?item=42"", ""email"": """", ""item_id"": ""42"", ""source"": ""csdl.vietnamtourism.gov.vn""}",
193,Công viên Vườn tượng APEC,,"Nằm ở giao lộ đường Bạch Đằng và đường 2/9, Quận Hải Châu, Thành phố Đà Nẵng",60,giai_tri,0.0,0.0,0.0,,,,,0.0,0,0,,2026-05-27 16:53:04,2026-05-27 16:53:04,active,"{""category"": ""vcgt"", ""detail_url"": ""https://csdl.vietnamtourism.gov.vn/vcgt/?item=45"", ""email"": """", ""item_id"": ""45"", ""source"": ""csdl.vietnamtourism.gov.vn""}",
194,Đường sách cà phê Buôn Ma Thuột,,"Hẻm số 2 đường Phan Chu Trinh kéo ra đến đường Nguyễn Tất Thành, Buôn Ma Thuột, Thành phố Buôn Ma Thuột, Đắc Lắk",22,giai_tri,0.0,0.0,0.0,,,,,0.0,0,0,,2026-05-27 16:53:04,2026-05-27 16:53:04,active,"{""category"": ""vcgt"", ""detail_url"": ""https://csdl.vietnamtourism.gov.vn/vcgt/?item=48"", ""email"": """", ""item_id"": ""48"", ""source"": ""csdl.vietnamtourism.gov.vn""}",
195,Khu du lịch Suối Ong,,"568 Võ Văn Kiệt, Thành Nhất, Thành phố Buôn Ma Thuột, Đắc Lắk",22,giai_tri,0.0,0.0,0.0,,,0388234249,,0.0,0,0,,2026-05-27 16:53:04,2026-05-27 16:53:04,active,"{""category"": ""vcgt"", ""detail_url"": ""https://csdl.vietnamtourism.gov.vn/vcgt/?item=51"", ""email"": ""dulichsuoiong@gmail.com"", ""item_id"": ""51"", ""source"": ""csdl.vietnamtourism.gov.vn""}",
196,Quảng trường 10-3,,"Đường Lý Nam Đế, Buôn Ma Thuột, Thành phố Buôn Ma Thuột, Đắc Lắk",0,giai_tri,0.0,0.0,0.0,,,,,0.0,0,0,,2026-05-27 16:53:04,2026-05-27 16:53:04,active,"{""category"": ""vcgt"", ""detail_url"": ""https://csdl.vietnamtourism.gov.vn/vcgt/?item=54"", ""email"": """", ""item_id"": ""54"", ""source"": ""csdl.vietnamtourism.gov.vn""}",
197,Hồ Ea Snô,,"nằm trên địa phận xã Đắk Rồ, Huyện Krông Nô, Đắc Nông",22,giai_tri,0.0,0.0,0.0,,,,,0.0,0,0,,2026-05-27 16:53:04,2026-05-27 16:53:04,active,"{""category"": ""vcgt"", ""detail_url"": ""https://csdl.vietnamtourism.gov.vn/vcgt/?item=57"", ""email"": """", ""item_id"": ""57"", ""source"": ""csdl.vietnamtourism.gov.vn""}",
198,Khu du lịch hồ Doãn Văn,,"Thôn Doãn Văn, Huyện Tuy Đức, Đắc Nông",0,giai_tri,0.0,0.0,0.0,,,,,0.0,0,0,,2026-05-27 16:53:04,2026-05-27 16:53:04,active,"{""category"": ""vcgt"", ""detail_url"": ""https://csdl.vietnamtourism.gov.vn/vcgt/?item=60"", ""email"": """", ""item_id"": ""60"", ""source"": ""csdl.vietnamtourism.gov.vn""}",
199,Suối khoáng nóng Đak Mol,,"Thôn Đắk Sơn 1, Đắk Song, Huyện Đắk Song, Đắc Nông",0,giai_tri,0.0,0.0,0.0,,,,,0.0,0,0,,2026-05-27 16:53:04,2026-05-27 16:53:04,active,"{""category"": ""vcgt"", ""detail_url"": ""https://csdl.vietnamtourism.gov.vn/vcgt/?item=63"", ""email"": """", ""item_id"": ""63"", ""source"": ""csdl.vietnamtourism.gov.vn""}",
200,Khu du lịch sinh thái Xuân Thủy,,"hẻm 479, đường Lý Thái Tổ, Thành phố Pleiku",18,giai_tri,0.0,0.0,0.0,,,,,0.0,0,0,,2026-05-27 16:53:04,2026-05-27 16:53:04,active,"{""category"": ""vcgt"", ""detail_url"": ""https://csdl.vietnamtourism.gov.vn/vcgt/?item=66"", ""email"": """", ""item_id"": ""66"", ""source"": ""csdl.vietnamtourism.gov.vn""}",
201,Quảng trường Đại Đoàn Kết,,"142 Lê Lợi, Thành phố Pleiku",18,giai_tri,0.0,0.0,0.0,,,,,0.0,0,0,,2026-05-27 16:53:04,2026-05-27 16:53:04,active,"{""category"": ""vcgt"", ""detail_url"": ""https://csdl.vietnamtourism.gov.vn/vcgt/?item=69"", ""email"": """", ""item_id"": ""69"", ""source"": ""csdl.vietnamtourism.gov.vn""}",
202,Starlight Cinema,,"Tầng 5, tòa nhà Kim Center, 53 Quang Trung, Thành phố Pleiku",18,giai_tri,0.0,0.0,0.0,,,,,0.0,0,0,,2026-05-27 16:53:04,2026-05-27 16:53:04,active,"{""category"": ""vcgt"", ""detail_url"": ""https://csdl.vietnamtourism.gov.vn/vcgt/?item=72"", ""email"": """", ""item_id"": ""72"", ""source"": ""csdl.vietnamtourism.gov.vn""}",
203,Nhà vườn Đức Đường,,"Thôn Nam Sơn, Huyện Nghi Xuân, Hà Tĩnh",22,giai_tri,0.0,0.0,0.0,,,0913309376,,0.0,0,0,,2026-05-27 16:53:04,2026-05-27 16:53:04,active,"{""category"": ""vcgt"", ""detail_url"": ""https://csdl.vietnamtourism.gov.vn/vcgt/?item=75"", ""email"": ""ducduong.nxn@gmail.com"", ""item_id"": ""75"", ""source"": ""csdl.vietnamtourism.gov.vn""}",
204,Nông trại hoa hồng,,"Thôn Tân Sơn, Huyện Thạch Hà, Hà Tĩnh",22,giai_tri,0.0,0.0,0.0,,,0977159617,,0.0,0,0,,2026-05-27 16:53:04,2026-05-27 16:53:04,active,"{""category"": ""vcgt"", ""detail_url"": ""https://csdl.vietnamtourism.gov.vn/vcgt/?item=78"", ""email"": """", ""item_id"": ""78"", ""source"": ""csdl.vietnamtourism.gov.vn""}",
205,Rạp chiếu phim CGV Hà Tĩnh,,"Tầng 3, Trung tâm Thương mại Vincom Plaza Hà Tĩnh, góc ngã tư Hàm Nghi và Hà Huy Tập, Thành phố Hà Tĩnh, Hà Tĩnh",22,giai_tri,0.0,0.0,0.0,,,,,0.0,0,0,,2026-05-27 16:53:04,2026-05-27 16:53:04,active,"{""category"": ""vcgt"", ""detail_url"": ""https://csdl.vietnamtourism.gov.vn/vcgt/?item=81"", ""email"": """", ""item_id"": ""81"", ""source"": ""csdl.vietnamtourism.gov.vn""}",
206,Lotte Cinema Nha Trang,,"Tầng 5 TTTM Maximart 60 Thái Nguyên, Thành phố Nha Trang, Khánh Hoà",51,giai_tri,0.0,0.0,0.0,,,02583824881,,0.0,0,0,,2026-05-27 16:53:04,2026-05-27 16:53:04,active,"{""category"": ""vcgt"", ""detail_url"": ""https://csdl.vietnamtourism.gov.vn/vcgt/?item=84"", ""email"": """", ""item_id"": ""84"", ""source"": ""csdl.vietnamtourism.gov.vn""}",
207,Vinpearl Land Nha Trang,,"Đảo Hòn Tre, Thành phố Nha Trang, Khánh Hoà",28,giai_tri,0.0,0.0,0.0,,,025819006677,,0.0,0,0,,2026-05-27 16:53:04,2026-05-27 16:53:04,active,"{""category"": ""vcgt"", ""detail_url"": ""https://csdl.vietnamtourism.gov.vn/vcgt/?item=87"", ""email"": """", ""item_id"": ""87"", ""source"": ""csdl.vietnamtourism.gov.vn""}",
208,Wonder Park Nha Trang,,"Đại lộ Nguyễn Tất Thành, Thành phố Nha Trang, Khánh Hoà",28,giai_tri,0.0,0.0,0.0,,,02582710399,,0.0,0,0,,2026-05-27 16:53:04,2026-05-27 16:53:04,active,"{""category"": ""vcgt"", ""detail_url"": ""https://csdl.vietnamtourism.gov.vn/vcgt/?item=90"", ""email"": """", ""item_id"": ""90"", ""source"": ""csdl.vietnamtourism.gov.vn""}",
209,Khu du lịch Epic,,"tỉnh lộ 677, Thôn 13, Huyện Kon Rẫy, Kon Tum",30,giai_tri,0.0,0.0,0.0,,,0976582727,,0.0,0,0,,2026-05-27 16:53:04,2026-05-27 16:53:04,active,"{""category"": ""vcgt"", ""detail_url"": ""https://csdl.vietnamtourism.gov.vn/vcgt/?item=96"", ""email"": """", ""item_id"": ""96"", ""source"": ""csdl.vietnamtourism.gov.vn""}",
210,Miệt vườn Kon Tum,,"Thôn Phương Quý, Thành phố Kon Tum, Kon Tum",30,giai_tri,0.0,0.0,0.0,,,,,0.0,0,0,,2026-05-27 16:53:04,2026-05-27 16:53:04,active,"{""category"": ""vcgt"", ""detail_url"": ""https://csdl.vietnamtourism.gov.vn/vcgt/?item=99"", ""email"": """", ""item_id"": ""99"", ""source"": ""csdl.vietnamtourism.gov.vn""}",
211,Rạp chiếu phim Cinemax,,"73 Lê Hồng Phong, Thành phố Kon Tum, Kon Tum",30,giai_tri,0.0,0.0,0.0,,,0866222877,,0.0,0,0,,2026-05-27 16:53:04,2026-05-27 16:53:04,active,"{""category"": ""vcgt"", ""detail_url"": ""https://csdl.vietnamtourism.gov.vn/vcgt/?item=102"", ""email"": """", ""item_id"": ""102"", ""source"": ""csdl.vietnamtourism.gov.vn""}",
212,Bảo tàng Lâm Đồng,,"4 Hùng Vương, Thành phố Đà Lạt, Lâm Đồng",32,giai_tri,0.0,0.0,0.0,,,02633812624,,0.0,0,0,,2026-05-27 16:53:04,2026-05-27 16:53:04,active,"{""category"": ""vcgt"", ""detail_url"": ""https://csdl.vietnamtourism.gov.vn/vcgt/?item=105"", ""email"": ""baotangld@gmail.com"", ""item_id"": ""105"", ""source"": ""csdl.vietnamtourism.gov.vn""}",
213,Khu du lịch Thúy Thuận,,"Tổ 13, thôn 1 đường vào Tà Nung, Thành phố Đà Lạt, Lâm Đồng",32,giai_tri,0.0,0.0,0.0,,,0972850679,,0.0,0,0,,2026-05-27 16:53:04,2026-05-27 16:53:04,active,"{""category"": ""vcgt"", ""detail_url"": ""https://csdl.vietnamtourism.gov.vn/vcgt/?item=108"", ""email"": """", ""item_id"": ""108"", ""source"": ""csdl.vietnamtourism.gov.vn""}",
214,Sunny Farm,,"Dốc số 7, Thành phố Đà Lạt, Lâm Đồng",32,giai_tri,0.0,0.0,0.0,,,,,0.0,0,0,,2026-05-27 16:53:04,2026-05-27 16:53:04,active,"{""category"": ""vcgt"", ""detail_url"": ""https://csdl.vietnamtourism.gov.vn/vcgt/?item=111"", ""email"": """", ""item_id"": ""111"", ""source"": ""csdl.vietnamtourism.gov.vn""}",
215,Bảo tàng Xô Viết Nghệ Tĩnh,,"số 10 Đào Tấn, Thành phố Vinh, Nghệ An",37,giai_tri,0.0,0.0,0.0,,,,,0.0,0,0,,2026-05-27 16:53:04,2026-05-27 16:53:04,active,"{""category"": ""vcgt"", ""detail_url"": ""https://csdl.vietnamtourism.gov.vn/vcgt/?item=114"", ""email"": """", ""item_id"": ""114"", ""source"": ""csdl.vietnamtourism.gov.vn""}",
216,Galaxy Cinema Vinh,,"Lầu 5, Trung tâm giải trí City Hub, số 1 Lê Hồng Phong, Thành phố Vinh, Nghệ An",37,giai_tri,0.0,0.0,0.0,,,,,0.0,0,0,,2026-05-27 16:53:04,2026-05-27 16:53:04,active,"{""category"": ""vcgt"", ""detail_url"": ""https://csdl.vietnamtourism.gov.vn/vcgt/?item=117"", ""email"": """", ""item_id"": ""117"", ""source"": ""csdl.vietnamtourism.gov.vn""}",
217,Lotte Cinema Vinh,,"Lầu 5, tòa nhà Mường Thanh VRC số 1 Phan Bội Châu, Thành phố Vinh, Nghệ An",37,giai_tri,0.0,0.0,0.0,,,,,0.0,0,0,,2026-05-27 16:53:04,2026-05-27 16:53:04,active,"{""category"": ""vcgt"", ""detail_url"": ""https://csdl.vietnamtourism.gov.vn/vcgt/?item=120"", ""email"": """", ""item_id"": ""120"", ""source"": ""csdl.vietnamtourism.gov.vn""}",
218,Công viên nước TTC Resort,,"Biển Ninh Chữ, Đường Yên Ninh, Thành phố Phan Rang-Tháp Chàm, Ninh Thuận",39,giai_tri,0.0,0.0,0.0,,,02593874047,,0.0,0,0,,2026-05-27 16:53:04,2026-05-27 16:53:04,active,"{""category"": ""vcgt"", ""detail_url"": ""https://csdl.vietnamtourism.gov.vn/vcgt/?item=123"", ""email"": ""sales.ninhthuan@ttchotels.com"", ""item_id"": ""123"", ""source"": ""csdl.vietnamtourism.gov.vn""}",
219,Farm Nam Hoa Viên,,"Nằm cách thành phố Phan Rang- Tháp Chàm khoảng 10 km về hướng Nam, Phước Dinh, Huyện Ninh Phước, Ninh Thuận",39,giai_tri,0.0,0.0,0.0,,,,,0.0,0,0,,2026-05-27 16:53:04,2026-05-27 16:53:04,active,"{""category"": ""vcgt"", ""detail_url"": ""https://csdl.vietnamtourism.gov.vn/vcgt/?item=126"", ""email"": """", ""item_id"": ""126"", ""source"": ""csdl.vietnamtourism.gov.vn""}",
220,Khu Du Lịch Tanyoli,,"Km 19, thôn Sơn Hải, Huyện Thuận Nam, Ninh Thuận",39,giai_tri,0.0,0.0,0.0,,,0901820168,,0.0,0,0,,2026-05-27 16:53:04,2026-05-27 16:53:04,active,"{""category"": ""vcgt"", ""detail_url"": ""https://csdl.vietnamtourism.gov.vn/vcgt/?item=129"", ""email"": ""salesmarketing.tanyoli@gmail.com"", ""item_id"": ""129"", ""source"": ""csdl.vietnamtourism.gov.vn""}",
221,Không gian Hồn Xưa,,"đường vào Di tích danh thắng quốc gia Gành Đá Đĩa, Tuy An Bắc, Huyện Tuy An, Phú Yên",41,giai_tri,0.0,0.0,0.0,,,,,0.0,0,0,,2026-05-27 16:53:04,2026-05-27 16:53:04,active,"{""category"": ""vcgt"", ""detail_url"": ""https://csdl.vietnamtourism.gov.vn/vcgt/?item=132"", ""email"": """", ""item_id"": ""132"", ""source"": ""csdl.vietnamtourism.gov.vn""}",
222,Phim trường Bambi,,"thôn Xuân Hòa, Thành phố Tuy Hoà, Phú Yên",41,giai_tri,0.0,0.0,0.0,,,,,0.0,0,0,,2026-05-27 16:53:04,2026-05-27 16:53:04,active,"{""category"": ""vcgt"", ""detail_url"": ""https://csdl.vietnamtourism.gov.vn/vcgt/?item=135"", ""email"": """", ""item_id"": ""135"", ""source"": ""csdl.vietnamtourism.gov.vn""}",
223,Rạp chiếu phim CGV Vincom Phú Yên,,"Tầng 4, Trung tâm Thương mại Vincom Plaza, góc ngã tư Hùng Vương và Trần Phú, Thành phố Tuy Hoà, Phú Yên",41,giai_tri,0.0,0.0,0.0,,,,,0.0,0,0,,2026-05-27 16:53:04,2026-05-27 16:53:04,active,"{""category"": ""vcgt"", ""detail_url"": ""https://csdl.vietnamtourism.gov.vn/vcgt/?item=138"", ""email"": """", ""item_id"": ""138"", ""source"": ""csdl.vietnamtourism.gov.vn""}",
224,Công viên OZO,,"nằm trong quần thể VQG Phong Nha-Kẻ Bàng, Huyện Bố Trạch, Quảng Trị",46,giai_tri,0.0,0.0,0.0,,,02323854688,,0.0,0,0,,2026-05-27 16:53:04,2026-05-27 16:53:04,active,"{""category"": ""vcgt"", ""detail_url"": ""https://csdl.vietnamtourism.gov.vn/vcgt/?item=141"", ""email"": ""ozoparkquangbinh@gmail.com"", ""item_id"": ""141"", ""source"": ""csdl.vietnamtourism.gov.vn""}",
225,Đồi cát Quang Phú,,"cách trung tâm thành phố Đồng Hới khoảng 10km về phía Đông Bắc, Thành Phố Đồng Hới, Quảng Trị",46,giai_tri,0.0,0.0,0.0,,,,,0.0,0,0,,2026-05-27 16:53:04,2026-05-27 16:53:04,active,"{""category"": ""vcgt"", ""detail_url"": ""https://csdl.vietnamtourism.gov.vn/vcgt/?item=144"", ""email"": """", ""item_id"": ""144"", ""source"": ""csdl.vietnamtourism.gov.vn""}",
226,April Spa & Clinic Phan Rang,,"121 Quang Trung, Thành phố Phan Rang-Tháp Chàm, Ninh Thuận",39,khac,0.0,0.0,0.0,,,02593552555,,0.0,0,0,,2026-05-27 16:53:04,2026-05-27 16:53:04,active,"{""category"": ""cssk"", ""detail_url"": ""https://csdl.vietnamtourism.gov.vn/cssk/?item=21"", ""email"": """", ""item_id"": ""21"", ""source"": ""csdl.vietnamtourism.gov.vn""}",
227,Venice Spa & Beauty Center Phan Rang,,"100B/2 Lê Lợi, Phan Rang, Thành phố Phan Rang-Tháp Chàm, Ninh Thuận",39,khac,0.0,0.0,0.0,,,02593553688,,0.0,0,0,,2026-05-27 16:53:04,2026-05-27 16:53:04,active,"{""category"": ""cssk"", ""detail_url"": ""https://csdl.vietnamtourism.gov.vn/cssk/?item=5"", ""email"": ""venicespapr@gmail.com"", ""item_id"": ""5"", ""source"": ""csdl.vietnamtourism.gov.vn""}",
228,Massage & Spa Tuyết Vi Phan Rang,,"287 Yết Kiêu, Thành phố Phan Rang-Tháp Chàm, Ninh Thuận",39,khac,0.0,0.0,0.0,,,02593823357,,0.0,0,0,,2026-05-27 16:53:04,2026-05-27 16:53:04,active,"{""category"": ""cssk"", ""detail_url"": ""https://csdl.vietnamtourism.gov.vn/cssk/?item=9"", ""email"": """", ""item_id"": ""9"", ""source"": ""csdl.vietnamtourism.gov.vn""}",
229,Massage Phan Rang trị liệu Trâm Lê Spa,,"15 Lê Hồng Phong, Phan Rang, Thành phố Phan Rang-Tháp Chàm, Ninh Thuận",39,khac,0.0,0.0,0.0,,,0906692728,,0.0,0,0,,2026-05-27 16:53:04,2026-05-27 16:53:04,active,"{""category"": ""cssk"", ""detail_url"": ""https://csdl.vietnamtourism.gov.vn/cssk/?item=12"", ""email"": ""tramle2108@gmail.com"", ""item_id"": ""12"", ""source"": ""csdl.vietnamtourism.gov.vn""}",
230,Sunny Spa Phan Rang trị liệu massage,,"Lô 41/28 Liền kề, Khu K1, Thành phố Phan Rang-Tháp Chàm, Ninh Thuận",39,khac,0.0,0.0,0.0,,,0933450401,,0.0,0,0,,2026-05-27 16:53:04,2026-05-27 16:53:04,active,"{""category"": ""cssk"", ""detail_url"": ""https://csdl.vietnamtourism.gov.vn/cssk/?item=15"", ""email"": ""Dieutrid@gmail.com"", ""item_id"": ""15"", ""source"": ""csdl.vietnamtourism.gov.vn""}",
231,Spa IDol 2 Massage Phan Rang,,"30A2 Nguyễn Thị Minh Khai, Thành phố Phan Rang-Tháp Chàm, Ninh Thuận",39,khac,0.0,0.0,0.0,,,0784001777,,0.0,0,0,,2026-05-27 16:53:04,2026-05-27 16:53:04,active,"{""category"": ""cssk"", ""detail_url"": ""https://csdl.vietnamtourism.gov.vn/cssk/?item=18"", ""email"": """", ""item_id"": ""18"", ""source"": ""csdl.vietnamtourism.gov.vn""}",
232,Diva Spa,,"Căn PG1 - 10 Khu nhà phố Vincom, đường số 5, Sa Đéc, Thành phố Sa Đéc",22,khac,0.0,0.0,0.0,,,,https://www.vienthammydiva.vn,0.0,0,0,,2026-05-27 16:53:04,2026-05-27 16:53:04,active,"{""category"": ""cssk"", ""detail_url"": ""https://csdl.vietnamtourism.gov.vn/cssk/?item=6"", ""email"": """", ""item_id"": ""6"", ""source"": ""csdl.vietnamtourism.gov.vn""}",
233,Mũi Né Johnny Spa,,"57 Nguyễn Đình Chiểu, Mũi Né, Thành phố Phan Thiết, Bình Thuận",10,khac,0.0,0.0,0.0,,,0368183059,https://muinejohnnyspa.com/,0.0,0,0,,2026-05-27 16:53:04,2026-05-27 16:53:04,active,"{""category"": ""cssk"", ""detail_url"": ""https://csdl.vietnamtourism.gov.vn/cssk/?item=33"", ""email"": ""johnnyspa57@gmail.com"", ""item_id"": ""33"", ""source"": ""csdl.vietnamtourism.gov.vn""}",
234,Viện Thẩm Mỹ Dr.Sen,,"SN21, Đường DT 741, Thị xã Đồng Xoài, Bình Phước",9,khac,0.0,0.0,0.0,,,0336063397,,0.0,0,0,,2026-05-27 16:53:04,2026-05-27 16:53:04,active,"{""category"": ""cssk"", ""detail_url"": ""https://csdl.vietnamtourism.gov.vn/cssk/?item=27"", ""email"": """", ""item_id"": ""27"", ""source"": ""csdl.vietnamtourism.gov.vn""}",
235,Kay Spa,,"Số 382 đường 30/4, Thành phố Tây Ninh",49,khac,0.0,0.0,0.0,,,,,0.0,0,0,,2026-05-27 16:53:04,2026-05-27 16:53:04,active,"{""category"": ""cssk"", ""detail_url"": ""https://csdl.vietnamtourism.gov.vn/cssk/?item=30"", ""email"": """", ""item_id"": ""30"", ""source"": ""csdl.vietnamtourism.gov.vn""}",
236,Massage Như Ý - Cát Tường,,"123 Trần Hưng Đạo, Phú Thủy, Thành phố Phan Thiết, Bình Thuận",10,khac,0.0,0.0,0.0,,,0933899798,,0.0,0,0,,2026-05-27 16:53:04,2026-05-27 16:53:04,active,"{""category"": ""cssk"", ""detail_url"": ""https://csdl.vietnamtourism.gov.vn/cssk/?item=36"", ""email"": ""anhngoc1341989@gmail.com"", ""item_id"": ""36"", ""source"": ""csdl.vietnamtourism.gov.vn""}",
237,Thẩm Mỹ Viện Seoul,,"154 Trương Hán Siêu, Phú Thủy, Thành phố Phan Thiết, Bình Thuận",10,khac,0.0,0.0,0.0,,,,,0.0,0,0,,2026-05-27 16:53:04,2026-05-27 16:53:04,active,"{""category"": ""cssk"", ""detail_url"": ""https://csdl.vietnamtourism.gov.vn/cssk/?item=39"", ""email"": """", ""item_id"": ""39"", ""source"": ""csdl.vietnamtourism.gov.vn""}",
238,Spa Sunflower,,"141 Nguyễn Đình Chiểu, Mũi Né, Thành phố Phan Thiết, Bình Thuận",10,khac,0.0,0.0,0.0,,,0962005154,,0.0,0,0,,2026-05-27 16:53:04,2026-05-27 16:53:04,active,"{""category"": ""cssk"", ""detail_url"": ""https://csdl.vietnamtourism.gov.vn/cssk/?item=42"", ""email"": """", ""item_id"": ""42"", ""source"": ""csdl.vietnamtourism.gov.vn""}",
239,Hưng Thành Luxury Massage Phan Thiết,,"84/1 Trần Hưng Đạo, Thành phố Phan Thiết, Bình Thuận",10,khac,0.0,0.0,0.0,,,02523831668,,0.0,0,0,,2026-05-27 16:53:04,2026-05-27 16:53:04,active,"{""category"": ""cssk"", ""detail_url"": ""https://csdl.vietnamtourism.gov.vn/cssk/?item=45"", ""email"": """", ""item_id"": ""45"", ""source"": ""csdl.vietnamtourism.gov.vn""}",
240,Spa Mỹ Uyên,,"Số 199, đường Trần Phú, Thành phố Bạc Liêu, Bạc Liêu",2,khac,0.0,0.0,0.0,,,0775199199,,0.0,0,0,,2026-05-27 16:53:04,2026-05-27 16:53:04,active,"{""category"": ""cssk"", ""detail_url"": ""https://csdl.vietnamtourism.gov.vn/cssk/?item=51"", ""email"": ""huahauyen@gmail.com"", ""item_id"": ""51"", ""source"": ""csdl.vietnamtourism.gov.vn""}",
241,Mie House,,"32 đường Tôn Đức Thắng, Bạc Liêu, Thành phố Bạc Liêu, Bạc Liêu",2,khac,0.0,0.0,0.0,,,0947883352,,0.0,0,0,,2026-05-27 16:53:04,2026-05-27 16:53:04,active,"{""category"": ""cssk"", ""detail_url"": ""https://csdl.vietnamtourism.gov.vn/cssk/?item=54"", ""email"": """", ""item_id"": ""54"", ""source"": ""csdl.vietnamtourism.gov.vn""}",
242,Hana Spa Vinh,,"240 Trường Chinh, Thành phố Vinh, Nghệ An",37,khac,0.0,0.0,0.0,,,0931781789,,0.0,0,0,,2026-05-27 16:53:04,2026-05-27 16:53:04,active,"{""category"": ""cssk"", ""detail_url"": ""https://csdl.vietnamtourism.gov.vn/cssk/?item=57"", ""email"": ""hanaspavinh@gmail.com"", ""item_id"": ""57"", ""source"": ""csdl.vietnamtourism.gov.vn""}",
243,Thanh Thanh Spa,,"212 Nguyễn Văn Cừ, Thành phố Vinh, Nghệ An",37,khac,0.0,0.0,0.0,,,0967608686,,0.0,0,0,,2026-05-27 16:53:04,2026-05-27 16:53:04,active,"{""category"": ""cssk"", ""detail_url"": ""https://csdl.vietnamtourism.gov.vn/cssk/?item=60"", ""email"": ""thanhthanhspa25@gmail.com"", ""item_id"": ""60"", ""source"": ""csdl.vietnamtourism.gov.vn""}",
244,Camellia Spa,,"Số 2 Trường Thi, Trường Vinh, Thành phố Vinh, Nghệ An",37,khac,0.0,0.0,0.0,,,02388903555,https://camelliaspa.vn,0.0,0,0,,2026-05-27 16:53:04,2026-05-27 16:53:04,active,"{""category"": ""cssk"", ""detail_url"": ""https://csdl.vietnamtourism.gov.vn/cssk/?item=63"", ""email"": ""camelliaspa.vn@gmail.com"", ""item_id"": ""63"", ""source"": ""csdl.vietnamtourism.gov.vn""}",
245,Nataly Beauty & Spa,,"17A Đốc Thiết, Thành phố Vinh, Nghệ An",37,khac,0.0,0.0,0.0,,,0984125777,,0.0,0,0,,2026-05-27 16:53:04,2026-05-27 16:53:04,active,"{""category"": ""cssk"", ""detail_url"": ""https://csdl.vietnamtourism.gov.vn/cssk/?item=66"", ""email"": ""spahbnghean@gmail.com"", ""item_id"": ""66"", ""source"": ""csdl.vietnamtourism.gov.vn""}",
246,HB SPA - Nghệ An,,"18 Lê Văn Miến, Thành phố Vinh, Nghệ An",37,khac,0.0,0.0,0.0,,,0986340240,,0.0,0,0,,2026-05-27 16:53:04,2026-05-27 16:53:04,active,"{""category"": ""cssk"", ""detail_url"": ""https://csdl.vietnamtourism.gov.vn/cssk/?item=69"", ""email"": ""spahbnghean@gmail.com"", ""item_id"": ""69"", ""source"": ""csdl.vietnamtourism.gov.vn""}",
247,Khu du lịch sinh thái nước khoáng nóng Sơn Kim,,"Đội 9, Sơn Kim 1, Huyện Hương Sơn, Hà Tĩnh",22,khac,0.0,0.0,0.0,,,02396263646,,0.0,0,0,,2026-05-27 16:53:04,2026-05-27 16:53:04,active,"{""category"": ""cssk"", ""detail_url"": ""https://csdl.vietnamtourism.gov.vn/cssk/?item=72"", ""email"": ""nuockhoangthiennhiensonkim@gmail.com"", ""item_id"": ""72"", ""source"": ""csdl.vietnamtourism.gov.vn""}",
248,Lê Tâm Spa,,"số 09 Ngõ 9 Dương Vũ Quang, Thành phố Hà Tĩnh, Hà Tĩnh",22,khac,0.0,0.0,0.0,,,0941896969,https://le-tam-spa.business.site,0.0,0,0,,2026-05-27 16:53:04,2026-05-27 16:53:04,active,"{""category"": ""cssk"", ""detail_url"": ""https://csdl.vietnamtourism.gov.vn/cssk/?item=75"", ""email"": """", ""item_id"": ""75"", ""source"": ""csdl.vietnamtourism.gov.vn""}",
249,Melia Spa,,"149 Xuân Diệu, Thành phố Hà Tĩnh, Hà Tĩnh",22,khac,0.0,0.0,0.0,,,02393897999,,0.0,0,0,,2026-05-27 16:53:04,2026-05-27 16:53:04,active,"{""category"": ""cssk"", ""detail_url"": ""https://csdl.vietnamtourism.gov.vn/cssk/?item=78"", ""email"": ""hoaphan8891@gmail.com"", ""item_id"": ""78"", ""source"": ""csdl.vietnamtourism.gov.vn""}",
250,Mậm Spa,,"138 Nguyễn Du, Thành phố Hà Tĩnh, Hà Tĩnh",22,khac,0.0,0.0,0.0,,,0942597777,,0.0,0,0,,2026-05-27 16:53:04,2026-05-27 16:53:04,active,"{""category"": ""cssk"", ""detail_url"": ""https://csdl.vietnamtourism.gov.vn/cssk/?item=81"", ""email"": """", ""item_id"": ""81"", ""source"": ""csdl.vietnamtourism.gov.vn""}",
251,Thanh Tâm Spa,,"187 Nguyễn Công Trứ, Thành phố Hà Tĩnh, Hà Tĩnh",22,khac,0.0,0.0,0.0,,,0888138889,,0.0,0,0,,2026-05-27 16:53:04,2026-05-27 16:53:04,active,"{""category"": ""cssk"", ""detail_url"": ""https://csdl.vietnamtourism.gov.vn/cssk/?item=84"", ""email"": """", ""item_id"": ""84"", ""source"": ""csdl.vietnamtourism.gov.vn""}",
252,Spa Emmy,,"219 Trần Phú, Thành phố Hà Tĩnh, Hà Tĩnh",22,khac,0.0,0.0,0.0,,,0969786726,,0.0,0,0,,2026-05-27 16:53:04,2026-05-27 16:53:04,active,"{""category"": ""cssk"", ""detail_url"": ""https://csdl.vietnamtourism.gov.vn/cssk/?item=87"", ""email"": ""emmyspavn@gmail.com"", ""item_id"": ""87"", ""source"": ""csdl.vietnamtourism.gov.vn""}",
253,Suối Nước Nóng Hội Vân,,"Thôn Hội Vân, Huyện Phù Cát, Gia Lai",18,khac,0.0,0.0,0.0,,,0909682515,,0.0,0,0,,2026-05-27 16:53:04,2026-05-27 16:53:04,active,"{""category"": ""cssk"", ""detail_url"": ""https://csdl.vietnamtourism.gov.vn/cssk/?item=90"", ""email"": """", ""item_id"": ""90"", ""source"": ""csdl.vietnamtourism.gov.vn""}",
254,Yến Vy Spa,,"20/13 Trần Văn Ơn, Quy Nhơn Nam, Thành phố Qui Nhơn, Gia Lai",18,khac,0.0,0.0,0.0,,,0868015366,,0.0,0,0,,2026-05-27 16:53:04,2026-05-27 16:53:04,active,"{""category"": ""cssk"", ""detail_url"": ""https://csdl.vietnamtourism.gov.vn/cssk/?item=99"", ""email"": """", ""item_id"": ""99"", ""source"": ""csdl.vietnamtourism.gov.vn""}",
255,Charm Spa,,"2 Trịnh Công Sơn, Quy Nhơn Nam, Thành phố Qui Nhơn, Gia Lai",18,khac,0.0,0.0,0.0,,,02566551555,,0.0,0,0,,2026-05-27 16:53:04,2026-05-27 16:53:04,active,"{""category"": ""cssk"", ""detail_url"": ""https://csdl.vietnamtourism.gov.vn/cssk/?item=102"", ""email"": ""Charmspaquynhon@gmail.com"", ""item_id"": ""102"", ""source"": ""csdl.vietnamtourism.gov.vn""}",
256,Maris Beauty & Spa,,"322 Trần Hưng Đạo, Thành phố Qui Nhơn, Gia Lai",18,khac,0.0,0.0,0.0,,,0931068999,,0.0,0,0,,2026-05-27 16:53:04,2026-05-27 16:53:04,active,"{""category"": ""cssk"", ""detail_url"": ""https://csdl.vietnamtourism.gov.vn/cssk/?item=105"", ""email"": ""vtmmarisquynhon@gmail.com"", ""item_id"": ""105"", ""source"": ""csdl.vietnamtourism.gov.vn""}",
257,Công viên Suối khoáng nóng Núi Thần Tài,,"QL14G, Huyện Hòa Vang, Thành phố Đà Nẵng",60,khac,0.0,0.0,0.0,,,02363729999,https://nuithantai.vn/,0.0,0,0,,2026-05-27 16:53:04,2026-05-27 16:53:04,active,"{""category"": ""cssk"", ""detail_url"": ""https://csdl.vietnamtourism.gov.vn/cssk/?item=108"", ""email"": ""sales@nuithantai.vn"", ""item_id"": ""108"", ""source"": ""csdl.vietnamtourism.gov.vn""}",
258,Chạm Spa,,"152 Nguyễn Huệ, Thành phố Qui Nhơn, Gia Lai",18,khac,0.0,0.0,0.0,,,02563814468,,0.0,0,0,,2026-05-27 16:53:04,2026-05-27 16:53:04,active,"{""category"": ""cssk"", ""detail_url"": ""https://csdl.vietnamtourism.gov.vn/cssk/?item=93"", ""email"": ""cskh.chamspa@gmail.com"", ""item_id"": ""93"", ""source"": ""csdl.vietnamtourism.gov.vn""}",
259,Zen Spa,,"270 Nguyễn Thị Định, Quy Nhơn Nam, Thành phố Qui Nhơn, Gia Lai",18,khac,0.0,0.0,0.0,,,02566525678,,0.0,0,0,,2026-05-27 16:53:04,2026-05-27 16:53:04,active,"{""category"": ""cssk"", ""detail_url"": ""https://csdl.vietnamtourism.gov.vn/cssk/?item=96"", ""email"": """", ""item_id"": ""96"", ""source"": ""csdl.vietnamtourism.gov.vn""}",
260,Khu du lịch tắm khoáng nóng Phước Nhơn,,"Thôn Phú Sơn, Hòa Tiến, Huyện Hòa Vang, Thành phố Đà Nẵng",60,khac,0.0,0.0,0.0,,,02363632999,,0.0,0,0,,2026-05-27 16:53:04,2026-05-27 16:53:04,active,"{""category"": ""cssk"", ""detail_url"": ""https://csdl.vietnamtourism.gov.vn/cssk/?item=111"", ""email"": ""nhatphongvn@gmail.com"", ""item_id"": ""111"", ""source"": ""csdl.vietnamtourism.gov.vn""}",
261,Salem Spa Garden,,"528 đường 2 Tháng 9, Quận Hải Châu, Thành phố Đà Nẵng",60,khac,0.0,0.0,0.0,,,02363638888,,0.0,0,0,,2026-05-27 16:53:04,2026-05-27 16:53:04,active,"{""category"": ""cssk"", ""detail_url"": ""https://csdl.vietnamtourism.gov.vn/cssk/?item=114"", ""email"": ""salemspa.danang@gmail.com"", ""item_id"": ""114"", ""source"": ""csdl.vietnamtourism.gov.vn""}",
262,Massage House Đà Nẵng,,"06 Nguyễn Thiện Thuật, Quận Hải Châu, Thành phố Đà Nẵng",60,khac,0.0,0.0,0.0,,,02363832036,https://massagehouse.com.vn,0.0,0,0,,2026-05-27 16:53:04,2026-05-27 16:53:04,active,"{""category"": ""cssk"", ""detail_url"": ""https://csdl.vietnamtourism.gov.vn/cssk/?item=117"", ""email"": ""massagehouse.danang@gmail.com"", ""item_id"": ""117"", ""source"": ""csdl.vietnamtourism.gov.vn""}",
263,Cham Spa & Massage,,"05 Lê Quang Hòa, Hòa Xuân, Quận Cẩm Lệ, Thành phố Đà Nẵng",60,khac,0.0,0.0,0.0,,,02363626262,,0.0,0,0,,2026-05-27 16:53:04,2026-05-27 16:53:04,active,"{""category"": ""cssk"", ""detail_url"": ""https://csdl.vietnamtourism.gov.vn/cssk/?item=120"", ""email"": ""chamspamassage@gmail.com"", ""item_id"": ""120"", ""source"": ""csdl.vietnamtourism.gov.vn""}",
264,Min Luxury Spa & Spa Massage,,"02 Tô Hiến Thành, An Hải, Quận Sơn Trà, Thành phố Đà Nẵng",60,khac,0.0,0.0,0.0,,,0908379727,https://minluxuryspa.com,0.0,0,0,,2026-05-27 16:53:04,2026-05-27 16:53:04,active,"{""category"": ""cssk"", ""detail_url"": ""https://csdl.vietnamtourism.gov.vn/cssk/?item=123"", ""email"": ""minluxuryspa@gmail.com"", ""item_id"": ""123"", ""source"": ""csdl.vietnamtourism.gov.vn""}",
265,Ngoc Spa & Massage,,"38 Phạm Hồng Thái, Thành phố Buôn Ma Thuột, Đắc Lắk",22,khac,0.0,0.0,0.0,,,02623850658,,0.0,0,0,,2026-05-27 16:53:04,2026-05-27 16:53:04,active,"{""category"": ""cssk"", ""detail_url"": ""https://csdl.vietnamtourism.gov.vn/cssk/?item=127"", ""email"": """", ""item_id"": ""127"", ""source"": ""csdl.vietnamtourism.gov.vn""}",
266,Massage Vip Ban Me Xanh,,"56 Nguyễn Chí Thanh, Thành phố Buôn Ma Thuột, Đắc Lắk",22,khac,0.0,0.0,0.0,,,02620913142233,,0.0,0,0,,2026-05-27 16:53:04,2026-05-27 16:53:04,active,"{""category"": ""cssk"", ""detail_url"": ""https://csdl.vietnamtourism.gov.vn/cssk/?item=130"", ""email"": """", ""item_id"": ""130"", ""source"": ""csdl.vietnamtourism.gov.vn""}",
267,Seoul Spa Buôn Ma Thuột,,"58 Hùng Vương, Thành phố Buôn Ma Thuột, Đắc Lắk",0,khac,0.0,0.0,0.0,,,0938453123,https://www.seoulspa-vn.ne,0.0,0,0,,2026-05-27 16:53:04,2026-05-27 16:53:04,active,"{""category"": ""cssk"", ""detail_url"": ""https://csdl.vietnamtourism.gov.vn/cssk/?item=133"", ""email"": ""cskh@seoulspa.vn"", ""item_id"": ""133"", ""source"": ""csdl.vietnamtourism.gov.vn""}",
268,Diamond Spa & Massage,,"168 Hùng Vương, Thành phố Buôn Ma Thuột, Đắc Lắk",0,khac,0.0,0.0,0.0,,,0906714986,,0.0,0,0,,2026-05-27 16:53:04,2026-05-27 16:53:04,active,"{""category"": ""cssk"", ""detail_url"": ""https://csdl.vietnamtourism.gov.vn/cssk/?item=136"", ""email"": """", ""item_id"": ""136"", ""source"": ""csdl.vietnamtourism.gov.vn""}",
269,Công Ty TNHH Foot Massage 12 Gia Đình,,"L10 Ybih Lêo, Thành phố Buôn Ma Thuột, Đắc Lắk",0,khac,0.0,0.0,0.0,,,0941424391,,0.0,0,0,,2026-05-27 16:53:04,2026-05-27 16:53:04,active,"{""category"": ""cssk"", ""detail_url"": ""https://csdl.vietnamtourism.gov.vn/cssk/?item=139"", ""email"": """", ""item_id"": ""139"", ""source"": ""csdl.vietnamtourism.gov.vn""}",
270,Hà Lan Spa,,"142 Nguyễn Văn Linh, Cư Jút, Huyện Cư Jút, Đắc Nông",0,khac,0.0,0.0,0.0,,,0828919128,,0.0,0,0,,2026-05-27 16:53:04,2026-05-27 16:53:04,active,"{""category"": ""cssk"", ""detail_url"": ""https://csdl.vietnamtourism.gov.vn/cssk/?item=141"", ""email"": """", ""item_id"": ""141"", ""source"": ""csdl.vietnamtourism.gov.vn""}",
271,Trường Đại học An Giang,,"số 18 Ung Văn Khiêm, Thành phố Long Xuyên",1,khac,0.0,0.0,0.0,,,,https://www.agu.edu.vn,0.0,0,0,,2026-05-27 16:53:04,2026-05-27 16:53:04,active,"{""category"": ""csdt"", ""detail_url"": ""https://csdl.vietnamtourism.gov.vn/csdt/?item=4"", ""email"": ""webmaster@agu.edu.vn"", ""item_id"": ""4"", ""source"": ""csdl.vietnamtourism.gov.vn""}",
272,Trường Đại học Bà Rịa - Vũng Tàu,,"80 Trương Công Định, Thành phố Vũng Tàu, Bà Rịa - Vũng Tàu",62,khac,0.0,0.0,0.0,,,02547305456,https://bvu.edu.vn,0.0,0,0,,2026-05-27 16:53:04,2026-05-27 16:53:04,active,"{""category"": ""csdt"", ""detail_url"": ""https://csdl.vietnamtourism.gov.vn/csdt/?item=7"", ""email"": ""dhbrvt@bvu.edu.vn"", ""item_id"": ""7"", ""source"": ""csdl.vietnamtourism.gov.vn""}",
273,Trường Cao đẳng Du lịch Vũng Tàu,,"459 Trương Công Định, Thành phố Vũng Tàu, Bà Rịa - Vũng Tàu",62,khac,0.0,0.0,0.0,,,02543853334,http://vtvc.edu.vn,0.0,0,0,,2026-05-27 16:53:04,2026-05-27 16:53:04,active,"{""category"": ""csdt"", ""detail_url"": ""https://csdl.vietnamtourism.gov.vn/csdt/?item=10"", ""email"": ""truongdulich@vtvc.edu.vn"", ""item_id"": ""10"", ""source"": ""csdl.vietnamtourism.gov.vn""}",
274,Trường Đại học Cần Thơ,,"Khu II, đường 3/2, Quận Ninh Kiều, Thành phố Cần Thơ",59,khac,0.0,0.0,0.0,,,02923832663,https://www.ctu.edu.vn,0.0,0,0,,2026-05-27 16:53:04,2026-05-27 16:53:04,active,"{""category"": ""csdt"", ""detail_url"": ""https://csdl.vietnamtourism.gov.vn/csdt/?item=13"", ""email"": ""dhct@ctu.edu.vn"", ""item_id"": ""13"", ""source"": ""csdl.vietnamtourism.gov.vn""}",
275,Trường Đại học Công nghệ Đồng Nai,,"Đường Nguyễn Khuyến, Khu phố 5, Trảng Dài, Thành phố Biên Hòa, Đồng Nai",16,khac,0.0,0.0,0.0,,,02513996473,https://dntu.edu.vn,0.0,0,0,,2026-05-27 16:53:04,2026-05-27 16:53:04,active,"{""category"": ""csdt"", ""detail_url"": ""https://csdl.vietnamtourism.gov.vn/csdt/?item=16"", ""email"": ""tuyensinh@dntu.edu.vn"", ""item_id"": ""16"", ""source"": ""csdl.vietnamtourism.gov.vn""}",
276,Trường Cao đẳng Kiên Giang,,"217 Chu Văn An, Thành phố Rạch Giá, An Giang",1,khac,0.0,0.0,0.0,,,02963863530,https://www.kgc.edu.vn,0.0,0,0,,2026-05-27 16:53:04,2026-05-27 16:53:04,active,"{""category"": ""csdt"", ""detail_url"": ""https://csdl.vietnamtourism.gov.vn/csdt/?item=19"", ""email"": ""kgc@kgc.edu.vn"", ""item_id"": ""19"", ""source"": ""csdl.vietnamtourism.gov.vn""}",
277,Trường Cao đẳng Công nghệ và Du lịch,,"201 Nguyễn Văn Rành, Thành phố Tân An, Tây Ninh",49,khac,0.0,0.0,0.0,,,02723839177,http://caodangcongnghedulich.edu.vn,0.0,0,0,,2026-05-27 16:53:04,2026-05-27 16:53:04,active,"{""category"": ""csdt"", ""detail_url"": ""https://csdl.vietnamtourism.gov.vn/csdt/?item=22"", ""email"": ""ladec@ladec.com.vn"", ""item_id"": ""22"", ""source"": ""csdl.vietnamtourism.gov.vn""}",
278,Trường Đại học Dân lập Văn Hiến,,"665-667-669 Điện Biên Phủ, Quận 3, Thành phố Hồ Chí Minh",61,khac,0.0,0.0,0.0,,,02838320333,https://vhu.edu.vn,0.0,0,0,,2026-05-27 16:53:04,2026-05-27 16:53:04,active,"{""category"": ""csdt"", ""detail_url"": ""https://csdl.vietnamtourism.gov.vn/csdt/?item=25"", ""email"": ""info@vhu.edu.vn"", ""item_id"": ""25"", ""source"": ""csdl.vietnamtourism.gov.vn""}",
279,Trường Đại học Văn Lang,,"45 Nguyễn Khắc Nhu, Quận 1, Thành phố Hồ Chí Minh",61,khac,0.0,0.0,0.0,,,02871059999,https://www.vanlanguni.edu.vn,0.0,0,0,,2026-05-27 16:53:04,2026-05-27 16:53:04,active,"{""category"": ""csdt"", ""detail_url"": ""https://csdl.vietnamtourism.gov.vn/csdt/?item=28"", ""email"": ""info@vlu.edu.vn"", ""item_id"": ""28"", ""source"": ""csdl.vietnamtourism.gov.vn""}",
280,Trường Đại học Khoa học Xã hội Nhân văn,,"10-12 Đinh Tiên Hoàng, Sài Gòn, Quận 1, Thành phố Hồ Chí Minh",61,khac,0.0,0.0,0.0,,,02838293828,https://hcmussh.edu.vn,0.0,0,0,,2026-05-27 16:53:04,2026-05-27 16:53:04,active,"{""category"": ""csdt"", ""detail_url"": ""https://csdl.vietnamtourism.gov.vn/csdt/?item=31"", ""email"": ""hanhchinh@hcmussh.edu.vn"", ""item_id"": ""31"", ""source"": ""csdl.vietnamtourism.gov.vn""}",
281,Trường Đại học Tôn Đức Thắng,,"19 Nguyễn Hữu Thọ, Phường Tân Phong, Quận 7, Thành phố Hồ Chí Minh",61,khac,0.0,0.0,0.0,,,02837755035,https://tdtu.edu.vn,0.0,0,0,,2026-05-27 16:53:04,2026-05-27 16:53:04,active,"{""category"": ""csdt"", ""detail_url"": ""https://csdl.vietnamtourism.gov.vn/csdt/?item=34"", ""email"": ""tuvantuyensinh@tdtu.edu.vn"", ""item_id"": ""34"", ""source"": ""csdl.vietnamtourism.gov.vn""}",
282,Trường Cao đẳng Quốc tế Kent,,"219 – 221 Xô Viết Nghệ Tĩnh, Quận Bình Thạnh, Thành phố Hồ Chí Minh",61,khac,0.0,0.0,0.0,,,02873003969,https://kent.edu.vn,0.0,0,0,,2026-05-27 16:53:04,2026-05-27 16:53:04,active,"{""category"": ""csdt"", ""detail_url"": ""https://csdl.vietnamtourism.gov.vn/csdt/?item=37"", ""email"": ""tuyensinh@kent.edu.vn"", ""item_id"": ""37"", ""source"": ""csdl.vietnamtourism.gov.vn""}",
283,Trường Cao đẳng Kinh tế Tp. Hồ Chí Minh,,"33 Vĩnh Viễn, Vườn Lài, Quận 10, Thành phố Hồ Chí Minh",61,khac,0.0,0.0,0.0,,,02838330731,http://www.kthcm.edu.vn,0.0,0,0,,2026-05-27 16:53:04,2026-05-27 16:53:04,active,"{""category"": ""csdt"", ""detail_url"": ""https://csdl.vietnamtourism.gov.vn/csdt/?item=40"", ""email"": ""hce@kthcm.edu.vn"", ""item_id"": ""40"", ""source"": ""csdl.vietnamtourism.gov.vn""}",
284,Trường Đại học Hoa Sen,,"08 Nguyễn Văn Tráng, Bến Thành, Quận 1, Thành phố Hồ Chí Minh",61,khac,0.0,0.0,0.0,,,02873007272,https://www.hoasen.edu.vn,0.0,0,0,,2026-05-27 16:53:04,2026-05-27 16:53:04,active,"{""category"": ""csdt"", ""detail_url"": ""https://csdl.vietnamtourism.gov.vn/csdt/?item=43"", ""email"": ""vpbgh@hoasen.edu.vn"", ""item_id"": ""43"", ""source"": ""csdl.vietnamtourism.gov.vn""}",
285,Trường Đại học Công nghiệp Thực phẩm Tp. Hồ Chí Minh,,"140 Lê Trọng Tấn, Tây Thạnh, Quận Tân Phú, Thành phố Hồ Chí Minh",61,khac,0.0,0.0,0.0,,,02838163318,https://hufi.edu.vn,0.0,0,0,,2026-05-27 16:53:04,2026-05-27 16:53:04,active,"{""category"": ""csdt"", ""detail_url"": ""https://csdl.vietnamtourism.gov.vn/csdt/?item=46"", ""email"": ""infor@hufi.edu.vn"", ""item_id"": ""46"", ""source"": ""csdl.vietnamtourism.gov.vn""}",
286,Trường Đại học Hùng Vương Tp. Hồ Chí Minh,,"736 Nguyễn Trãi, Q.5, TP. HCM, Quận 5, Thành phố Hồ Chí Minh",61,khac,0.0,0.0,0.0,,,02838553675,https://hvuh.edu.vn,0.0,0,0,,2026-05-27 16:53:04,2026-05-27 16:53:04,active,"{""category"": ""csdt"", ""detail_url"": ""https://csdl.vietnamtourism.gov.vn/csdt/?item=49"", ""email"": ""info@hvuh.edu.vn"", ""item_id"": ""49"", ""source"": ""csdl.vietnamtourism.gov.vn""}",
287,Trường Đại Học Quốc Tế Hồng Bàng,,"215 Điện Biên Phủ, P.15, Bình Thạnh, TP.HCM, Thành phố Hồ Chí Minh",61,khac,0.0,0.0,0.0,,,02873083456,https://hiu.vn,0.0,0,0,,2026-05-27 16:53:04,2026-05-27 16:53:04,active,"{""category"": ""csdt"", ""detail_url"": ""https://csdl.vietnamtourism.gov.vn/csdt/?item=52"", ""email"": ""hiu@hiu.vn"", ""item_id"": ""52"", ""source"": ""csdl.vietnamtourism.gov.vn""}",
288,Trường Đại học Kinh tế TP. Hồ Chí Minh,,"59C Nguyễn Đình Chiểu, Xuân Hòa, Quận 3, Thành phố Hồ Chí Minh",61,khac,0.0,0.0,0.0,,,02838295299,https://www.ueh.edu.vn,0.0,0,0,,2026-05-27 16:53:04,2026-05-27 16:53:04,active,"{""category"": ""csdt"", ""detail_url"": ""https://csdl.vietnamtourism.gov.vn/csdt/?item=55"", ""email"": ""info@ueh.edu.vn"", ""item_id"": ""55"", ""source"": ""csdl.vietnamtourism.gov.vn""}",
289,Trường Đại học Kinh tế - Tài chính TP. Hồ Chí Minh,,"141 - 145 Điện Biên Phủ, Quận Bình Thạnh, Thành phố Hồ Chí Minh",61,khac,0.0,0.0,0.0,,,02854225555,https://www.uef.edu.vn,0.0,0,0,,2026-05-27 16:53:04,2026-05-27 16:53:04,active,"{""category"": ""csdt"", ""detail_url"": ""https://csdl.vietnamtourism.gov.vn/csdt/?item=58"", ""email"": ""tuyensinh@uef.edu.vn"", ""item_id"": ""58"", ""source"": ""csdl.vietnamtourism.gov.vn""}",
290,Trường Đại học Nguyễn Tất Thành,,"300A - Nguyễn Tất Thành, Xóm Chiếu, Quận 4, Thành phố Hồ Chí Minh",61,khac,0.0,0.0,0.0,,,02819002039,https://ntt.edu.vn,0.0,0,0,,2026-05-27 16:53:04,2026-05-27 16:53:04,active,"{""category"": ""csdt"", ""detail_url"": ""https://csdl.vietnamtourism.gov.vn/csdt/?item=61"", ""email"": ""ntt@ntt.edu.vn"", ""item_id"": ""61"", ""source"": ""csdl.vietnamtourism.gov.vn""}",
291,Trường Đại học Công nghiệp Vinh,,"26 Nguyễn Thái Học, Thành phố Vinh, Nghệ An",37,khac,0.0,0.0,0.0,,,02383535232,http://www.iuv.edu.vn,0.0,0,0,,2026-05-27 16:53:04,2026-05-27 16:53:04,active,"{""category"": ""csdt"", ""detail_url"": ""https://csdl.vietnamtourism.gov.vn/csdt/?item=64"", ""email"": ""congnghiepvinh@gmail.com"", ""item_id"": ""64"", ""source"": ""csdl.vietnamtourism.gov.vn""}",
292,Trường Cao đẳng Văn hóa nghệ thuật Nghệ An,,"35 đường Phùng Chí Kiên - Thành Phố Vinh - Nghệ An, Vinh Lộc, Thành phố Vinh, Nghệ An",37,khac,0.0,0.0,0.0,,,02383565882,https://www.vhna.edu.vn,0.0,0,0,,2026-05-27 16:53:04,2026-05-27 16:53:04,active,"{""category"": ""csdt"", ""detail_url"": ""https://csdl.vietnamtourism.gov.vn/csdt/?item=67"", ""email"": ""bbtap@vhna.edu.vn"", ""item_id"": ""67"", ""source"": ""csdl.vietnamtourism.gov.vn""}",
293,Trường Đại học Công nghệ Vạn Xuân,,"số 103, Nguyễn Sinh Cung, Cửa Lò, Thị xã Cửa Lò, Nghệ An",37,khac,0.0,0.0,0.0,,,02383956561,https://www.vxut.edu.vn,0.0,0,0,,2026-05-27 16:53:04,2026-05-27 16:53:04,active,"{""category"": ""csdt"", ""detail_url"": ""https://csdl.vietnamtourism.gov.vn/csdt/?item=70"", ""email"": ""tuyensinh@vxut.edu.vn"", ""item_id"": ""70"", ""source"": ""csdl.vietnamtourism.gov.vn""}",
294,Trường Đại học Quang Trung,,"327 Đào Tấn, Quy Nhơn Bắc, Thành phố Qui Nhơn, Gia Lai",18,khac,0.0,0.0,0.0,,,02562241037,https://qtu.edu.vn,0.0,0,0,,2026-05-27 16:53:04,2026-05-27 16:53:04,active,"{""category"": ""csdt"", ""detail_url"": ""https://csdl.vietnamtourism.gov.vn/csdt/?item=73"", ""email"": ""phongttts@qtu.edu.vn"", ""item_id"": ""73"", ""source"": ""csdl.vietnamtourism.gov.vn""}",
295,Trường Đại học Quy Nhơn,,"170 An Dương Vương, Quy Nhơn Nam, Thành phố Qui Nhơn, Gia Lai",18,khac,0.0,0.0,0.0,,,02563846156,https://qnu.edu.vn,0.0,0,0,,2026-05-27 16:53:04,2026-05-27 16:53:04,active,"{""category"": ""csdt"", ""detail_url"": ""https://csdl.vietnamtourism.gov.vn/csdt/?item=76"", ""email"": ""dhqn@qnu.edu.vn"", ""item_id"": ""76"", ""source"": ""csdl.vietnamtourism.gov.vn""}",
296,Trường Cao đẳng Bình Định,,"684 Hùng Vương, Quy Nhơn Bắc, Thành phố Qui Nhơn, Gia Lai",18,khac,0.0,0.0,0.0,,,02563648004,http://www.cdbd.edu.vn,0.0,0,0,,2026-05-27 16:53:04,2026-05-27 16:53:04,active,"{""category"": ""csdt"", ""detail_url"": ""https://csdl.vietnamtourism.gov.vn/csdt/?item=79"", ""email"": ""p.hcqttc@cdbd.edu.vn"", ""item_id"": ""79"", ""source"": ""csdl.vietnamtourism.gov.vn""}",
297,Nhân lực tại các cơ sở đào tạo,,Hạ Long,22,khac,0.0,0.0,0.0,,,,,0.0,0,0,,2026-05-27 16:53:04,2026-05-27 16:53:04,active,"{""category"": ""csdt"", ""detail_url"": ""https://csdl.vietnamtourism.gov.vn/csdt/?item=84"", ""email"": """", ""item_id"": ""84"", ""source"": ""csdl.vietnamtourism.gov.vn""}",
298,Trung Tâm Thể Dục Thể Thao Tỉnh Bình Định,,"236 B Lê Hồng Phong, Thành phố Qui Nhơn, Gia Lai",18,giai_tri,0.0,0.0,0.0,,,02563818773,,0.0,0,0,,2026-05-27 16:53:04,2026-05-27 16:53:04,active,"{""category"": ""tt"", ""detail_url"": ""https://csdl.vietnamtourism.gov.vn/tt/?item=5"", ""email"": """", ""item_id"": ""5"", ""source"": ""csdl.vietnamtourism.gov.vn""}",
299,Forever Young Yoga & Fitness,,"Lô DC2, 21 Đ. Trần Đăng Phong, Quy Nhơn Nam, Thành phố Qui Nhơn, Gia Lai",18,giai_tri,0.0,0.0,0.0,,,0903594459,,0.0,0,0,,2026-05-27 16:53:04,2026-05-27 16:53:04,active,"{""category"": ""tt"", ""detail_url"": ""https://csdl.vietnamtourism.gov.vn/tt/?item=8"", ""email"": """", ""item_id"": ""8"", ""source"": ""csdl.vietnamtourism.gov.vn""}",
300,Devi Yoga,,"105F Hai Bà Trưng, Quy Nhơn, Thành phố Qui Nhơn, Gia Lai",18,giai_tri,0.0,0.0,0.0,,,02563818333,,0.0,0,0,,2026-05-27 16:53:04,2026-05-27 16:53:04,active,"{""category"": ""tt"", ""detail_url"": ""https://csdl.vietnamtourism.gov.vn/tt/?item=11"", ""email"": """", ""item_id"": ""11"", ""source"": ""csdl.vietnamtourism.gov.vn""}",
301,Câu lạc bộ VVTD JET Martial Arts & Fitness,,"814 Trần Hưng Đạo, Thành phố Qui Nhơn, Gia Lai",18,giai_tri,0.0,0.0,0.0,,,0775499747,,0.0,0,0,,2026-05-27 16:53:04,2026-05-27 16:53:04,active,"{""category"": ""tt"", ""detail_url"": ""https://csdl.vietnamtourism.gov.vn/tt/?item=14"", ""email"": """", ""item_id"": ""14"", ""source"": ""csdl.vietnamtourism.gov.vn""}",
302,Trung tâm Huấn luyện và Thi đấu Thể thao,,"122, Đường Hai Mươi Tháng Tám, Bảo An, Thành phố Phan Rang-Tháp Chàm, Ninh Thuận",39,giai_tri,0.0,0.0,0.0,,,02593823527,,0.0,0,0,,2026-05-27 16:53:04,2026-05-27 16:53:04,active,"{""category"": ""tt"", ""detail_url"": ""https://csdl.vietnamtourism.gov.vn/tt/?item=17"", ""email"": """", ""item_id"": ""17"", ""source"": ""csdl.vietnamtourism.gov.vn""}",
303,CLB Tâm Thể Mỹ Yoga Phan Rang - Ninh Thuận,,"11 Phạm Hồng Thái, Thành phố Phan Rang-Tháp Chàm, Ninh Thuận",39,giai_tri,0.0,0.0,0.0,,,0937382557,,0.0,0,0,,2026-05-27 16:53:04,2026-05-27 16:53:04,active,"{""category"": ""tt"", ""detail_url"": ""https://csdl.vietnamtourism.gov.vn/tt/?item=20"", ""email"": """", ""item_id"": ""20"", ""source"": ""csdl.vietnamtourism.gov.vn""}",
304,CLB Gym & Fitness Tuyết Vi Ninh Thuận,,"287 Yết Kiêu, Thành phố Phan Rang-Tháp Chàm, Ninh Thuận",39,giai_tri,0.0,0.0,0.0,,,0941688818,,0.0,0,0,,2026-05-27 16:53:04,2026-05-27 16:53:04,active,"{""category"": ""tt"", ""detail_url"": ""https://csdl.vietnamtourism.gov.vn/tt/?item=23"", ""email"": """", ""item_id"": ""23"", ""source"": ""csdl.vietnamtourism.gov.vn""}",
305,"Trung Tâm Huấn Luyện Và Thi Đấu Thể Dục, Thể Thao Nghệ An",,"06 Đào Tấn, khối 3, Trường Vinh, Thành phố Vinh, Nghệ An",37,giai_tri,0.0,0.0,0.0,,,,,0.0,0,0,,2026-05-27 16:53:04,2026-05-27 16:53:04,active,"{""category"": ""tt"", ""detail_url"": ""https://csdl.vietnamtourism.gov.vn/tt/?item=26"", ""email"": """", ""item_id"": ""26"", ""source"": ""csdl.vietnamtourism.gov.vn""}",
306,X-GYM Fitness,,"59 Đinh Lễ, Thành phố Vinh, Nghệ An",37,giai_tri,0.0,0.0,0.0,,,,,0.0,0,0,,2026-05-27 16:53:04,2026-05-27 16:53:04,active,"{""category"": ""tt"", ""detail_url"": ""https://csdl.vietnamtourism.gov.vn/tt/?item=29"", ""email"": """", ""item_id"": ""29"", ""source"": ""csdl.vietnamtourism.gov.vn""}",
307,Trung tâm Thể Thao Italy Sport Vinh Nghệ An,,"10 Nguyễn Tài, Thành phố Vinh, Nghệ An",37,giai_tri,0.0,0.0,0.0,,,0904979662,,0.0,0,0,,2026-05-27 16:53:04,2026-05-27 16:53:04,active,"{""category"": ""tt"", ""detail_url"": ""https://csdl.vietnamtourism.gov.vn/tt/?item=32"", ""email"": """", ""item_id"": ""32"", ""source"": ""csdl.vietnamtourism.gov.vn""}",
308,Melia Ba Vi Mountain Retreat,,"Cote 600, Vườn quốc gia Ba Vì,, Ba Vì, Huyện Ba Vì, Thành phố Hà Nội",21,giai_tri,0.0,0.0,0.0,,,02432009999,https://www.melia.com/vi/hotels/vietnam/hanoi/melia-ba-vi-mountain-retreat/index.htm,0.0,0,0,,2026-05-27 16:53:04,2026-05-27 16:53:04,active,"{""category"": ""tt"", ""detail_url"": ""https://csdl.vietnamtourism.gov.vn/tt/?item=35"", ""email"": ""info@meliabavimountain.com"", ""item_id"": ""35"", ""source"": ""csdl.vietnamtourism.gov.vn""}",
309,Gym Café,,"M39-40, Tôn Đức Thắng, Hàm Thắng, Thành phố Phan Thiết, Bình Thuận",10,giai_tri,0.0,0.0,0.0,,,0966600393,,0.0,0,0,,2026-05-27 16:53:04,2026-05-27 16:53:04,active,"{""category"": ""tt"", ""detail_url"": ""https://csdl.vietnamtourism.gov.vn/tt/?item=38"", ""email"": """", ""item_id"": ""38"", ""source"": ""csdl.vietnamtourism.gov.vn""}",
310,Best Gym,,"753/7 Phạm Hữu Lầu, Thành phố Cao Lãnh",17,giai_tri,0.0,0.0,0.0,,,0989515514,,0.0,0,0,,2026-05-27 16:53:04,2026-05-27 16:53:04,active,"{""category"": ""tt"", ""detail_url"": ""https://csdl.vietnamtourism.gov.vn/tt/?item=41"", ""email"": """", ""item_id"": ""41"", ""source"": ""csdl.vietnamtourism.gov.vn""}",
311,Cana Gym,,"22 Lý Thường Kiệt, Long Hoa, Huyện Hòa Thành",22,giai_tri,0.0,0.0,0.0,,,0919309248,,0.0,0,0,,2026-05-27 16:53:04,2026-05-27 16:53:04,active,"{""category"": ""tt"", ""detail_url"": ""https://csdl.vietnamtourism.gov.vn/tt/?item=42"", ""email"": """", ""item_id"": ""42"", ""source"": ""csdl.vietnamtourism.gov.vn""}",
312,Trung tâm thể dục thể thao thành phố Bạc Liêu,,"số 546, đường Võ Thị Sáu, Thành phố Bạc Liêu, Bạc Liêu",2,giai_tri,0.0,0.0,0.0,,,02917813822163,,0.0,0,0,,2026-05-27 16:53:04,2026-05-27 16:53:04,active,"{""category"": ""tt"", ""detail_url"": ""https://csdl.vietnamtourism.gov.vn/tt/?item=45"", ""email"": """", ""item_id"": ""45"", ""source"": ""csdl.vietnamtourism.gov.vn""}",
313,Gym Hợp Phố,,"Long Điền, Huyện Đông Hải, Bạc Liêu",2,giai_tri,0.0,0.0,0.0,,,0949270760,,0.0,0,0,,2026-05-27 16:53:04,2026-05-27 16:53:04,active,"{""category"": ""tt"", ""detail_url"": ""https://csdl.vietnamtourism.gov.vn/tt/?item=48"", ""email"": """", ""item_id"": ""48"", ""source"": ""csdl.vietnamtourism.gov.vn""}",
314,"CLB thể hình Thành Thái, Bạc Liêu",,"Nguyễn Thái Học, Bạc Liêu, Thành phố Bạc Liêu, Bạc Liêu",2,giai_tri,0.0,0.0,0.0,,,0909684685,,0.0,0,0,,2026-05-27 16:53:04,2026-05-27 16:53:04,active,"{""category"": ""tt"", ""detail_url"": ""https://csdl.vietnamtourism.gov.vn/tt/?item=51"", ""email"": """", ""item_id"": ""51"", ""source"": ""csdl.vietnamtourism.gov.vn""}",
315,Câu Lạc Bộ Gym – Fitness,,"485 Cách Mạng Tháng Tám, Đức Linh, Huyện Đức Linh, Bình Thuận",10,giai_tri,0.0,0.0,0.0,,,0933542245,,0.0,0,0,,2026-05-27 16:53:04,2026-05-27 16:53:04,active,"{""category"": ""tt"", ""detail_url"": ""https://csdl.vietnamtourism.gov.vn/tt/?item=54"", ""email"": """", ""item_id"": ""54"", ""source"": ""csdl.vietnamtourism.gov.vn""}",
316,S Fitness Phan Thiết,,"24 Lê Quý Đôn, Phú Thủy, Thành phố Phan Thiết, Bình Thuận",10,giai_tri,0.0,0.0,0.0,,,02526277799,,0.0,0,0,,2026-05-27 16:53:04,2026-05-27 16:53:04,active,"{""category"": ""tt"", ""detail_url"": ""https://csdl.vietnamtourism.gov.vn/tt/?item=57"", ""email"": """", ""item_id"": ""57"", ""source"": ""csdl.vietnamtourism.gov.vn""}",
317,Gym Fitness Mũi Né,,"89 Huỳnh Tấn Phát, Thành phố Phan Thiết, Bình Thuận",10,giai_tri,0.0,0.0,0.0,,,02526505899,,0.0,0,0,,2026-05-27 16:53:04,2026-05-27 16:53:04,active,"{""category"": ""tt"", ""detail_url"": ""https://csdl.vietnamtourism.gov.vn/tt/?item=60"", ""email"": """", ""item_id"": ""60"", ""source"": ""csdl.vietnamtourism.gov.vn""}",
318,Quốc Thi Fitness and Yoga,,"72 Hàm Nghi, Tầng 2, Căn Hộ HAGL, Quận Thanh Khê, Thành phố Đà Nẵng",60,giai_tri,0.0,0.0,0.0,,,0903533913,,0.0,0,0,,2026-05-27 16:53:04,2026-05-27 16:53:04,active,"{""category"": ""tt"", ""detail_url"": ""https://csdl.vietnamtourism.gov.vn/tt/?item=63"", ""email"": """", ""item_id"": ""63"", ""source"": ""csdl.vietnamtourism.gov.vn""}",
319,California Fitness & Yoga tại Đà Nẵng,,"Tòa Nhà Bưu Điện Thành Phố, Tầng 3, 271 Nguyễn Văn Linh, Quận Thanh Khê, Thành phố Đà Nẵng",60,giai_tri,0.0,0.0,0.0,,,02363538999,,0.0,0,0,,2026-05-27 16:53:04,2026-05-27 16:53:04,active,"{""category"": ""tt"", ""detail_url"": ""https://csdl.vietnamtourism.gov.vn/tt/?item=66"", ""email"": """", ""item_id"": ""66"", ""source"": ""csdl.vietnamtourism.gov.vn""}",
320,Trung Tâm Fitness & Yoga Funny,,"43 Đỗ Quang, Quận Thanh Khê, Thành phố Đà Nẵng",60,giai_tri,0.0,0.0,0.0,,,02363525626,,0.0,0,0,,2026-05-27 16:53:04,2026-05-27 16:53:04,active,"{""category"": ""tt"", ""detail_url"": ""https://csdl.vietnamtourism.gov.vn/tt/?item=69"", ""email"": """", ""item_id"": ""69"", ""source"": ""csdl.vietnamtourism.gov.vn""}",
321,HĐ Fitness Center,,"996 Ngô Quyền, Quận Sơn Trà, Thành phố Đà Nẵng",60,giai_tri,0.0,0.0,0.0,,,0901144177,,0.0,0,0,,2026-05-27 16:53:04,2026-05-27 16:53:04,active,"{""category"": ""tt"", ""detail_url"": ""https://csdl.vietnamtourism.gov.vn/tt/?item=72"", ""email"": """", ""item_id"": ""72"", ""source"": ""csdl.vietnamtourism.gov.vn""}",
322,TA Galaxy Fitness & Yoga Center Family,,"144 Ông Ích Khiêm, khu Phú Gia Compound, Quận Hải Châu, Thành phố Đà Nẵng",60,giai_tri,0.0,0.0,0.0,,,0931972777,,0.0,0,0,,2026-05-27 16:53:04,2026-05-27 16:53:04,active,"{""category"": ""tt"", ""detail_url"": ""https://csdl.vietnamtourism.gov.vn/tt/?item=75"", ""email"": """", ""item_id"": ""75"", ""source"": ""csdl.vietnamtourism.gov.vn""}",
323,The City Gym,,"512 - 514 Nguyễn Tri Phương, Quận Hải Châu, Thành phố Đà Nẵng",60,giai_tri,0.0,0.0,0.0,,,0905404212,,0.0,0,0,,2026-05-27 16:53:04,2026-05-27 16:53:04,active,"{""category"": ""tt"", ""detail_url"": ""https://csdl.vietnamtourism.gov.vn/tt/?item=78"", ""email"": """", ""item_id"": ""78"", ""source"": ""csdl.vietnamtourism.gov.vn""}",
324,Hoàng Tiến Sport,,"434 Lê Duẩn, Thành phố Buôn Ma Thuột, Đắc Lắk",0,giai_tri,0.0,0.0,0.0,,,0969691816,,0.0,0,0,,2026-05-27 16:53:04,2026-05-27 16:53:04,active,"{""category"": ""tt"", ""detail_url"": ""https://csdl.vietnamtourism.gov.vn/tt/?item=81"", ""email"": """", ""item_id"": ""81"", ""source"": ""csdl.vietnamtourism.gov.vn""}",
325,Phong Sport,,"36 Ama khê, Thành phố Buôn Ma Thuột, Đắc Lắk",0,giai_tri,0.0,0.0,0.0,,,0905336225,,0.0,0,0,,2026-05-27 16:53:04,2026-05-27 16:53:04,active,"{""category"": ""tt"", ""detail_url"": ""https://csdl.vietnamtourism.gov.vn/tt/?item=84"", ""email"": """", ""item_id"": ""84"", ""source"": ""csdl.vietnamtourism.gov.vn""}",
326,H2K Shop,,"95 Y Ngông, Thành phố Buôn Ma Thuột, Đắc Lắk",0,giai_tri,0.0,0.0,0.0,,,0975022447,,0.0,0,0,,2026-05-27 16:53:04,2026-05-27 16:53:04,active,"{""category"": ""tt"", ""detail_url"": ""https://csdl.vietnamtourism.gov.vn/tt/?item=87"", ""email"": """", ""item_id"": ""87"", ""source"": ""csdl.vietnamtourism.gov.vn""}",
327,Gym BMT Shop,,"06 Kpă Púi (Cổng chợ Tân An - Đường Ngô Quyền), Thành phố Buôn Ma Thuột, Đắc Lắk",0,giai_tri,0.0,0.0,0.0,,,0934040046,,0.0,0,0,,2026-05-27 16:53:04,2026-05-27 16:53:04,active,"{""category"": ""tt"", ""detail_url"": ""https://csdl.vietnamtourism.gov.vn/tt/?item=90"", ""email"": """", ""item_id"": ""90"", ""source"": ""csdl.vietnamtourism.gov.vn""}",
328,Phòng tập gym đẹp Tấn Phát Gym & Fitness,,"Đường Tôn Đức Thắng, Tổ 1, Đông Gia Nghĩa, Thị xã Gia Nghĩa, Đắc Nông",14,giai_tri,0.0,0.0,0.0,,,0859004848,,0.0,0,0,,2026-05-27 16:53:04,2026-05-27 16:53:04,active,"{""category"": ""tt"", ""detail_url"": ""https://csdl.vietnamtourism.gov.vn/tt/?item=93"", ""email"": """", ""item_id"": ""93"", ""source"": ""csdl.vietnamtourism.gov.vn""}",
329,Câu lạc bộ thể hình Anh Gym,,"05 đường Đinh Tiên Hoàng, Nam Gia Nghĩa, Thị xã Gia Nghĩa, Đắc Nông",14,giai_tri,0.0,0.0,0.0,,,0905040293,,0.0,0,0,,2026-05-27 16:53:04,2026-05-27 16:53:04,active,"{""category"": ""tt"", ""detail_url"": ""https://csdl.vietnamtourism.gov.vn/tt/?item=96"", ""email"": """", ""item_id"": ""96"", ""source"": ""csdl.vietnamtourism.gov.vn""}",
330,Phòng tập Gym Center,,"Tổ 2 , Bắc Gia Nghĩa, Thị xã Gia Nghĩa, Đắc Nông",14,giai_tri,0.0,0.0,0.0,,,02613121996,,0.0,0,0,,2026-05-27 16:53:04,2026-05-27 16:53:04,active,"{""category"": ""tt"", ""detail_url"": ""https://csdl.vietnamtourism.gov.vn/tt/?item=99"", ""email"": """", ""item_id"": ""99"", ""source"": ""csdl.vietnamtourism.gov.vn""}",
331,An Phú Gym Center,,"26 Mạc Thị Bưởi, TDP 10, Thị xã Gia Nghĩa, Đắc Nông",14,giai_tri,0.0,0.0,0.0,,,0968576787,,0.0,0,0,,2026-05-27 16:53:04,2026-05-27 16:53:04,active,"{""category"": ""tt"", ""detail_url"": ""https://csdl.vietnamtourism.gov.vn/tt/?item=102"", ""email"": ""baoyen120293@gmail.com"", ""item_id"": ""102"", ""source"": ""csdl.vietnamtourism.gov.vn""}",
332,Gym-Yoga-Zumba BMC Hà Tĩnh,,"Tầng 3 tòa nhà BMC, 06 đường Phan Đình Phùng, Thành Sen, Thành phố Hà Tĩnh, Hà Tĩnh",22,giai_tri,0.0,0.0,0.0,,,0912345267,,0.0,0,0,,2026-05-27 16:53:04,2026-05-27 16:53:04,active,"{""category"": ""tt"", ""detail_url"": ""https://csdl.vietnamtourism.gov.vn/tt/?item=105"", ""email"": """", ""item_id"": ""105"", ""source"": ""csdl.vietnamtourism.gov.vn""}",
333,Diamond - Fitness & Yoga Center,,"28 đường Lê Duẩn, Thành phố Hà Tĩnh, Hà Tĩnh",22,giai_tri,0.0,0.0,0.0,,,023993513838,,0.0,0,0,,2026-05-27 16:53:04,2026-05-27 16:53:04,active,"{""category"": ""tt"", ""detail_url"": ""https://csdl.vietnamtourism.gov.vn/tt/?item=108"", ""email"": """", ""item_id"": ""108"", ""source"": ""csdl.vietnamtourism.gov.vn""}",
334,CLB Thể Hình GymStar,,"245 đường Vũ Quang, Thành phố Hà Tĩnh, Hà Tĩnh",22,giai_tri,0.0,0.0,0.0,,,0913499469,,0.0,0,0,,2026-05-27 16:53:04,2026-05-27 16:53:04,active,"{""category"": ""tt"", ""detail_url"": ""https://csdl.vietnamtourism.gov.vn/tt/?item=111"", ""email"": """", ""item_id"": ""111"", ""source"": ""csdl.vietnamtourism.gov.vn""}",
335,Power Gym,,"144B đường Trần Phú, Thành phố Hà Tĩnh, Hà Tĩnh",22,giai_tri,0.0,0.0,0.0,,,0979373798,,0.0,0,0,,2026-05-27 16:53:04,2026-05-27 16:53:04,active,"{""category"": ""tt"", ""detail_url"": ""https://csdl.vietnamtourism.gov.vn/tt/?item=114"", ""email"": """", ""item_id"": ""114"", ""source"": ""csdl.vietnamtourism.gov.vn""}",
336,K Fitness Private Training,,"Sth18.18 đường 8e (Đường số 13 rẽ phải vào 8e), Thành phố Nha Trang, Khánh Hoà",28,giai_tri,0.0,0.0,0.0,,,0777792123,,0.0,0,0,,2026-05-27 16:53:04,2026-05-27 16:53:04,active,"{""category"": ""tt"", ""detail_url"": ""https://csdl.vietnamtourism.gov.vn/tt/?item=117"", ""email"": """", ""item_id"": ""117"", ""source"": ""csdl.vietnamtourism.gov.vn""}",
337,PT GYM - Phòng Tập Gym Nữ Nha Trang,,"Hẻm 141 đường Nguyễn Thị Minh Khai, Thành phố Nha Trang, Khánh Hoà",28,giai_tri,0.0,0.0,0.0,,,0944244242,,0.0,0,0,,2026-05-27 16:53:04,2026-05-27 16:53:04,active,"{""category"": ""tt"", ""detail_url"": ""https://csdl.vietnamtourism.gov.vn/tt/?item=120"", ""email"": """", ""item_id"": ""120"", ""source"": ""csdl.vietnamtourism.gov.vn""}",
338,Phòng tập Gym Nha Trang của California Fitness & Yoga,,"Tầng 4 tòa nhà Nha Trang Center, số 20 đường Trần Phú, Thành phố Nha Trang, Khánh Hoà",28,giai_tri,0.0,0.0,0.0,,,,,0.0,0,0,,2026-05-27 16:53:04,2026-05-27 16:53:04,active,"{""category"": ""tt"", ""detail_url"": ""https://csdl.vietnamtourism.gov.vn/tt/?item=123"", ""email"": """", ""item_id"": ""123"", ""source"": ""csdl.vietnamtourism.gov.vn""}",
339,Spartan Fitness And Yoga Nha Trang,,"Tầng 4, siêu thị Co-op Mart, 124 Lê Hồng Phong, Thành phố Nha Trang, Khánh Hoà",28,giai_tri,0.0,0.0,0.0,,,0899356635,,0.0,0,0,,2026-05-27 16:53:04,2026-05-27 16:53:04,active,"{""category"": ""tt"", ""detail_url"": ""https://csdl.vietnamtourism.gov.vn/tt/?item=126"", ""email"": """", ""item_id"": ""126"", ""source"": ""csdl.vietnamtourism.gov.vn""}",
340,Gym Spa Rosy Đà Lạt,,"50 Phù Đổng Thiên Vương, Thành phố Đà Lạt, Lâm Đồng",32,giai_tri,0.0,0.0,0.0,,,0901234210,,0.0,0,0,,2026-05-27 16:53:04,2026-05-27 16:53:04,active,"{""category"": ""tt"", ""detail_url"": ""https://csdl.vietnamtourism.gov.vn/tt/?item=129"", ""email"": """", ""item_id"": ""129"", ""source"": ""csdl.vietnamtourism.gov.vn""}",
341,Phòng Gym Tài Nguyên Đà Lạt,,"282 Bùi Thị Xuân, Xuân Hương - Đà Lạt, Thành phố Đà Lạt, Lâm Đồng",32,giai_tri,0.0,0.0,0.0,,,02633552225,,0.0,0,0,,2026-05-27 16:53:04,2026-05-27 16:53:04,active,"{""category"": ""tt"", ""detail_url"": ""https://csdl.vietnamtourism.gov.vn/tt/?item=132"", ""email"": """", ""item_id"": ""132"", ""source"": ""csdl.vietnamtourism.gov.vn""}",
342,Lan Anh Center,,"27/6 Hai Bà Trưng, Cam Ly - Đà Lạt, Thành phố Đà Lạt, Lâm Đồng",32,giai_tri,0.0,0.0,0.0,,,0633818636,,0.0,0,0,,2026-05-27 16:53:04,2026-05-27 16:53:04,active,"{""category"": ""tt"", ""detail_url"": ""https://csdl.vietnamtourism.gov.vn/tt/?item=135"", ""email"": """", ""item_id"": ""135"", ""source"": ""csdl.vietnamtourism.gov.vn""}",
343,QIQ Xe đạp Hội An,,"9 Trần Hưng Đạo, Hội An, Thành phố Hội An, Quảng Nam",43,khac,0.0,0.0,0.0,,,0886228088,,0.0,0,0,,2026-05-27 16:53:04,2026-05-27 16:53:04,active,"{""category"": ""vtkdl"", ""detail_url"": ""https://csdl.vietnamtourism.gov.vn/vtkdl/?item=276"", ""email"": """", ""item_id"": ""276"", ""source"": ""csdl.vietnamtourism.gov.vn""}",
344,Nhà xe Cường Thịnh,,"100 Trường Sơn , Thống Nhất, Thành phố Pleiku",18,khac,0.0,0.0,0.0,,,0966201139,https://www.xedichvupleiku.com,0.0,0,0,,2026-05-27 16:53:04,2026-05-27 16:53:04,active,"{""category"": ""vtkdl"", ""detail_url"": ""https://csdl.vietnamtourism.gov.vn/vtkdl/?item=284"", ""email"": ""ngovancuonggl811@gmail.com"", ""item_id"": ""284"", ""source"": ""csdl.vietnamtourism.gov.vn""}",
345,Nhà xe Lai Phượng,,"497 Hùng Vương, Đăk Hà, Huyện Đắk Hà, Kon Tum",30,khac,0.0,0.0,0.0,,,0988444027,,0.0,0,0,,2026-05-27 16:53:04,2026-05-27 16:53:04,active,"{""category"": ""vtkdl"", ""detail_url"": ""https://csdl.vietnamtourism.gov.vn/vtkdl/?item=287"", ""email"": ""quynh.nguyen.sv.dn@gmail.com"", ""item_id"": ""287"", ""source"": ""csdl.vietnamtourism.gov.vn""}",
346,Dịch vụ cho thuê xe máy,,"162 Hoàng Thị Loan, Thành phố Kon Tum, Kon Tum",30,khac,0.0,0.0,0.0,,,0869965382,,0.0,0,0,,2026-05-27 16:53:04,2026-05-27 16:53:04,active,"{""category"": ""vtkdl"", ""detail_url"": ""https://csdl.vietnamtourism.gov.vn/vtkdl/?item=288"", ""email"": """", ""item_id"": ""288"", ""source"": ""csdl.vietnamtourism.gov.vn""}",
347,HTX vận tải Phương Thu Măng Đen,,"23 Nguyễn Sinh Sắc, Măng Đen, Huyện Kon Plông, Kon Tum",30,khac,0.0,0.0,0.0,,,0949839839,https://phuongthukontum.com/,0.0,0,0,,2026-05-27 16:53:04,2026-05-27 16:53:04,active,"{""category"": ""vtkdl"", ""detail_url"": ""https://csdl.vietnamtourism.gov.vn/vtkdl/?item=290"", ""email"": ""phuongthumangden@gmail.com"", ""item_id"": ""290"", ""source"": ""csdl.vietnamtourism.gov.vn""}",
348,Thuê xe Quảng Trị,,"36 Nguyễn Huệ, Đông Hà, Thành phố Đông Hà",64,khac,0.0,0.0,0.0,,,0945313989,https://thuexequangtri.com.vn/,0.0,0,0,,2026-05-27 16:53:04,2026-05-27 16:53:04,active,"{""category"": ""vtkdl"", ""detail_url"": ""https://csdl.vietnamtourism.gov.vn/vtkdl/?item=274"", ""email"": ""thuexe@lavangtransport.com"", ""item_id"": ""274"", ""source"": ""csdl.vietnamtourism.gov.vn""}",
349,Xe du lịch Toàn Phát,,"123 Trương Pháp, Đồng Thuận, Thành Phố Đồng Hới, Quảng Trị",46,khac,0.0,0.0,0.0,,,0976605454,https://xedulich-toan-phat.business.site/,0.0,0,0,,2026-05-27 16:53:04,2026-05-27 16:53:04,active,"{""category"": ""vtkdl"", ""detail_url"": ""https://csdl.vietnamtourism.gov.vn/vtkdl/?item=269"", ""email"": """", ""item_id"": ""269"", ""source"": ""csdl.vietnamtourism.gov.vn""}",
350,Dịch vụ cho thuê xe máy Quảng Bình,,"Số 44 Hoàng Diệu, Thành Phố Đồng Hới, Quảng Trị",46,khac,0.0,0.0,0.0,,,0978211325,https://thuexemayquangbinh.com/,0.0,0,0,,2026-05-27 16:53:04,2026-05-27 16:53:04,active,"{""category"": ""vtkdl"", ""detail_url"": ""https://csdl.vietnamtourism.gov.vn/vtkdl/?item=270"", ""email"": ""khanhtungnguyen@gmail.com"", ""item_id"": ""270"", ""source"": ""csdl.vietnamtourism.gov.vn""}",
351,Công ty TNHH Lương Thực và Lữ Hành Hương Việt,,"40 Phan Đình Phùng, Đồng Thuận, Thành Phố Đồng Hới, Quảng Trị",46,khac,0.0,0.0,0.0,,,0909288979,https://quangbinhgo.com/,0.0,0,0,,2026-05-27 16:53:04,2026-05-27 16:53:04,active,"{""category"": ""vtkdl"", ""detail_url"": ""https://csdl.vietnamtourism.gov.vn/vtkdl/?item=271"", ""email"": ""quangbinhgo@gmail.com"", ""item_id"": ""271"", ""source"": ""csdl.vietnamtourism.gov.vn""}",
352,Cho thuê xe du lịch Đức An,,"225 Hàm Nghi, Thành phố Đông Hà",22,khac,0.0,0.0,0.0,,,0983743159,,0.0,0,0,,2026-05-27 16:53:04,2026-05-27 16:53:04,active,"{""category"": ""vtkdl"", ""detail_url"": ""https://csdl.vietnamtourism.gov.vn/vtkdl/?item=273"", ""email"": ""voducan9@gmail.com"", ""item_id"": ""273"", ""source"": ""csdl.vietnamtourism.gov.vn""}",
353,Công ty Vận Tải Du Lịch Quảng Trị,,"128 Lê Lợi, Thành phố Đông Hà",22,khac,0.0,0.0,0.0,,,0911460405,,0.0,0,0,,2026-05-27 16:53:04,2026-05-27 16:53:04,active,"{""category"": ""vtkdl"", ""detail_url"": ""https://csdl.vietnamtourism.gov.vn/vtkdl/?item=275"", ""email"": ""congtyvantaidulichquangtri@gmail.com"", ""item_id"": ""275"", ""source"": ""csdl.vietnamtourism.gov.vn""}",
354,Dịch vụ xe du lịch Hiệp Duyên,,"Quốc lộ14, Đức An, Huyện Đắk Song, Đắc Nông",0,khac,0.0,0.0,0.0,,,0816545545,,0.0,0,0,,2026-05-27 16:53:04,2026-05-27 16:53:04,active,"{""category"": ""vtkdl"", ""detail_url"": ""https://csdl.vietnamtourism.gov.vn/vtkdl/?item=292"", ""email"": """", ""item_id"": ""292"", ""source"": ""csdl.vietnamtourism.gov.vn""}",
355,Thuê xe tự lái An Nhiên,,"270 Vạn Thọ, Mỹ Ngãi, Thành phố Cao Lãnh",17,khac,0.0,0.0,0.0,,,0904000704,,0.0,0,0,,2026-05-27 16:53:04,2026-05-27 16:53:04,active,"{""category"": ""vtkdl"", ""detail_url"": ""https://csdl.vietnamtourism.gov.vn/vtkdl/?item=4"", ""email"": """", ""item_id"": ""4"", ""source"": ""csdl.vietnamtourism.gov.vn""}",
356,Dịch vụ cho thuê xe Kim Loan,,"70 Nguyễn Trãi, Thành phố Tây Ninh",49,khac,0.0,0.0,0.0,,,,,0.0,0,0,,2026-05-27 16:53:04,2026-05-27 16:53:04,active,"{""category"": ""vtkdl"", ""detail_url"": ""https://csdl.vietnamtourism.gov.vn/vtkdl/?item=8"", ""email"": """", ""item_id"": ""8"", ""source"": ""csdl.vietnamtourism.gov.vn""}",
357,Công ty TNHH Dịch vụ và Du lịch Lộc Phát,,"Lô 19-A6 Khu ĐTC Núi Mồ Côi, Quy Nhơn Bắc, Thành phố Qui Nhơn, Gia Lai",18,khac,0.0,0.0,0.0,,,0707496999,https://quangcaotructuyen24h.vn/cho-thue-xe-quy-nhon-loc-phat/,0.0,0,0,,2026-05-27 16:53:04,2026-05-27 16:53:04,active,"{""category"": ""vtkdl"", ""detail_url"": ""https://csdl.vietnamtourism.gov.vn/vtkdl/?item=11"", ""email"": """", ""item_id"": ""11"", ""source"": ""csdl.vietnamtourism.gov.vn""}",
358,Công ty TNHH Dịch vụ Vận tải Danh Loan,,"Thôn Huỳnh Mai, Huyện Tuy Phước, Gia Lai",18,khac,0.0,0.0,0.0,,,0934762369,http://www.thuexedulichdanhloan.com/,0.0,0,0,,2026-05-27 16:53:04,2026-05-27 16:53:04,active,"{""category"": ""vtkdl"", ""detail_url"": ""https://csdl.vietnamtourism.gov.vn/vtkdl/?item=14"", ""email"": ""thuexedulichdanhloan@gmail.com"", ""item_id"": ""14"", ""source"": ""csdl.vietnamtourism.gov.vn""}",
359,Quang Khải - Cho thuê xe Quy Nhơn,,"20 Võ Trọng Lo, Thành phố Qui Nhơn, Gia Lai",18,khac,0.0,0.0,0.0,,,0911687061,https://quangkhai.com/,0.0,0,0,,2026-05-27 16:53:04,2026-05-27 16:53:04,active,"{""category"": ""vtkdl"", ""detail_url"": ""https://csdl.vietnamtourism.gov.vn/vtkdl/?item=17"", ""email"": ""Hotroquangkhai@gmail.com"", ""item_id"": ""17"", ""source"": ""csdl.vietnamtourism.gov.vn""}",
360,Thuê xe máy FLC Nhơn Lý Thanh Hương,,"Thôn Lý Chánh, Thành phố Qui Nhơn, Gia Lai",18,khac,0.0,0.0,0.0,,,0939565489,https://chothuexemaynhonlyflc.com/,0.0,0,0,,2026-05-27 16:53:04,2026-05-27 16:53:04,active,"{""category"": ""vtkdl"", ""detail_url"": ""https://csdl.vietnamtourism.gov.vn/vtkdl/?item=20"", ""email"": ""michealduoc91@gmail.com"", ""item_id"": ""20"", ""source"": ""csdl.vietnamtourism.gov.vn""}",
361,Công Ty Duy Anh,,"2/50 Đinh Tiên Hoàng, Quận Ninh Kiều, Thành phố Cần Thơ",59,khac,0.0,0.0,0.0,,,,,0.0,0,0,,2026-05-27 16:53:04,2026-05-27 16:53:04,active,"{""category"": ""vtkdl"", ""detail_url"": ""https://csdl.vietnamtourism.gov.vn/vtkdl/?item=23"", ""email"": """", ""item_id"": ""23"", ""source"": ""csdl.vietnamtourism.gov.vn""}",
362,Công ty TNHH MTV Lý Anh Tuấn,,"337 Nguyễn Huệ, Thành phố Tuy Hoà, Phú Yên",41,khac,0.0,0.0,0.0,,,02573816816,http://thuexeanhtuanphuyen.com/,0.0,0,0,,2026-05-27 16:53:04,2026-05-27 16:53:04,active,"{""category"": ""vtkdl"", ""detail_url"": ""https://csdl.vietnamtourism.gov.vn/vtkdl/?item=26"", ""email"": ""thuy.lyanhtuan@gmail.com"", ""item_id"": ""26"", ""source"": ""csdl.vietnamtourism.gov.vn""}",
363,Công ty TNHH TMVT và Du lịch Hồng Trang,,"180 Tân Trào, Bình Kiến, Thành phố Tuy Hoà, Phú Yên",41,khac,0.0,0.0,0.0,,,0968248399,https://www.thuexedulichphuyen.com/2019/07/cho-thue-xe-du-lich-tinh-phu-yen.html,0.0,0,0,,2026-05-27 16:53:04,2026-05-27 16:53:04,active,"{""category"": ""vtkdl"", ""detail_url"": ""https://csdl.vietnamtourism.gov.vn/vtkdl/?item=29"", ""email"": ""travelhongtrang@gmail.com"", ""item_id"": ""29"", ""source"": ""csdl.vietnamtourism.gov.vn""}",
364,Taxi Long Sơn Tây Ninh,,"711A Bời Lời, Ninh An, Bình Minh, Thành phố Tây Ninh",49,khac,0.0,0.0,0.0,,,,,0.0,0,0,,2026-05-27 16:53:04,2026-05-27 16:53:04,active,"{""category"": ""vtkdl"", ""detail_url"": ""https://csdl.vietnamtourism.gov.vn/vtkdl/?item=32"", ""email"": """", ""item_id"": ""32"", ""source"": ""csdl.vietnamtourism.gov.vn""}",
365,Du lịch Trọng Tuyến,,"217 Nguyễn Thị Định, Khu phố 5, Phú Yên, Thành phố Tuy Hoà, Phú Yên",41,khac,0.0,0.0,0.0,,,0937337761,https://dulichtrongtuyen.com/,0.0,0,0,,2026-05-27 16:53:04,2026-05-27 16:53:04,active,"{""category"": ""vtkdl"", ""detail_url"": ""https://csdl.vietnamtourism.gov.vn/vtkdl/?item=38"", ""email"": ""anhthuy5392@gmail.com"", ""item_id"": ""38"", ""source"": ""csdl.vietnamtourism.gov.vn""}",
366,Vé tàu đảo Lý Sơn,,"209 Trường Chinh, Thành phố Quảng Ngãi, Quảng Ngãi",44,khac,0.0,0.0,0.0,,,0905526374,https://vetaudaolyson.com/,0.0,0,0,,2026-05-27 16:53:04,2026-05-27 16:53:04,active,"{""category"": ""vtkdl"", ""detail_url"": ""https://csdl.vietnamtourism.gov.vn/vtkdl/?item=41"", ""email"": ""hanhtran.bsc@gmail.com"", ""item_id"": ""41"", ""source"": ""csdl.vietnamtourism.gov.vn""}",
367,Công ty TNHH MTV Thương mại Dịch vụ Vận tải và Du lịch MINH CANG,,"37 Trường Chinh, Thành phố Quảng Ngãi, Quảng Ngãi",44,khac,0.0,0.0,0.0,,,0909139159,https://dichvuthuexequangngai.com/,0.0,0,0,,2026-05-27 16:53:04,2026-05-27 16:53:04,active,"{""category"": ""vtkdl"", ""detail_url"": ""https://csdl.vietnamtourism.gov.vn/vtkdl/?item=44"", ""email"": """", ""item_id"": ""44"", ""source"": ""csdl.vietnamtourism.gov.vn""}",
368,Xe du lịch Gia Huy,,"Vĩnh Lương, Thành phố Nha Trang, Khánh Hoà",28,khac,0.0,0.0,0.0,,,09353735770987,http://www.xedulichgiahuy.com,0.0,0,0,,2026-05-27 16:53:04,2026-05-27 16:53:04,active,"{""category"": ""vtkdl"", ""detail_url"": ""https://csdl.vietnamtourism.gov.vn/vtkdl/?item=47"", ""email"": ""xedulichgiahuy79@gmail.com"", ""item_id"": ""47"", ""source"": ""csdl.vietnamtourism.gov.vn""}",
369,Xe Du lịch Ninh Hòa,,"Chợ Dinh, Ninh Hòa, Thị xã Ninh Hòa, Khánh Hoà",28,khac,0.0,0.0,0.0,,,0379322262,http://www.xedulichninhhoa.com/,0.0,0,0,,2026-05-27 16:53:04,2026-05-27 16:53:04,active,"{""category"": ""vtkdl"", ""detail_url"": ""https://csdl.vietnamtourism.gov.vn/vtkdl/?item=50"", ""email"": ""nguyenkhang06111994@gmail.com"", ""item_id"": ""50"", ""source"": ""csdl.vietnamtourism.gov.vn""}",
370,Thuê xe Cam Ranh,,"79 Phan Bội Châu, Cam Ranh, Thành phố Cam Ranh, Khánh Hoà",28,khac,0.0,0.0,0.0,,,0944920022,https://thuexemaycamranh.com/,0.0,0,0,,2026-05-27 16:53:04,2026-05-27 16:53:04,active,"{""category"": ""vtkdl"", ""detail_url"": ""https://csdl.vietnamtourism.gov.vn/vtkdl/?item=53"", ""email"": ""info@chothuexemaycamranh.com"", ""item_id"": ""53"", ""source"": ""csdl.vietnamtourism.gov.vn""}",
371,Cho thuê xe ô tô Minh Nhật,,"Khu phố Ninh Phước, Thành phố Tây Ninh",49,khac,0.0,0.0,0.0,,,0977669411,,0.0,0,0,,2026-05-27 16:53:04,2026-05-27 16:53:04,active,"{""category"": ""vtkdl"", ""detail_url"": ""https://csdl.vietnamtourism.gov.vn/vtkdl/?item=59"", ""email"": """", ""item_id"": ""59"", ""source"": ""csdl.vietnamtourism.gov.vn""}",
372,Du lịch Thu Huyền,,"Tổ 1, Ấp Suối Muồn, Huyện Châu Thành",22,khac,0.0,0.0,0.0,,,0933355823,,0.0,0,0,,2026-05-27 16:53:04,2026-05-27 16:53:04,active,"{""category"": ""vtkdl"", ""detail_url"": ""https://csdl.vietnamtourism.gov.vn/vtkdl/?item=65"", ""email"": """", ""item_id"": ""65"", ""source"": ""csdl.vietnamtourism.gov.vn""}",
373,Nhà xe Thần Tài,,"số 829 Cách mạng tháng 8, Thành phố Tây Ninh",49,khac,0.0,0.0,0.0,,,0909855739,,0.0,0,0,,2026-05-27 16:53:04,2026-05-27 16:53:04,active,"{""category"": ""vtkdl"", ""detail_url"": ""https://csdl.vietnamtourism.gov.vn/vtkdl/?item=68"", ""email"": """", ""item_id"": ""68"", ""source"": ""csdl.vietnamtourism.gov.vn""}",
374,Công ty CP Thương mại Vận tải và Du lịch Hồng Đa,,"32 Đỗ Thúc Tịnh, Cẩm Lệ, Quận Cẩm Lệ, Thành phố Đà Nẵng",60,khac,0.0,0.0,0.0,,,0905857257,https://thuexemientrung.vn/,0.0,0,0,,2026-05-27 16:53:04,2026-05-27 16:53:04,active,"{""category"": ""vtkdl"", ""detail_url"": ""https://csdl.vietnamtourism.gov.vn/vtkdl/?item=72"", ""email"": ""hongdatravel@gmail.com"", ""item_id"": ""72"", ""source"": ""csdl.vietnamtourism.gov.vn""}",
375,Công ty TNHH Hùng Kin,,"38 Ngọc Hồi, Hòa Khánh, Quận Liên Chiểu, Thành phố Đà Nẵng",60,khac,0.0,0.0,0.0,,,0914222029091,https://thuexeotodanang.vn/,0.0,0,0,,2026-05-27 16:53:04,2026-05-27 16:53:04,active,"{""category"": ""vtkdl"", ""detail_url"": ""https://csdl.vietnamtourism.gov.vn/vtkdl/?item=75"", ""email"": ""hungkincompany@gmail.com"", ""item_id"": ""75"", ""source"": ""csdl.vietnamtourism.gov.vn""}",
376,Công ty Cổ phần Phú Mỹ Phát,,"495 Nguyễn Hữu Thọ, Cẩm Lệ, Quận Cẩm Lệ, Thành phố Đà Nẵng",60,khac,0.0,0.0,0.0,,,0905627627097,https://phumyphat.com/,0.0,0,0,,2026-05-27 16:53:04,2026-05-27 16:53:04,active,"{""category"": ""vtkdl"", ""detail_url"": ""https://csdl.vietnamtourism.gov.vn/vtkdl/?item=78"", ""email"": ""info@phumyphat.com"", ""item_id"": ""78"", ""source"": ""csdl.vietnamtourism.gov.vn""}",
377,Thuê xe du lịch Đà Nẵng ( Danang Transfer),,"Lô 68 B1.94 Khu đô thị sinh thái Hòa Xuân, Hòa Xuân, Quận Cẩm Lệ, Thành phố Đà Nẵng",60,khac,0.0,0.0,0.0,,,0853555593090,https://danangtransfer.vn/,0.0,0,0,,2026-05-27 16:53:04,2026-05-27 16:53:04,active,"{""category"": ""vtkdl"", ""detail_url"": ""https://csdl.vietnamtourism.gov.vn/vtkdl/?item=81"", ""email"": ""danangtransfer.co@gmail.com"", ""item_id"": ""81"", ""source"": ""csdl.vietnamtourism.gov.vn""}",
378,Thuê xe tại Tam Kỳ,,"Ngã tư Lý Thường Kiệt – Lê Lợi, Tam Kỳ, Thành phố Tam Kỳ, Quảng Nam",43,khac,0.0,0.0,0.0,,,0963013011,https://thuexe.tamky.net/,0.0,0,0,,2026-05-27 16:53:04,2026-05-27 16:53:04,active,"{""category"": ""vtkdl"", ""detail_url"": ""https://csdl.vietnamtourism.gov.vn/vtkdl/?item=84"", ""email"": ""dothanhtra.khcl@gmail.com"", ""item_id"": ""84"", ""source"": ""csdl.vietnamtourism.gov.vn""}",
379,Đồng xanh Motorbike,,"201 Trần Phú, Thành phố Huế, Thành phố Huế",64,khac,0.0,0.0,0.0,,,0787528677,https://dongxanhmotorbikes.com/,0.0,0,0,,2026-05-27 16:53:04,2026-05-27 16:53:04,active,"{""category"": ""vtkdl"", ""detail_url"": ""https://csdl.vietnamtourism.gov.vn/vtkdl/?item=87"", ""email"": ""info@dongxanhmotorbike.com"", ""item_id"": ""87"", ""source"": ""csdl.vietnamtourism.gov.vn""}",
380,Dịch vụ Du lịch Thái Hòa,,"Cách Mạng Tháng 8, Thành phố Cao Lãnh",17,khac,0.0,0.0,0.0,,,,,0.0,0,0,,2026-05-27 16:53:04,2026-05-27 16:53:04,active,"{""category"": ""vtkdl"", ""detail_url"": ""https://csdl.vietnamtourism.gov.vn/vtkdl/?item=96"", ""email"": """", ""item_id"": ""96"", ""source"": ""csdl.vietnamtourism.gov.vn""}",
381,Trung tâm dịch vụ Thuyền Rồng Ca Huế Hoàng Phương,,"4/127 Đặng Huy Trứ (Bến thuyền Tòa Khâm - 49 Lê Lợi - Huế), Thành phố Huế, Thành phố Huế",64,khac,0.0,0.0,0.0,,,0934579759,https://datvecahue.com/,0.0,0,0,,2026-05-27 16:53:04,2026-05-27 16:53:04,active,"{""category"": ""vtkdl"", ""detail_url"": ""https://csdl.vietnamtourism.gov.vn/vtkdl/?item=99"", ""email"": """", ""item_id"": ""99"", ""source"": ""csdl.vietnamtourism.gov.vn""}",
382,Dịch vụ cho thuê xe du lịch Việt Nghĩa,,"23, Tổ 11, Khóm 2, Thành phố Cao Lãnh",17,khac,0.0,0.0,0.0,,,0919202035,,0.0,0,0,,2026-05-27 16:53:04,2026-05-27 16:53:04,active,"{""category"": ""vtkdl"", ""detail_url"": ""https://csdl.vietnamtourism.gov.vn/vtkdl/?item=102"", ""email"": """", ""item_id"": ""102"", ""source"": ""csdl.vietnamtourism.gov.vn""}",
383,Cho thuê xe máy khách sạn Hậu Giang,,"18 Hải Thượng Lãn Ông, Thành phố Vị Thanh, Hậu Giang",25,khac,0.0,0.0,0.0,,,02933581806,https://www.khachsanhaugiang.vn,0.0,0,0,,2026-05-27 16:53:04,2026-05-27 16:53:04,active,"{""category"": ""vtkdl"", ""detail_url"": ""https://csdl.vietnamtourism.gov.vn/vtkdl/?item=105"", ""email"": ""info@khachsanhaugiang.vn"", ""item_id"": ""105"", ""source"": ""csdl.vietnamtourism.gov.vn""}",
384,Xe dịch vụ du lịch Huế,,"27 Hoàng Quốc Việt, An Cựu, Thành phố Huế, Thành phố Huế",64,khac,0.0,0.0,0.0,,,0911345797,https://xedichvudulichhue.com/,0.0,0,0,,2026-05-27 16:53:04,2026-05-27 16:53:04,active,"{""category"": ""vtkdl"", ""detail_url"": ""https://csdl.vietnamtourism.gov.vn/vtkdl/?item=108"", ""email"": ""hoangcongtrung0805@gmail.com"", ""item_id"": ""108"", ""source"": ""csdl.vietnamtourism.gov.vn""}",
385,Công ty Du lịch Bảo Toàn,,"18 Phạm Hồng Thái, Thành phố Huế, Thành phố Huế",64,khac,0.0,0.0,0.0,,,0833146868,https://dulichbaotoan.com/,0.0,0,0,,2026-05-27 16:53:04,2026-05-27 16:53:04,active,"{""category"": ""vtkdl"", ""detail_url"": ""https://csdl.vietnamtourism.gov.vn/vtkdl/?item=111"", ""email"": ""xedulichbaotoan@gmail.com"", ""item_id"": ""111"", ""source"": ""csdl.vietnamtourism.gov.vn""}",
386,Công ty TNHH Du lịch & Thương mại Nguyễn An,,"116B Nguyễn Đình Chiểu, Mũi Né, Thành phố Phan Thiết, Bình Thuận",10,khac,0.0,0.0,0.0,,,0378547968,https://xedulichmuine.vn/,0.0,0,0,,2026-05-27 16:53:04,2026-05-27 16:53:04,active,"{""category"": ""vtkdl"", ""detail_url"": ""https://csdl.vietnamtourism.gov.vn/vtkdl/?item=117"", ""email"": ""annguyen187@gmail.com"", ""item_id"": ""117"", ""source"": ""csdl.vietnamtourism.gov.vn""}",
387,Thuê xe máy Hoàng Hiếu,,"101 Hùng Vương, Phú Thủy, Thành phố Phan Thiết, Bình Thuận",10,khac,0.0,0.0,0.0,,,0933715692,https://www.muinetravel.com.vn/vn/thue-xe-may-phan-thiet,0.0,0,0,,2026-05-27 16:53:04,2026-05-27 16:53:04,active,"{""category"": ""vtkdl"", ""detail_url"": ""https://csdl.vietnamtourism.gov.vn/vtkdl/?item=120"", ""email"": ""chothuexephanthietmuine@gmail.com"", ""item_id"": ""120"", ""source"": ""csdl.vietnamtourism.gov.vn""}",
388,Hiệp hội Du Lịch An Giang,,"173 Đường Nguyễn Thái Học, Thành phố Long Xuyên",1,khac,0.0,0.0,0.0,,,0888015111,,0.0,0,0,,2026-05-27 16:53:04,2026-05-27 16:53:04,active,"{""category"": ""hh"", ""detail_url"": ""https://csdl.vietnamtourism.gov.vn/hh/?item=4"", ""email"": ""hiephoidlag@gmail.com"", ""item_id"": ""4"", ""source"": ""csdl.vietnamtourism.gov.vn""}",
389,Hiệp hội Du Lịch Bình Dương,,"Số 239 Thích Quảng Đức, Thành phố Thủ Dầu Một, Bình Dương",8,khac,0.0,0.0,0.0,,,0973630440,http://hiephoidulichbinhduong.com,0.0,0,0,,2026-05-27 16:53:04,2026-05-27 16:53:04,active,"{""category"": ""hh"", ""detail_url"": ""https://csdl.vietnamtourism.gov.vn/hh/?item=7"", ""email"": ""hiephoidulichbinhduong@gmail.com"", ""item_id"": ""7"", ""source"": ""csdl.vietnamtourism.gov.vn""}",
390,Hiệp hội Du Lịch Bà Rịa-Vũng Tàu,,"17B2 Đào Duy Từ, Thành phố Vũng Tàu, Bà Rịa - Vũng Tàu",62,khac,0.0,0.0,0.0,,,0913693105,,0.0,0,0,,2026-05-27 16:53:04,2026-05-27 16:53:04,active,"{""category"": ""hh"", ""detail_url"": ""https://csdl.vietnamtourism.gov.vn/hh/?item=13"", ""email"": ""hiephoidulichbrvt@gmail.com"", ""item_id"": ""13"", ""source"": ""csdl.vietnamtourism.gov.vn""}",
391,Hiệp hội Du lịch TP. Cần Thơ,,"Số 01 Ngô Văn Sở, Ninh Kiều, Quận Ninh Kiều, Thành phố Cần Thơ",59,khac,0.0,0.0,0.0,,,02923819570,,0.0,0,0,,2026-05-27 16:53:04,2026-05-27 16:53:04,active,"{""category"": ""hh"", ""detail_url"": ""https://csdl.vietnamtourism.gov.vn/hh/?item=16"", ""email"": ""hiephoidulichtpcantho@gmail.com"", ""item_id"": ""16"", ""source"": ""csdl.vietnamtourism.gov.vn""}",
392,Hiệp hội Du lịch Kiên Giang,,"Số 52 đường Trần Phú, Thành phố Rạch Giá, An Giang",1,khac,0.0,0.0,0.0,,,0943402222,,0.0,0,0,,2026-05-27 16:53:04,2026-05-27 16:53:04,active,"{""category"": ""hh"", ""detail_url"": ""https://csdl.vietnamtourism.gov.vn/hh/?item=19"", ""email"": ""info@kitavietnam.com"", ""item_id"": ""19"", ""source"": ""csdl.vietnamtourism.gov.vn""}",
393,Hiệp Hội Du Lịch Ninh Thuận,,"Ðường Yên Ninh, khu phố 3, Thành phố Phan Rang-Tháp Chàm, Ninh Thuận",39,khac,0.0,0.0,0.0,,,,http://www.hiephoidulichninhthuan.com,0.0,0,0,,2026-05-27 16:53:04,2026-05-27 16:53:04,active,"{""category"": ""hh"", ""detail_url"": ""https://csdl.vietnamtourism.gov.vn/hh/?item=25"", ""email"": ""info@hiephoidulichninhthuan.com"", ""item_id"": ""25"", ""source"": ""csdl.vietnamtourism.gov.vn""}",
394,Hiệp hội Du lịch Bình Thuận,,"97 Nguyễn Đình Chiểu, Mũi Né, Thành phố Phan Thiết, Bình Thuận",10,khac,0.0,0.0,0.0,,,02523741093,,0.0,0,0,,2026-05-27 16:53:04,2026-05-27 16:53:04,active,"{""category"": ""hh"", ""detail_url"": ""https://csdl.vietnamtourism.gov.vn/hh/?item=28"", ""email"": """", ""item_id"": ""28"", ""source"": ""csdl.vietnamtourism.gov.vn""}",
395,Hiệp hội du lịch Bình Định,,"Khách sạn Hoàng Yến - 05 An Dương Vương, Quy Nhơn Nam, Thành phố Qui Nhơn, Gia Lai",18,khac,0.0,0.0,0.0,,,0909227779,http://hiephoidulichbinhdinh.com.vn,0.0,0,0,,2026-05-27 16:53:04,2026-05-27 16:53:04,active,"{""category"": ""hh"", ""detail_url"": ""https://csdl.vietnamtourism.gov.vn/hh/?item=31"", ""email"": ""info.hiephoidulichbd@gmail.com"", ""item_id"": ""31"", ""source"": ""csdl.vietnamtourism.gov.vn""}",
396,Hiệp Hội Du Lịch Đắk Lắk,,"48 Nguyễn Tất Thành, Buôn Ma Thuột, Thành phố Buôn Ma Thuột, Đắc Lắk",22,khac,0.0,0.0,0.0,,,0913471352,http://www.dakta.org.vn,0.0,0,0,,2026-05-27 16:53:04,2026-05-27 16:53:04,active,"{""category"": ""hh"", ""detail_url"": ""https://csdl.vietnamtourism.gov.vn/hh/?item=34"", ""email"": ""hiephoidulichdaklak@gmail.com"", ""item_id"": ""34"", ""source"": ""csdl.vietnamtourism.gov.vn""}",
397,Hiệp Hội Du Lịch Tỉnh Gia Lai,,"6 Võ Thị Sáu, Thành phố Pleiku",18,khac,0.0,0.0,0.0,,,0933968468,,0.0,0,0,,2026-05-27 16:53:04,2026-05-27 16:53:04,active,"{""category"": ""hh"", ""detail_url"": ""https://csdl.vietnamtourism.gov.vn/hh/?item=37"", ""email"": ""dulichgialai@gmail.com"", ""item_id"": ""37"", ""source"": ""csdl.vietnamtourism.gov.vn""}",
398,Hiệp Hội Du Lịch Tỉnh Thanh Hóa,,"Tầng 5, Sở văn hóa thể thao và du lịch, 101 Nguyễn Trãi, Thành phố Thanh Hóa, Thanh Hoá",52,khac,0.0,0.0,0.0,,,02376660037,http://www.thanhhoatourist.com.vn,0.0,0,0,,2026-05-27 16:53:04,2026-05-27 16:53:04,active,"{""category"": ""hh"", ""detail_url"": ""https://csdl.vietnamtourism.gov.vn/hh/?item=40"", ""email"": ""hiephoidlth@gmail.com"", ""item_id"": ""40"", ""source"": ""csdl.vietnamtourism.gov.vn""}",
399,Hiệp hội Du lịch tỉnh Sơn La (STA),,"Số 09 Đường Khau Cả, Tổ 8, Thành phố Sơn La, Sơn La",48,khac,0.0,0.0,0.0,,,02123854666,http://sonlasta.com,0.0,0,0,,2026-05-27 16:53:04,2026-05-27 16:53:04,active,"{""category"": ""hh"", ""detail_url"": ""https://csdl.vietnamtourism.gov.vn/hh/?item=43"", ""email"": ""hhdl.sonla@gmail.com"", ""item_id"": ""43"", ""source"": ""csdl.vietnamtourism.gov.vn""}",
400,Hiệp Hội Du Lịch Vĩnh Phúc,,"189 Lam Sơn, Huyện Tam Dương, Vĩnh Phúc",57,khac,0.0,0.0,0.0,,,02113777777,,0.0,0,0,,2026-05-27 16:53:04,2026-05-27 16:53:04,active,"{""category"": ""hh"", ""detail_url"": ""https://csdl.vietnamtourism.gov.vn/hh/?item=46"", ""email"": """", ""item_id"": ""46"", ""source"": ""csdl.vietnamtourism.gov.vn""}",
401,Hiệp hội du lịch tỉnh Bắc Kạn,,"Tổ 9B, Đức Xuân, Thành Phố Bắc Kạn, Bắc Kạn",4,khac,0.0,0.0,0.0,,,0989587400,http://www.backantourism.org,0.0,0,0,,2026-05-27 16:53:04,2026-05-27 16:53:04,active,"{""category"": ""hh"", ""detail_url"": ""https://csdl.vietnamtourism.gov.vn/hh/?item=49"", ""email"": """", ""item_id"": ""49"", ""source"": ""csdl.vietnamtourism.gov.vn""}",
402,Hiệp hội Du lịch tỉnh Bắc Giang,,"Lô T2, Đường Quách Nhẫn, TP Bắc Giang, Thành phố Bắc Giang, Bắc Ninh",3,khac,0.0,0.0,0.0,,,,,0.0,0,0,,2026-05-27 16:53:04,2026-05-27 16:53:04,active,"{""category"": ""hh"", ""detail_url"": ""https://csdl.vietnamtourism.gov.vn/hh/?item=52"", ""email"": ""hiephoidlbg@gmail.com"", ""item_id"": ""52"", ""source"": ""csdl.vietnamtourism.gov.vn""}",
403,Hiệp hội Du lịch tỉnh Lai Châu,,"Tầng 5, nhà D, Trung tâm hành chính chính trị tỉnh Lai Châu, đường Nguyễn Văn Linh, Thành phố Lai Châu, Lai Châu",31,khac,0.0,0.0,0.0,,,0888899881,,0.0,0,0,,2026-05-27 16:53:04,2026-05-27 16:53:04,active,"{""category"": ""hh"", ""detail_url"": ""https://csdl.vietnamtourism.gov.vn/hh/?item=58"", ""email"": ""hiephoidulichlaichau25@gmail.com"", ""item_id"": ""58"", ""source"": ""csdl.vietnamtourism.gov.vn""}",
404,Hiệp hội Du Lịch TP. Hồ Chí Minh (HTA),,"60 Võ Văn Tần, Xuân Hòa, Quận 3, Thành phố Hồ Chí Minh",61,khac,0.0,0.0,0.0,,,02839305766,http://www.hta.org.vn,0.0,0,0,,2026-05-27 16:53:04,2026-05-27 16:53:04,active,"{""category"": ""hh"", ""detail_url"": ""https://csdl.vietnamtourism.gov.vn/hh/?item=22"", ""email"": ""hta.tphcm2004@gmail.com"", ""item_id"": ""22"", ""source"": ""csdl.vietnamtourism.gov.vn""}",
405,Hiệp Hội Du lịch Hà Nội,,"95 Cầu Giấy, Quận Cầu Giấy, Thành phố Hà Nội",21,khac,0.0,0.0,0.0,,,0913593231,,0.0,0,0,,2026-05-27 16:53:04,2026-05-27 16:53:04,active,"{""category"": ""hh"", ""detail_url"": ""https://csdl.vietnamtourism.gov.vn/hh/?item=55"", ""email"": ""hiephoidulichhanoi@gmail.com"", ""item_id"": ""55"", ""source"": ""csdl.vietnamtourism.gov.vn""}",
406,Hiệp hội Du lịch Việt Nam,,"Tầng 1, nhà K, Nhà khách La Thành, 226 Vạn Phúc, Ngọc Hà, Quận Ba Đình, Thành phố Hà Nội",21,khac,0.0,0.0,0.0,,,02439427620,https://vita.vn,0.0,0,0,,2026-05-27 16:53:04,2026-05-27 16:53:04,active,"{""category"": ""hh"", ""detail_url"": ""https://csdl.vietnamtourism.gov.vn/hh/?item=1"", ""email"": ""info@vita.vn"", ""item_id"": ""1"", ""source"": ""csdl.vietnamtourism.gov.vn""}",
