maDiaDiem,tenDiaDiem,moTa,diaChi,maTinhThanh,loaiDiaDiem,viDo,kinhDo,giaVe,gioMoCua,gioDongCua,dienThoai,website,danhGiaTrungBinh,soLuotDanhGia,soLuotXem,maNguoiTao,ngayTao,lanCapNhatCuoi,trangThai,dacDiem,tienNghi
1,Sanghe condotel,,"lô 51-52, đường Hồ Hán Thương, Quận Sơn Trà, Thành phố Đà Nẵng",60,khach_san,0.0,0.0,0.0,,,,,0.0,0,0,,2026-05-27 16:38:12,2026-05-27 16:38:12,active,"{""category"": ""cslt"", ""detail_url"": ""https://csdl.vietnamtourism.gov.vn/cslt/?item=8704"", ""email"": """", ""item_id"": ""8704"", ""source"": ""csdl.vietnamtourism.gov.vn""}",
2,khách sạn thúy phương2,,"tổ 8 phường yên thịnh, Thành phố Yên Bái, Lào Cai",34,khach_san,0.0,0.0,0.0,,,,,0.0,0,0,,2026-05-27 16:38:12,2026-05-27 16:38:12,active,"{""category"": ""cslt"", ""detail_url"": ""https://csdl.vietnamtourism.gov.vn/cslt/?item=8960"", ""email"": """", ""item_id"": ""8960"", ""source"": ""csdl.vietnamtourism.gov.vn""}",
3,Nhà Nghỉ Huyền Linh,,"Đông Thái Đông Tiến, Huyện Yên Phong",22,khach_san,0.0,0.0,0.0,,,,,0.0,0,0,,2026-05-27 16:38:12,2026-05-27 16:38:12,active,"{""category"": ""cslt"", ""detail_url"": ""https://csdl.vietnamtourism.gov.vn/cslt/?item=9216"", ""email"": """", ""item_id"": ""9216"", ""source"": ""csdl.vietnamtourism.gov.vn""}",
4,Nhà Nghỉ Ngọc Minh,,"Số 03, tổ 04, phường Mường Thanh, Thành phố Điện Biên Phủ, Điện Biên",15,khach_san,0.0,0.0,0.0,,,,,0.0,0,0,,2026-05-27 16:38:12,2026-05-27 16:38:12,active,"{""category"": ""cslt"", ""detail_url"": ""https://csdl.vietnamtourism.gov.vn/cslt/?item=9728"", ""email"": """", ""item_id"": ""9728"", ""source"": ""csdl.vietnamtourism.gov.vn""}",
5,NHÀ NGHỈ CAO NGUYÊN,,"TIỂU KHU NHÀ NGHỈ, Thảo Nguyên, Huyện Mộc Châu, Sơn La",48,khach_san,0.0,0.0,0.0,,,,,0.0,0,0,,2026-05-27 16:38:12,2026-05-27 16:38:12,active,"{""category"": ""cslt"", ""detail_url"": ""https://csdl.vietnamtourism.gov.vn/cslt/?item=9984"", ""email"": """", ""item_id"": ""9984"", ""source"": ""csdl.vietnamtourism.gov.vn""}",
6,Khách sạn Khánh Đăng,,"1599 Phạm Văn Thuận, Thống Nhất, Thành phố Biên Hòa, Đồng Nai, Thành phố Biên Hòa, Đồng Nai",16,khach_san,0.0,0.0,0.0,,,,,0.0,0,0,,2026-05-27 16:38:12,2026-05-27 16:38:12,active,"{""category"": ""cslt"", ""detail_url"": ""https://csdl.vietnamtourism.gov.vn/cslt/?item=10496"", ""email"": """", ""item_id"": ""10496"", ""source"": ""csdl.vietnamtourism.gov.vn""}",
7,Nhà nghỉ Cây Xoài,,"Khu Sa Đéc, phường Hùng vương, thị xã Phú thọ, tỉnh Phú Thọ, Phú Thọ, Thị xã Phú Thọ, Phú Thọ",40,khach_san,0.0,0.0,0.0,,,,,0.0,0,0,,2026-05-27 16:38:12,2026-05-27 16:38:12,active,"{""category"": ""cslt"", ""detail_url"": ""https://csdl.vietnamtourism.gov.vn/cslt/?item=11008"", ""email"": """", ""item_id"": ""11008"", ""source"": ""csdl.vietnamtourism.gov.vn""}",
8,Nhà Nghỉ Mai Trang,,"34 phố Tân Ấp, Quận Ba Đình, Thành phố Hà Nội",21,khach_san,0.0,0.0,0.0,,,,,0.0,0,0,,2026-05-27 16:38:12,2026-05-27 16:38:12,active,"{""category"": ""cslt"", ""detail_url"": ""https://csdl.vietnamtourism.gov.vn/cslt/?item=11264"", ""email"": """", ""item_id"": ""11264"", ""source"": ""csdl.vietnamtourism.gov.vn""}",
9,Blossom homestay,,"04/21 Nguyễn du. Tp Tuy Hòa. Phú Yên, Thành phố Tuy Hoà, Phú Yên",41,khach_san,0.0,0.0,0.0,,,,,0.0,0,0,,2026-05-27 16:38:12,2026-05-27 16:38:12,active,"{""category"": ""cslt"", ""detail_url"": ""https://csdl.vietnamtourism.gov.vn/cslt/?item=11520"", ""email"": """", ""item_id"": ""11520"", ""source"": ""csdl.vietnamtourism.gov.vn""}",
10,Nhà nghỉ long huyền,,"Thôn Thị- Mỹ Hà, Huyện Lạng Giang, Bắc Ninh",5,khach_san,0.0,0.0,0.0,,,,,0.0,0,0,,2026-05-27 16:38:12,2026-05-27 16:38:12,active,"{""category"": ""cslt"", ""detail_url"": ""https://csdl.vietnamtourism.gov.vn/cslt/?item=12288"", ""email"": """", ""item_id"": ""12288"", ""source"": ""csdl.vietnamtourism.gov.vn""}",
11,Khách sạn kim thành chính,,"Tổ dân phố 1, Nghi Xuân, Huyện Nghi Xuân, Hà Tĩnh",22,khach_san,0.0,0.0,0.0,,,,,0.0,0,0,,2026-05-27 16:38:12,2026-05-27 16:38:12,active,"{""category"": ""cslt"", ""detail_url"": ""https://csdl.vietnamtourism.gov.vn/cslt/?item=12544"", ""email"": """", ""item_id"": ""12544"", ""source"": ""csdl.vietnamtourism.gov.vn""}",
12,Nhà nghỉ Quốc Định,,"Thôn Đông Lẻo, xã Bộc Bố, huyện Pác Nặm, tỉnh Bắc Kạn, Bằng Thành, Huyện Pác Nặm, Bắc Kạn",4,khach_san,0.0,0.0,0.0,,,,,0.0,0,0,,2026-05-27 16:38:12,2026-05-27 16:38:12,active,"{""category"": ""cslt"", ""detail_url"": ""https://csdl.vietnamtourism.gov.vn/cslt/?item=12800"", ""email"": """", ""item_id"": ""12800"", ""source"": ""csdl.vietnamtourism.gov.vn""}",
13,Nhà nghỉ Như Thủy,,"KV5 - TT.Đức Hòa - huyện Đức Hòa, Đức Hòa, Huyện Đức Hòa, Tây Ninh",49,khach_san,0.0,0.0,0.0,,,,,0.0,0,0,,2026-05-27 16:38:12,2026-05-27 16:38:12,active,"{""category"": ""cslt"", ""detail_url"": ""https://csdl.vietnamtourism.gov.vn/cslt/?item=13056"", ""email"": """", ""item_id"": ""13056"", ""source"": ""csdl.vietnamtourism.gov.vn""}",
14,Nhà nghỉ Kim Phượng,,"ấp Bình Tiền 1 - xã Đức Hòa Hạ - huyện Đức Hòa, Huyện Đức Hòa, Tây Ninh",49,khach_san,0.0,0.0,0.0,,,,,0.0,0,0,,2026-05-27 16:38:12,2026-05-27 16:38:12,active,"{""category"": ""cslt"", ""detail_url"": ""https://csdl.vietnamtourism.gov.vn/cslt/?item=13312"", ""email"": """", ""item_id"": ""13312"", ""source"": ""csdl.vietnamtourism.gov.vn""}",
15,Nhà Nghỉ Hiếu Yên,,"Tổ 95 khu đồn điền phường hà khẩu TP Hạ Long tỉnh Quảng Ninh, Thành phố Hạ Long, Quảng Ninh",45,khach_san,0.0,0.0,0.0,,,,,0.0,0,0,,2026-05-27 16:38:12,2026-05-27 16:38:12,active,"{""category"": ""cslt"", ""detail_url"": ""https://csdl.vietnamtourism.gov.vn/cslt/?item=14080"", ""email"": """", ""item_id"": ""14080"", ""source"": ""csdl.vietnamtourism.gov.vn""}",
16,Khách sạn Hoàng Thư,,"31D3 khu11, p chánh nghĩa ,tp thủ dầu một tỉnh bình dương, Thành phố Thủ Dầu Một, Bình Dương",8,khach_san,0.0,0.0,0.0,,,,,0.0,0,0,,2026-05-27 16:38:12,2026-05-27 16:38:12,active,"{""category"": ""cslt"", ""detail_url"": ""https://csdl.vietnamtourism.gov.vn/cslt/?item=14336"", ""email"": """", ""item_id"": ""14336"", ""source"": ""csdl.vietnamtourism.gov.vn""}",
17,Côn Đảo House,,"28 Võ Thị Sáu, Khu 7, Côn Đảo, Huyện Côn Đảo, Bà Rịa - Vũng Tàu",62,khach_san,0.0,0.0,0.0,,,,,0.0,0,0,,2026-05-27 16:38:12,2026-05-27 16:38:12,active,"{""category"": ""cslt"", ""detail_url"": ""https://csdl.vietnamtourism.gov.vn/cslt/?item=14848"", ""email"": """", ""item_id"": ""14848"", ""source"": ""csdl.vietnamtourism.gov.vn""}",
18,Homestay Long Chiều,,"Thôn Tân Phong, Huyện Hoàng Su Phì, Hà Giang",19,khach_san,0.0,0.0,0.0,,,,,0.0,0,0,,2026-05-27 16:38:12,2026-05-27 16:38:12,active,"{""category"": ""cslt"", ""detail_url"": ""https://csdl.vietnamtourism.gov.vn/cslt/?item=15360"", ""email"": """", ""item_id"": ""15360"", ""source"": ""csdl.vietnamtourism.gov.vn""}",
19,Nhà nghỉ minh quảng,,"Tổ 5 phường hợp minh, Thành phố Yên Bái, Lào Cai",34,khach_san,0.0,0.0,0.0,,,,,0.0,0,0,,2026-05-27 16:38:12,2026-05-27 16:38:12,active,"{""category"": ""cslt"", ""detail_url"": ""https://csdl.vietnamtourism.gov.vn/cslt/?item=15616"", ""email"": """", ""item_id"": ""15616"", ""source"": ""csdl.vietnamtourism.gov.vn""}",
20,Lake View Homestay,,"46B Đống Đa, Diên Hồng, Thành phố Pleiku",18,khach_san,0.0,0.0,0.0,,,,,0.0,0,0,,2026-05-27 16:38:12,2026-05-27 16:38:12,active,"{""category"": ""cslt"", ""detail_url"": ""https://csdl.vietnamtourism.gov.vn/cslt/?item=15872"", ""email"": """", ""item_id"": ""15872"", ""source"": ""csdl.vietnamtourism.gov.vn""}",
21,Sake villa,,"Tổ dân phố 2, thị trấn Tam Đảo, Huyện Tam Đảo, Vĩnh Phúc",57,khach_san,0.0,0.0,0.0,,,,,0.0,0,0,,2026-05-27 16:38:12,2026-05-27 16:38:12,active,"{""category"": ""cslt"", ""detail_url"": ""https://csdl.vietnamtourism.gov.vn/cslt/?item=8705"", ""email"": """", ""item_id"": ""8705"", ""source"": ""csdl.vietnamtourism.gov.vn""}",
22,khách sạn thuận lợi,,"198 trần phú, phường long châu, thị xã, tân châu, an giang, Thị xã Tân Châu",1,khach_san,0.0,0.0,0.0,,,,,0.0,0,0,,2026-05-27 16:38:12,2026-05-27 16:38:12,active,"{""category"": ""cslt"", ""detail_url"": ""https://csdl.vietnamtourism.gov.vn/cslt/?item=8961"", ""email"": """", ""item_id"": ""8961"", ""source"": ""csdl.vietnamtourism.gov.vn""}",
23,Nhà Nghỉ Kinh Bắc,,"KĐTM-Ấp Đồn-Yên Trung- Yên Phong- Bắc Ninh, Yên Trung, Huyện Yên Phong",5,khach_san,0.0,0.0,0.0,,,,,0.0,0,0,,2026-05-27 16:38:12,2026-05-27 16:38:12,active,"{""category"": ""cslt"", ""detail_url"": ""https://csdl.vietnamtourism.gov.vn/cslt/?item=9217"", ""email"": """", ""item_id"": ""9217"", ""source"": ""csdl.vietnamtourism.gov.vn""}",
24,Nhà nghỉ 555,,"Tổ 4, Thành phố Điện Biên Phủ, Điện Biên",15,khach_san,0.0,0.0,0.0,,,,,0.0,0,0,,2026-05-27 16:38:12,2026-05-27 16:38:12,active,"{""category"": ""cslt"", ""detail_url"": ""https://csdl.vietnamtourism.gov.vn/cslt/?item=9729"", ""email"": """", ""item_id"": ""9729"", ""source"": ""csdl.vietnamtourism.gov.vn""}",
25,NHÀ NGHỈ DƯƠNG VŨ,,"145-TK NHÀ NGHỈ HOÀNG QUỐC VIỆT TTNT MỘC CHÂU-SƠN LA, Thảo Nguyên, Huyện Mộc Châu, Sơn La",48,khach_san,0.0,0.0,0.0,,,,,0.0,0,0,,2026-05-27 16:38:12,2026-05-27 16:38:12,active,"{""category"": ""cslt"", ""detail_url"": ""https://csdl.vietnamtourism.gov.vn/cslt/?item=9985"", ""email"": """", ""item_id"": ""9985"", ""source"": ""csdl.vietnamtourism.gov.vn""}",
26,Nhà Nghỉ 76,,"76 nguyễn công trứ, Thành phố Nam Định, Nam Định",36,khach_san,0.0,0.0,0.0,,,,,0.0,0,0,,2026-05-27 16:38:12,2026-05-27 16:38:12,active,"{""category"": ""cslt"", ""detail_url"": ""https://csdl.vietnamtourism.gov.vn/cslt/?item=10241"", ""email"": """", ""item_id"": ""10241"", ""source"": ""csdl.vietnamtourism.gov.vn""}",
27,Nhà nghỉ Thanh Lịch,,"Số 18, phố Quang Trung, Kiến Xương, Huyện Kiến Xương, Thái Bình",50,khach_san,0.0,0.0,0.0,,,,,0.0,0,0,,2026-05-27 16:38:12,2026-05-27 16:38:12,active,"{""category"": ""cslt"", ""detail_url"": ""https://csdl.vietnamtourism.gov.vn/cslt/?item=11009"", ""email"": """", ""item_id"": ""11009"", ""source"": ""csdl.vietnamtourism.gov.vn""}",
28,Nhà nghỉ Bạch Dương,,"27 Tân Ấp, Quận Ba Đình, Thành phố Hà Nội",21,khach_san,0.0,0.0,0.0,,,,,0.0,0,0,,2026-05-27 16:38:12,2026-05-27 16:38:12,active,"{""category"": ""cslt"", ""detail_url"": ""https://csdl.vietnamtourism.gov.vn/cslt/?item=11265"", ""email"": """", ""item_id"": ""11265"", ""source"": ""csdl.vietnamtourism.gov.vn""}",
29,Blue garden homestay,,"Thon Binh Khe, Thành phố Ninh Bình, Ninh Bình",38,khach_san,0.0,0.0,0.0,,,,,0.0,0,0,,2026-05-27 16:38:12,2026-05-27 16:38:12,active,"{""category"": ""cslt"", ""detail_url"": ""https://csdl.vietnamtourism.gov.vn/cslt/?item=11521"", ""email"": """", ""item_id"": ""11521"", ""source"": ""csdl.vietnamtourism.gov.vn""}",
30,Khách sạn Sofia,,"Lô I 11 Phạm Văn Đồng, Quận Sơn Trà, Thành phố Đà Nẵng",60,khach_san,0.0,0.0,0.0,,,,,0.0,0,0,,2026-05-27 16:38:12,2026-05-27 16:38:12,active,"{""category"": ""cslt"", ""detail_url"": ""https://csdl.vietnamtourism.gov.vn/cslt/?item=11777"", ""email"": """", ""item_id"": ""11777"", ""source"": ""csdl.vietnamtourism.gov.vn""}",
31,Nhà nghỉ ngân nga,,"Số 76, lê lợi, Lạng Giang, Huyện Lạng Giang, Bắc Ninh",5,khach_san,0.0,0.0,0.0,,,,,0.0,0,0,,2026-05-27 16:38:12,2026-05-27 16:38:12,active,"{""category"": ""cslt"", ""detail_url"": ""https://csdl.vietnamtourism.gov.vn/cslt/?item=12289"", ""email"": """", ""item_id"": ""12289"", ""source"": ""csdl.vietnamtourism.gov.vn""}",
32,Khách sạn cát tường,,"70 đào duy từ, Quận 10, Thành phố Hồ Chí Minh",61,khach_san,0.0,0.0,0.0,,,,,0.0,0,0,,2026-05-27 16:38:12,2026-05-27 16:38:12,active,"{""category"": ""cslt"", ""detail_url"": ""https://csdl.vietnamtourism.gov.vn/cslt/?item=12545"", ""email"": """", ""item_id"": ""12545"", ""source"": ""csdl.vietnamtourism.gov.vn""}",
33,Công ty Cổ phần quản lý khách sạn Hà Lan,,"46A Nguyễn Trường Tộ, Ba Đình, Quận Ba Đình, Thành phố Hà Nội",21,khach_san,0.0,0.0,0.0,,,,,0.0,0,0,,2026-05-27 16:38:12,2026-05-27 16:38:12,active,"{""category"": ""cslt"", ""detail_url"": ""https://csdl.vietnamtourism.gov.vn/cslt/?item=12801"", ""email"": """", ""item_id"": ""12801"", ""source"": ""csdl.vietnamtourism.gov.vn""}",
34,Nhà nghỉ Đoàn Quyết,,"09 nguyễn thị định, Thành phố Nha Trang, Khánh Hoà",28,khach_san,0.0,0.0,0.0,,,,,0.0,0,0,,2026-05-27 16:38:12,2026-05-27 16:38:12,active,"{""category"": ""cslt"", ""detail_url"": ""https://csdl.vietnamtourism.gov.vn/cslt/?item=13057"", ""email"": """", ""item_id"": ""13057"", ""source"": ""csdl.vietnamtourism.gov.vn""}",
35,Nhà nghỉ Lina,,"ấp Bình Tả 1 - xã Đức Hòa Hạ - huyện Đức Hòa, Huyện Đức Hòa, Tây Ninh",49,khach_san,0.0,0.0,0.0,,,,,0.0,0,0,,2026-05-27 16:38:12,2026-05-27 16:38:12,active,"{""category"": ""cslt"", ""detail_url"": ""https://csdl.vietnamtourism.gov.vn/cslt/?item=13313"", ""email"": """", ""item_id"": ""13313"", ""source"": ""csdl.vietnamtourism.gov.vn""}",
36,Nhà nghỉ Nam Phong,,"hẻm 27 tổ 23 TRịnh Phong Đáng, Trường Lộc, Huyện Hòa Thành",22,khach_san,0.0,0.0,0.0,,,,,0.0,0,0,,2026-05-27 16:38:12,2026-05-27 16:38:12,active,"{""category"": ""cslt"", ""detail_url"": ""https://csdl.vietnamtourism.gov.vn/cslt/?item=13569"", ""email"": """", ""item_id"": ""13569"", ""source"": ""csdl.vietnamtourism.gov.vn""}",
37,Nhà nghỉ hiền lương,,"Số 198, tổ 95, khu đồn điền, phường Hà khẩu, tp Hạ Long, tỉnh Quảng Ninh, Thành phố Hạ Long, Quảng Ninh",45,khach_san,0.0,0.0,0.0,,,,,0.0,0,0,,2026-05-27 16:38:12,2026-05-27 16:38:12,active,"{""category"": ""cslt"", ""detail_url"": ""https://csdl.vietnamtourism.gov.vn/cslt/?item=14081"", ""email"": """", ""item_id"": ""14081"", ""source"": ""csdl.vietnamtourism.gov.vn""}",
38,Khách sạn Hoàng Trung,,"Khu 4 thị trấn Cô Tô, Cô Tô, Huyện Cô Tô, Quảng Ninh",45,khach_san,0.0,0.0,0.0,,,,,0.0,0,0,,2026-05-27 16:38:12,2026-05-27 16:38:12,active,"{""category"": ""cslt"", ""detail_url"": ""https://csdl.vietnamtourism.gov.vn/cslt/?item=14337"", ""email"": """", ""item_id"": ""14337"", ""source"": ""csdl.vietnamtourism.gov.vn""}",
39,Khách sạn Ngọc Phượng,,"59 Anh Đào, Bãi Cháy, Hạ Long, Quảng Ninh, Bãi Cháy, Thành phố Hạ Long, Quảng Ninh",45,khach_san,0.0,0.0,0.0,,,,,0.0,0,0,,2026-05-27 16:38:12,2026-05-27 16:38:12,active,"{""category"": ""cslt"", ""detail_url"": ""https://csdl.vietnamtourism.gov.vn/cslt/?item=14593"", ""email"": """", ""item_id"": ""14593"", ""source"": ""csdl.vietnamtourism.gov.vn""}",
40,Nhà nghỉ Trung Hiền,,"SN51, tổ 13, Thành phố Cao Bằng, Cao Bằng",12,khach_san,0.0,0.0,0.0,,,,,0.0,0,0,,2026-05-27 16:38:12,2026-05-27 16:38:12,active,"{""category"": ""cslt"", ""detail_url"": ""https://csdl.vietnamtourism.gov.vn/cslt/?item=15105"", ""email"": """", ""item_id"": ""15105"", ""source"": ""csdl.vietnamtourism.gov.vn""}",
41,Homestay Lý Tiên,,"thôn Suối Thầu 2, xã Bản Luốc, Huyện Hoàng Su Phì, Hà Giang",19,khach_san,0.0,0.0,0.0,,,,,0.0,0,0,,2026-05-27 16:38:12,2026-05-27 16:38:12,active,"{""category"": ""cslt"", ""detail_url"": ""https://csdl.vietnamtourism.gov.vn/cslt/?item=15361"", ""email"": """", ""item_id"": ""15361"", ""source"": ""csdl.vietnamtourism.gov.vn""}",
42,Nhà nghỉ như ý,,"Tổ 8 phường minh tân, Thành phố Yên Bái, Lào Cai",34,khach_san,0.0,0.0,0.0,,,,,0.0,0,0,,2026-05-27 16:38:12,2026-05-27 16:38:12,active,"{""category"": ""cslt"", ""detail_url"": ""https://csdl.vietnamtourism.gov.vn/cslt/?item=15617"", ""email"": """", ""item_id"": ""15617"", ""source"": ""csdl.vietnamtourism.gov.vn""}",
43,Lo Lo Eco House,,"Thôn Lô Lô Chải, Lũng Cú, Huyện Đồng Văn, Hà Giang",19,khach_san,0.0,0.0,0.0,,,,,0.0,0,0,,2026-05-27 16:38:12,2026-05-27 16:38:12,active,"{""category"": ""cslt"", ""detail_url"": ""https://csdl.vietnamtourism.gov.vn/cslt/?item=15873"", ""email"": """", ""item_id"": ""15873"", ""source"": ""csdl.vietnamtourism.gov.vn""}",
44,Seamark Apartment,,"51/1 Tuệ tĩnh, p. Lộc Thọ, tp. Nha trang, Thành phố Nha Trang, Khánh Hoà",28,khach_san,0.0,0.0,0.0,,,,,0.0,0,0,,2026-05-27 16:38:12,2026-05-27 16:38:12,active,"{""category"": ""cslt"", ""detail_url"": ""https://csdl.vietnamtourism.gov.vn/cslt/?item=8706"", ""email"": """", ""item_id"": ""8706"", ""source"": ""csdl.vietnamtourism.gov.vn""}",
45,Thu Hà Hotel,,"Tổ 1 khu 2 phường Thanh Sơn - Uông Bí - Quảng Ninh, Uông Bí, Thành phố Uông Bí, Quảng Ninh",45,khach_san,0.0,0.0,0.0,,,,,0.0,0,0,,2026-05-27 16:38:12,2026-05-27 16:38:12,active,"{""category"": ""cslt"", ""detail_url"": ""https://csdl.vietnamtourism.gov.vn/cslt/?item=8962"", ""email"": """", ""item_id"": ""8962"", ""source"": ""csdl.vietnamtourism.gov.vn""}",
46,Nhà Nghỉ Linh Gia,,"Xóm 16-Đường 286-Thôn Phú Mẫn-TT Chờ-Huyện Yên Phong-Tỉnh Bắc Ninh, Yên Phong, Huyện Yên Phong",5,khach_san,0.0,0.0,0.0,,,,,0.0,0,0,,2026-05-27 16:38:12,2026-05-27 16:38:12,active,"{""category"": ""cslt"", ""detail_url"": ""https://csdl.vietnamtourism.gov.vn/cslt/?item=9218"", ""email"": """", ""item_id"": ""9218"", ""source"": ""csdl.vietnamtourism.gov.vn""}",
47,khách sạn hùng thư,,"lô 53 đường hồ hán thương, Quận Sơn Trà, Thành phố Đà Nẵng",60,khach_san,0.0,0.0,0.0,,,,,0.0,0,0,,2026-05-27 16:38:12,2026-05-27 16:38:12,active,"{""category"": ""cslt"", ""detail_url"": ""https://csdl.vietnamtourism.gov.vn/cslt/?item=9474"", ""email"": """", ""item_id"": ""9474"", ""source"": ""csdl.vietnamtourism.gov.vn""}",
48,nhà nghỉ công ty cổ phần sách thiết bị trường học điện biên,,"số nhà 859 đường võ nguyên giáp tổ 8 phường mường thanh thành phố điện biên phủ, Thành phố Điện Biên Phủ, Điện Biên",15,khach_san,0.0,0.0,0.0,,,,,0.0,0,0,,2026-05-27 16:38:12,2026-05-27 16:38:12,active,"{""category"": ""cslt"", ""detail_url"": ""https://csdl.vietnamtourism.gov.vn/cslt/?item=9730"", ""email"": """", ""item_id"": ""9730"", ""source"": ""csdl.vietnamtourism.gov.vn""}",
49,NHÀ NGHỈ PHƯƠNG VY,,"TIỂU KHU NHÀ NGHỈ, Thảo Nguyên, Huyện Mộc Châu, Sơn La",48,khach_san,0.0,0.0,0.0,,,,,0.0,0,0,,2026-05-27 16:38:12,2026-05-27 16:38:12,active,"{""category"": ""cslt"", ""detail_url"": ""https://csdl.vietnamtourism.gov.vn/cslt/?item=9986"", ""email"": """", ""item_id"": ""9986"", ""source"": ""csdl.vietnamtourism.gov.vn""}",
50,Nhà Nghỉ Gia Bảo,,"285 Nguyễn Bỉnh Khiêm, Phường Lộc Hoà, TP Nam Định, Đông A, Thành phố Nam Định, Nam Định",36,khach_san,0.0,0.0,0.0,,,,,0.0,0,0,,2026-05-27 16:38:12,2026-05-27 16:38:12,active,"{""category"": ""cslt"", ""detail_url"": ""https://csdl.vietnamtourism.gov.vn/cslt/?item=10242"", ""email"": """", ""item_id"": ""10242"", ""source"": ""csdl.vietnamtourism.gov.vn""}",
51,khách sạn KOVA DIAMOND,,"27 VÕ VĂN KIỆT, An Hải, Quận Sơn Trà, Thành phố Đà Nẵng",60,khach_san,0.0,0.0,0.0,,,,,0.0,0,0,,2026-05-27 16:38:12,2026-05-27 16:38:12,active,"{""category"": ""cslt"", ""detail_url"": ""https://csdl.vietnamtourism.gov.vn/cslt/?item=10498"", ""email"": """", ""item_id"": ""10498"", ""source"": ""csdl.vietnamtourism.gov.vn""}",
52,Nhà nghỉ Hoa Hằng,,"Số 64, tổ 8, khu dân cư Tân An, phường Hùng Vương, thị xã Phú Thọ, tỉnh Phú Thọ, Phú Thọ, Thị xã Phú Thọ, Phú Thọ",40,khach_san,0.0,0.0,0.0,,,,,0.0,0,0,,2026-05-27 16:38:12,2026-05-27 16:38:12,active,"{""category"": ""cslt"", ""detail_url"": ""https://csdl.vietnamtourism.gov.vn/cslt/?item=11010"", ""email"": """", ""item_id"": ""11010"", ""source"": ""csdl.vietnamtourism.gov.vn""}",
53,Nhà nghỉ Hải Anh,,"69 đường Hồng Hà, Quận Ba Đình, Thành phố Hà Nội",21,khach_san,0.0,0.0,0.0,,,,,0.0,0,0,,2026-05-27 16:38:12,2026-05-27 16:38:12,active,"{""category"": ""cslt"", ""detail_url"": ""https://csdl.vietnamtourism.gov.vn/cslt/?item=11266"", ""email"": """", ""item_id"": ""11266"", ""source"": ""csdl.vietnamtourism.gov.vn""}",
54,Bolero homestay,,"Hành Cung, Huyện Hoa Lư, Ninh Bình",38,khach_san,0.0,0.0,0.0,,,,,0.0,0,0,,2026-05-27 16:38:12,2026-05-27 16:38:12,active,"{""category"": ""cslt"", ""detail_url"": ""https://csdl.vietnamtourism.gov.vn/cslt/?item=11522"", ""email"": """", ""item_id"": ""11522"", ""source"": ""csdl.vietnamtourism.gov.vn""}",
55,Sen Hidden Charm Hotel Côn Đảo,,"Đường Nguyễn Thị Minh Khai, Khu 6, Huyện Côn Đảo, Bà Rịa - Vũng Tàu",62,khach_san,0.0,0.0,0.0,,,,,0.0,0,0,,2026-05-27 16:38:12,2026-05-27 16:38:12,active,"{""category"": ""cslt"", ""detail_url"": ""https://csdl.vietnamtourism.gov.vn/cslt/?item=12034"", ""email"": """", ""item_id"": ""12034"", ""source"": ""csdl.vietnamtourism.gov.vn""}",
56,KHÁCH SẠN HERITAGE PHÚ YÊN,,"22 LÊ HỒNG PHONG, PHƯỜNG 7, THÀNH PHỐ TUY HÒA, TỈNH PHÚ YÊN, Thành phố Tuy Hoà, Phú Yên",41,khach_san,0.0,0.0,0.0,,,,,0.0,0,0,,2026-05-27 16:38:12,2026-05-27 16:38:12,active,"{""category"": ""cslt"", ""detail_url"": ""https://csdl.vietnamtourism.gov.vn/cslt/?item=12290"", ""email"": """", ""item_id"": ""12290"", ""source"": ""csdl.vietnamtourism.gov.vn""}",
57,Khách sạn cảnh việt,,"Ô1,khu phố thanh bình a, thị trấn gò dầu, huyện gò dầu, Tây Ninh, Gò Dầu, Huyện Gò Dầu",49,khach_san,0.0,0.0,0.0,,,,,0.0,0,0,,2026-05-27 16:38:12,2026-05-27 16:38:12,active,"{""category"": ""cslt"", ""detail_url"": ""https://csdl.vietnamtourism.gov.vn/cslt/?item=12546"", ""email"": """", ""item_id"": ""12546"", ""source"": ""csdl.vietnamtourism.gov.vn""}",
58,Nhà nghỉ Quỳnh chi,,"Pác Ngòi, Nam Mẫu, ba Bể, bắc Kạn, Huyện Ba Bể, Bắc Kạn",4,khach_san,0.0,0.0,0.0,,,,,0.0,0,0,,2026-05-27 16:38:12,2026-05-27 16:38:12,active,"{""category"": ""cslt"", ""detail_url"": ""https://csdl.vietnamtourism.gov.vn/cslt/?item=12802"", ""email"": """", ""item_id"": ""12802"", ""source"": ""csdl.vietnamtourism.gov.vn""}",
59,Nhà nghỉ Quỳnh Nhi,,"Khu vực 4 - TT. Đức Hòa - huyện Đức Hòa, Đức Hòa, Huyện Đức Hòa, Tây Ninh",49,khach_san,0.0,0.0,0.0,,,,,0.0,0,0,,2026-05-27 16:38:12,2026-05-27 16:38:12,active,"{""category"": ""cslt"", ""detail_url"": ""https://csdl.vietnamtourism.gov.vn/cslt/?item=13058"", ""email"": """", ""item_id"": ""13058"", ""source"": ""csdl.vietnamtourism.gov.vn""}",
60,Nhà Nghỉ Phương Dung,,"Ấp B2, xã Phước Minh, huyện Dương Minh Châu, tỉnh Tây Ninh, Huyện Dương Minh Châu",49,khach_san,0.0,0.0,0.0,,,,,0.0,0,0,,2026-05-27 16:38:12,2026-05-27 16:38:12,active,"{""category"": ""cslt"", ""detail_url"": ""https://csdl.vietnamtourism.gov.vn/cslt/?item=13314"", ""email"": """", ""item_id"": ""13314"", ""source"": ""csdl.vietnamtourism.gov.vn""}",
61,Nhà nghỉ Hồng Ngọc,,"Ấp Bãi Nhà A, xã lại Sơn, huyện Kiên Hải, tỉnh Kiên Giang, Huyện Kiên Hải, An Giang",29,khach_san,0.0,0.0,0.0,,,,,0.0,0,0,,2026-05-27 16:38:12,2026-05-27 16:38:12,active,"{""category"": ""cslt"", ""detail_url"": ""https://csdl.vietnamtourism.gov.vn/cslt/?item=13570"", ""email"": """", ""item_id"": ""13570"", ""source"": ""csdl.vietnamtourism.gov.vn""}",
62,Khách sạn Hoàng Vy,,"Số 71 đường 447, Tăng Nhơn Phú, Quận 9, Thành phố Hồ Chí Minh",61,khach_san,0.0,0.0,0.0,,,,,0.0,0,0,,2026-05-27 16:38:12,2026-05-27 16:38:12,active,"{""category"": ""cslt"", ""detail_url"": ""https://csdl.vietnamtourism.gov.vn/cslt/?item=14338"", ""email"": """", ""item_id"": ""14338"", ""source"": ""csdl.vietnamtourism.gov.vn""}",
63,Khách sạn Tôm Tép,,"Tổ 1 khu 4 . Phường bãi cháy . Thành phố hạ long, Bãi Cháy, Thành phố Hạ Long, Quảng Ninh",45,khach_san,0.0,0.0,0.0,,,,,0.0,0,0,,2026-05-27 16:38:12,2026-05-27 16:38:12,active,"{""category"": ""cslt"", ""detail_url"": ""https://csdl.vietnamtourism.gov.vn/cslt/?item=14594"", ""email"": """", ""item_id"": ""14594"", ""source"": ""csdl.vietnamtourism.gov.vn""}",
64,NHÀ NGHỈ NGỌC HUY,,"TỔ 4 KHU 12 PHƯỜNG MÔNG DƯƠNG THÀNH PHỐ CẨM PHẢ TỈNH QUẢNG NINH, Mông Dương, Thành phố Cẩm Phả, Quảng Ninh",45,khach_san,0.0,0.0,0.0,,,,,0.0,0,0,,2026-05-27 16:38:12,2026-05-27 16:38:12,active,"{""category"": ""cslt"", ""detail_url"": ""https://csdl.vietnamtourism.gov.vn/cslt/?item=15106"", ""email"": """", ""item_id"": ""15106"", ""source"": ""csdl.vietnamtourism.gov.vn""}",
65,Nhà nghỉ Phương Đông,,"Khu Cầu Sến, phường Phương Đông, thành phố Uông Bí., Yên Tử, Thành phố Uông Bí, Quảng Ninh",45,khach_san,0.0,0.0,0.0,,,,,0.0,0,0,,2026-05-27 16:38:12,2026-05-27 16:38:12,active,"{""category"": ""cslt"", ""detail_url"": ""https://csdl.vietnamtourism.gov.vn/cslt/?item=15362"", ""email"": """", ""item_id"": ""15362"", ""source"": ""csdl.vietnamtourism.gov.vn""}",
66,Nhà nghỉ phương nam,,"Thôn tuy lộc, Thành phố Yên Bái, Lào Cai",34,khach_san,0.0,0.0,0.0,,,,,0.0,0,0,,2026-05-27 16:38:12,2026-05-27 16:38:12,active,"{""category"": ""cslt"", ""detail_url"": ""https://csdl.vietnamtourism.gov.vn/cslt/?item=15618"", ""email"": """", ""item_id"": ""15618"", ""source"": ""csdl.vietnamtourism.gov.vn""}",
67,Ly Sy Homestay,,"Thôn Ngòi Tu, xã Vũ Linh, Huyện Yên Bình, Lào Cai",34,khach_san,0.0,0.0,0.0,,,,,0.0,0,0,,2026-05-27 16:38:12,2026-05-27 16:38:12,active,"{""category"": ""cslt"", ""detail_url"": ""https://csdl.vietnamtourism.gov.vn/cslt/?item=15874"", ""email"": """", ""item_id"": ""15874"", ""source"": ""csdl.vietnamtourism.gov.vn""}",
68,Sen homestay,,"Thôn Hành Cung, Huyện Hoa Lư, Ninh Bình",38,khach_san,0.0,0.0,0.0,,,,,0.0,0,0,,2026-05-27 16:38:12,2026-05-27 16:38:12,active,"{""category"": ""cslt"", ""detail_url"": ""https://csdl.vietnamtourism.gov.vn/cslt/?item=8707"", ""email"": """", ""item_id"": ""8707"", ""source"": ""csdl.vietnamtourism.gov.vn""}",
69,khách sạn thu hà,,"bản híp xã chiềng khương sông mã sơn la, Chiềng Khương, Huyện Sông Mã, Sơn La",48,khach_san,0.0,0.0,0.0,,,,,0.0,0,0,,2026-05-27 16:38:12,2026-05-27 16:38:12,active,"{""category"": ""cslt"", ""detail_url"": ""https://csdl.vietnamtourism.gov.vn/cslt/?item=8963"", ""email"": """", ""item_id"": ""8963"", ""source"": ""csdl.vietnamtourism.gov.vn""}",
70,Nhà Nghỉ Ninh Phong,,"Khu Đô Thị Mới Ấp Đồn, Yên Trung, Huyện Yên Phong",0,khach_san,0.0,0.0,0.0,,,,,0.0,0,0,,2026-05-27 16:38:12,2026-05-27 16:38:12,active,"{""category"": ""cslt"", ""detail_url"": ""https://csdl.vietnamtourism.gov.vn/cslt/?item=9219"", ""email"": """", ""item_id"": ""9219"", ""source"": ""csdl.vietnamtourism.gov.vn""}",
71,Khách sạn Hồng Ngọc,,"Tổ 2, phường Đoàn kết, tp Lai Châu, Thành phố Lai Châu, Lai Châu",31,khach_san,0.0,0.0,0.0,,,,,0.0,0,0,,2026-05-27 16:38:12,2026-05-27 16:38:12,active,"{""category"": ""cslt"", ""detail_url"": ""https://csdl.vietnamtourism.gov.vn/cslt/?item=9475"", ""email"": """", ""item_id"": ""9475"", ""source"": ""csdl.vietnamtourism.gov.vn""}",
72,nhà nghỉ hương quý,,"số nhà 04 tổ 4 phường mường thanh thành phố điện biên phủ, Thành phố Điện Biên Phủ, Điện Biên",15,khach_san,0.0,0.0,0.0,,,,,0.0,0,0,,2026-05-27 16:38:12,2026-05-27 16:38:12,active,"{""category"": ""cslt"", ""detail_url"": ""https://csdl.vietnamtourism.gov.vn/cslt/?item=9731"", ""email"": """", ""item_id"": ""9731"", ""source"": ""csdl.vietnamtourism.gov.vn""}",
73,Nhà Nghỉ Hướng Dương,,"Đường Địch Lễ, Thành phố Nam Định, Nam Định",36,khach_san,0.0,0.0,0.0,,,,,0.0,0,0,,2026-05-27 16:38:12,2026-05-27 16:38:12,active,"{""category"": ""cslt"", ""detail_url"": ""https://csdl.vietnamtourism.gov.vn/cslt/?item=10243"", ""email"": """", ""item_id"": ""10243"", ""source"": ""csdl.vietnamtourism.gov.vn""}",
74,Nhà nghỉ Lê Trung,,"xóm Đồng Phong, xã Xuân Hòa, huyện Nam Đàn, tỉnh Nghệ An, Huyện Nam Đàn, Nghệ An",37,khach_san,0.0,0.0,0.0,,,,,0.0,0,0,,2026-05-27 16:38:12,2026-05-27 16:38:12,active,"{""category"": ""cslt"", ""detail_url"": ""https://csdl.vietnamtourism.gov.vn/cslt/?item=10499"", ""email"": """", ""item_id"": ""10499"", ""source"": ""csdl.vietnamtourism.gov.vn""}",
75,Nhà nghỉ Mai Trang,,"Khu Phú Liêm, phường Hùng Vương, thị xã Phú thọ, tỉnh Phú Thọ, Phú Thọ, Thị xã Phú Thọ, Phú Thọ",40,khach_san,0.0,0.0,0.0,,,,,0.0,0,0,,2026-05-27 16:38:12,2026-05-27 16:38:12,active,"{""category"": ""cslt"", ""detail_url"": ""https://csdl.vietnamtourism.gov.vn/cslt/?item=11011"", ""email"": """", ""item_id"": ""11011"", ""source"": ""csdl.vietnamtourism.gov.vn""}",
76,nhà nghỉ Mây Hồng,,"171A Nguyễn Văn Rốp, kp4, Thành phố Tây Ninh",49,khach_san,0.0,0.0,0.0,,,,,0.0,0,0,,2026-05-27 16:38:12,2026-05-27 16:38:12,active,"{""category"": ""cslt"", ""detail_url"": ""https://csdl.vietnamtourism.gov.vn/cslt/?item=11267"", ""email"": """", ""item_id"": ""11267"", ""source"": ""csdl.vietnamtourism.gov.vn""}",
77,Boo Hostel,,"38 Thạch Lam, An Hải, Quận Sơn Trà, Thành phố Đà Nẵng",60,khach_san,0.0,0.0,0.0,,,,,0.0,0,0,,2026-05-27 16:38:12,2026-05-27 16:38:12,active,"{""category"": ""cslt"", ""detail_url"": ""https://csdl.vietnamtourism.gov.vn/cslt/?item=11523"", ""email"": """", ""item_id"": ""11523"", ""source"": ""csdl.vietnamtourism.gov.vn""}",
78,Nhà nghỉ thanh lịch 1,,"Số 90, đường hố cát, Lạng Giang, Huyện Lạng Giang, Bắc Ninh",5,khach_san,0.0,0.0,0.0,,,,,0.0,0,0,,2026-05-27 16:38:12,2026-05-27 16:38:12,active,"{""category"": ""cslt"", ""detail_url"": ""https://csdl.vietnamtourism.gov.vn/cslt/?item=12291"", ""email"": """", ""item_id"": ""12291"", ""source"": ""csdl.vietnamtourism.gov.vn""}",
79,Nhà nghỉ dung tài,,"Tổ 8 phường pú trạng, Thị xã Nghĩa Lộ, Lào Cai",34,khach_san,0.0,0.0,0.0,,,,,0.0,0,0,,2026-05-27 16:38:12,2026-05-27 16:38:12,active,"{""category"": ""cslt"", ""detail_url"": ""https://csdl.vietnamtourism.gov.vn/cslt/?item=12547"", ""email"": """", ""item_id"": ""12547"", ""source"": ""csdl.vietnamtourism.gov.vn""}",
80,Nhà nghỉ Ruby,,"Khu 7 thị trấn huyện mường tè tỉnh lai châu, Bum Tở, Huyện Mường Tè, Lai Châu",31,khach_san,0.0,0.0,0.0,,,,,0.0,0,0,,2026-05-27 16:38:12,2026-05-27 16:38:12,active,"{""category"": ""cslt"", ""detail_url"": ""https://csdl.vietnamtourism.gov.vn/cslt/?item=12803"", ""email"": """", ""item_id"": ""12803"", ""source"": ""csdl.vietnamtourism.gov.vn""}",
81,HỘ KINH DOANH NHÀ NGHỈ TINA,,"SỐ 55-56-57 NGUYỄN THỊ SÁU,PHƯỜNG PHÚ THỨ,, Hưng Phú, Quận Cái Răng, Thành phố Cần Thơ",59,khach_san,0.0,0.0,0.0,,,,,0.0,0,0,,2026-05-27 16:38:12,2026-05-27 16:38:12,active,"{""category"": ""cslt"", ""detail_url"": ""https://csdl.vietnamtourism.gov.vn/cslt/?item=13059"", ""email"": """", ""item_id"": ""13059"", ""source"": ""csdl.vietnamtourism.gov.vn""}",
82,Nhà nghỉ Thành Lợi,,"Ấp B4, xã Phước Minh, huyện Dương Minh Châu, tỉnh Tây Ninh, Huyện Dương Minh Châu",49,khach_san,0.0,0.0,0.0,,,,,0.0,0,0,,2026-05-27 16:38:12,2026-05-27 16:38:12,active,"{""category"": ""cslt"", ""detail_url"": ""https://csdl.vietnamtourism.gov.vn/cslt/?item=13315"", ""email"": """", ""item_id"": ""13315"", ""source"": ""csdl.vietnamtourism.gov.vn""}",
83,Nhà nghỉ Lam Mỹ,,"Ấp Bãi Nhà B, xã Lại Sơn, huyện Kiên Hải, tỉnh Kiên Giang, Huyện Kiên Hải, An Giang",29,khach_san,0.0,0.0,0.0,,,,,0.0,0,0,,2026-05-27 16:38:12,2026-05-27 16:38:12,active,"{""category"": ""cslt"", ""detail_url"": ""https://csdl.vietnamtourism.gov.vn/cslt/?item=13571"", ""email"": """", ""item_id"": ""13571"", ""source"": ""csdl.vietnamtourism.gov.vn""}",
84,KHÁCH SẠN HỮU NGHỊ,,"68 TRẦN HƯNG ĐẠO, Đông Hà, Thành phố Đông Hà",22,khach_san,0.0,0.0,0.0,,,,,0.0,0,0,,2026-05-27 16:38:12,2026-05-27 16:38:12,active,"{""category"": ""cslt"", ""detail_url"": ""https://csdl.vietnamtourism.gov.vn/cslt/?item=13827"", ""email"": """", ""item_id"": ""13827"", ""source"": ""csdl.vietnamtourism.gov.vn""}",
85,Quynhanh Hotel,,"Thôn chùa,Cẩm nhượng ,Cẩm xuyên,hà tĩnh, Huyện Cẩm Xuyên, Hà Tĩnh",22,khach_san,0.0,0.0,0.0,,,,,0.0,0,0,,2026-05-27 16:38:12,2026-05-27 16:38:12,active,"{""category"": ""cslt"", ""detail_url"": ""https://csdl.vietnamtourism.gov.vn/cslt/?item=14083"", ""email"": """", ""item_id"": ""14083"", ""source"": ""csdl.vietnamtourism.gov.vn""}",
86,Khách sạn Hoàng phong,,"46/13 hà huy giáp phường thành Lộc, An Phú Đông, Quận 12, Thành phố Hồ Chí Minh",61,khach_san,0.0,0.0,0.0,,,,,0.0,0,0,,2026-05-27 16:38:12,2026-05-27 16:38:12,active,"{""category"": ""cslt"", ""detail_url"": ""https://csdl.vietnamtourism.gov.vn/cslt/?item=14339"", ""email"": """", ""item_id"": ""14339"", ""source"": ""csdl.vietnamtourism.gov.vn""}",
87,Lan Tường Hotel,,"LT20,Lan Tường, đường Hạ Long, Bãi Cháy, Hạ Long, Quảng Ninh, Bãi Cháy, Thành phố Hạ Long, Quảng Ninh",45,khach_san,0.0,0.0,0.0,,,,,0.0,0,0,,2026-05-27 16:38:12,2026-05-27 16:38:12,active,"{""category"": ""cslt"", ""detail_url"": ""https://csdl.vietnamtourism.gov.vn/cslt/?item=14595"", ""email"": """", ""item_id"": ""14595"", ""source"": ""csdl.vietnamtourism.gov.vn""}",
88,Nhà nghỉ trường Giang,,"Tổ 5 khu5, Mông Dương, Thành phố Cẩm Phả, Quảng Ninh",45,khach_san,0.0,0.0,0.0,,,,,0.0,0,0,,2026-05-27 16:38:12,2026-05-27 16:38:12,active,"{""category"": ""cslt"", ""detail_url"": ""https://csdl.vietnamtourism.gov.vn/cslt/?item=15107"", ""email"": """", ""item_id"": ""15107"", ""source"": ""csdl.vietnamtourism.gov.vn""}",
89,Homestay Ma Lé,,"Thôn Ma Lé, Huyện Đồng Văn, Hà Giang",19,khach_san,0.0,0.0,0.0,,,,,0.0,0,0,,2026-05-27 16:38:12,2026-05-27 16:38:12,active,"{""category"": ""cslt"", ""detail_url"": ""https://csdl.vietnamtourism.gov.vn/cslt/?item=15363"", ""email"": """", ""item_id"": ""15363"", ""source"": ""csdl.vietnamtourism.gov.vn""}",
90,Nhà nghỉ quỳnh trang,,"Tổ 5 phường hợp minh, Thành phố Yên Bái, Lào Cai",34,khach_san,0.0,0.0,0.0,,,,,0.0,0,0,,2026-05-27 16:38:12,2026-05-27 16:38:12,active,"{""category"": ""cslt"", ""detail_url"": ""https://csdl.vietnamtourism.gov.vn/cslt/?item=15619"", ""email"": """", ""item_id"": ""15619"", ""source"": ""csdl.vietnamtourism.gov.vn""}",
91,Lys Homestay,,"Đường Thái Vi, thôn Văn Lâm, Huyện Hoa Lư, Ninh Bình",38,khach_san,0.0,0.0,0.0,,,,,0.0,0,0,,2026-05-27 16:38:12,2026-05-27 16:38:12,active,"{""category"": ""cslt"", ""detail_url"": ""https://csdl.vietnamtourism.gov.vn/cslt/?item=15875"", ""email"": """", ""item_id"": ""15875"", ""source"": ""csdl.vietnamtourism.gov.vn""}",
92,Sunriver Apartment,,"78 Chế Lan Viên, Quận Ngũ Hành Sơn, Thành phố Đà Nẵng",60,khach_san,0.0,0.0,0.0,,,,,0.0,0,0,,2026-05-27 16:38:12,2026-05-27 16:38:12,active,"{""category"": ""cslt"", ""detail_url"": ""https://csdl.vietnamtourism.gov.vn/cslt/?item=8708"", ""email"": """", ""item_id"": ""8708"", ""source"": ""csdl.vietnamtourism.gov.vn""}",
93,khách sạn thanhbinh3,,"30/76 đỗ nhuận, Quận Tân Phú, Thành phố Hồ Chí Minh",61,khach_san,0.0,0.0,0.0,,,,,0.0,0,0,,2026-05-27 16:38:12,2026-05-27 16:38:12,active,"{""category"": ""cslt"", ""detail_url"": ""https://csdl.vietnamtourism.gov.vn/cslt/?item=8964"", ""email"": """", ""item_id"": ""8964"", ""source"": ""csdl.vietnamtourism.gov.vn""}",
94,Nhà Nghỉ Sao Đêm,,"Thôn Chi Long, Huyện Yên Phong",0,khach_san,0.0,0.0,0.0,,,,,0.0,0,0,,2026-05-27 16:38:12,2026-05-27 16:38:12,active,"{""category"": ""cslt"", ""detail_url"": ""https://csdl.vietnamtourism.gov.vn/cslt/?item=9220"", ""email"": """", ""item_id"": ""9220"", ""source"": ""csdl.vietnamtourism.gov.vn""}",
95,nhà nghỉ thanh nhàn,,"số nhà 05 tổ 4 phường mường thanh thành phố điện biên phủ, Thành phố Điện Biên Phủ, Điện Biên",15,khach_san,0.0,0.0,0.0,,,,,0.0,0,0,,2026-05-27 16:38:12,2026-05-27 16:38:12,active,"{""category"": ""cslt"", ""detail_url"": ""https://csdl.vietnamtourism.gov.vn/cslt/?item=9732"", ""email"": """", ""item_id"": ""9732"", ""source"": ""csdl.vietnamtourism.gov.vn""}",
96,Nhà Nghỉ Tiến Mạnh,,"Tiểu khu Nhà Nghỉ, thị trấn Nông Trường Mộc Châu, Mộc Châu, Sơn La, Thảo Nguyên, Huyện Mộc Châu, Sơn La",48,khach_san,0.0,0.0,0.0,,,,,0.0,0,0,,2026-05-27 16:38:12,2026-05-27 16:38:12,active,"{""category"": ""cslt"", ""detail_url"": ""https://csdl.vietnamtourism.gov.vn/cslt/?item=9988"", ""email"": """", ""item_id"": ""9988"", ""source"": ""csdl.vietnamtourism.gov.vn""}",
97,Nhà Nghỉ Đông Nam 2,,"641 Trần Nhân Tông, Thành phố Nam Định, Nam Định",36,khach_san,0.0,0.0,0.0,,,,,0.0,0,0,,2026-05-27 16:38:12,2026-05-27 16:38:12,active,"{""category"": ""cslt"", ""detail_url"": ""https://csdl.vietnamtourism.gov.vn/cslt/?item=10244"", ""email"": """", ""item_id"": ""10244"", ""source"": ""csdl.vietnamtourism.gov.vn""}",
98,Nhà nghỉ Hoàng Anh A,,"Số 08, tổ 16, khu dân cư Sa Đéc, phường Hùng Vương, thị xã Phú Thọ, tỉnh Phú Thọ, Phú Thọ, Thị xã Phú Thọ, Phú Thọ",40,khach_san,0.0,0.0,0.0,,,,,0.0,0,0,,2026-05-27 16:38:12,2026-05-27 16:38:12,active,"{""category"": ""cslt"", ""detail_url"": ""https://csdl.vietnamtourism.gov.vn/cslt/?item=11012"", ""email"": """", ""item_id"": ""11012"", ""source"": ""csdl.vietnamtourism.gov.vn""}",
99,Nhà nghỉ Nam Dương,,"Số 10, ngõ 131 đường Hồng Hà, Quận Ba Đình, Thành phố Hà Nội",21,khach_san,0.0,0.0,0.0,,,,,0.0,0,0,,2026-05-27 16:38:12,2026-05-27 16:38:12,active,"{""category"": ""cslt"", ""detail_url"": ""https://csdl.vietnamtourism.gov.vn/cslt/?item=11268"", ""email"": """", ""item_id"": ""11268"", ""source"": ""csdl.vietnamtourism.gov.vn""}",
100,Nhà nghỉ tuấn hưng,,"Thôn 3, xã Quảng Chính - Hải Hà - Quảng Ninh, Huyện Hải Hà, Quảng Ninh",45,khach_san,0.0,0.0,0.0,,,,,0.0,0,0,,2026-05-27 16:38:12,2026-05-27 16:38:12,active,"{""category"": ""cslt"", ""detail_url"": ""https://csdl.vietnamtourism.gov.vn/cslt/?item=11524"", ""email"": """", ""item_id"": ""11524"", ""source"": ""csdl.vietnamtourism.gov.vn""}",
101,Khách sạn Sofiana Mỹ Khê,,"54-56 Trần Bạch Đằng, Quận Ngũ Hành Sơn, Thành phố Đà Nẵng",60,khach_san,0.0,0.0,0.0,,,,,0.0,0,0,,2026-05-27 16:38:12,2026-05-27 16:38:12,active,"{""category"": ""cslt"", ""detail_url"": ""https://csdl.vietnamtourism.gov.vn/cslt/?item=11780"", ""email"": """", ""item_id"": ""11780"", ""source"": ""csdl.vietnamtourism.gov.vn""}",
102,Khách sạn ánh dương,,"Cảng tàu quốc tế Tuần Châu, Thành phố Hạ Long, Quảng Ninh",45,khach_san,0.0,0.0,0.0,,,,,0.0,0,0,,2026-05-27 16:38:12,2026-05-27 16:38:12,active,"{""category"": ""cslt"", ""detail_url"": ""https://csdl.vietnamtourism.gov.vn/cslt/?item=12036"", ""email"": """", ""item_id"": ""12036"", ""source"": ""csdl.vietnamtourism.gov.vn""}",
103,Nhà nghỉ Xuân Trinh,,"246 Bời Lời khu phố Ninh Phú, Bình Minh, Thành phố Tây Ninh",49,khach_san,0.0,0.0,0.0,,,,,0.0,0,0,,2026-05-27 16:38:12,2026-05-27 16:38:12,active,"{""category"": ""cslt"", ""detail_url"": ""https://csdl.vietnamtourism.gov.vn/cslt/?item=12292"", ""email"": """", ""item_id"": ""12292"", ""source"": ""csdl.vietnamtourism.gov.vn""}",
104,Khách sạn eros,,"331/8 phan huy ích, f14, gv, An Hội Tây, Quận Gò Vấp, Thành phố Hồ Chí Minh",61,khach_san,0.0,0.0,0.0,,,,,0.0,0,0,,2026-05-27 16:38:12,2026-05-27 16:38:12,active,"{""category"": ""cslt"", ""detail_url"": ""https://csdl.vietnamtourism.gov.vn/cslt/?item=12548"", ""email"": """", ""item_id"": ""12548"", ""source"": ""csdl.vietnamtourism.gov.vn""}",
105,Hotel du Monde,,"89 Hoàng Như Tiếp, Quận Long Biên, Thành phố Hà Nội",21,khach_san,0.0,0.0,0.0,,,,,0.0,0,0,,2026-05-27 16:38:12,2026-05-27 16:38:12,active,"{""category"": ""cslt"", ""detail_url"": ""https://csdl.vietnamtourism.gov.vn/cslt/?item=12804"", ""email"": """", ""item_id"": ""12804"", ""source"": ""csdl.vietnamtourism.gov.vn""}",
106,Nhà nghỉ Sang Thuận,,"Khu vực 4 - TT. Đức Hòa - huyện Đức Hòa, Đức Hòa, Huyện Đức Hòa, Tây Ninh",49,khach_san,0.0,0.0,0.0,,,,,0.0,0,0,,2026-05-27 16:38:12,2026-05-27 16:38:12,active,"{""category"": ""cslt"", ""detail_url"": ""https://csdl.vietnamtourism.gov.vn/cslt/?item=13060"", ""email"": """", ""item_id"": ""13060"", ""source"": ""csdl.vietnamtourism.gov.vn""}",
107,Nhà nghỉ Lệ Thu,,"ấp Bình Tiền 1 - xã Đức Hòa Hạ - huyện Đức Hòa, Huyện Đức Hòa, Tây Ninh",49,khach_san,0.0,0.0,0.0,,,,,0.0,0,0,,2026-05-27 16:38:12,2026-05-27 16:38:12,active,"{""category"": ""cslt"", ""detail_url"": ""https://csdl.vietnamtourism.gov.vn/cslt/?item=13316"", ""email"": """", ""item_id"": ""13316"", ""source"": ""csdl.vietnamtourism.gov.vn""}",
108,Ruby Hotel Cao Xanh,,"số 299 tổ 20d khu 2b phường cao xanh thành phố hạ long tỉnh quảng ninh, Cao Xanh, Thành phố Hạ Long, Quảng Ninh",45,khach_san,0.0,0.0,0.0,,,,,0.0,0,0,,2026-05-27 16:38:12,2026-05-27 16:38:12,active,"{""category"": ""cslt"", ""detail_url"": ""https://csdl.vietnamtourism.gov.vn/cslt/?item=14084"", ""email"": """", ""item_id"": ""14084"", ""source"": ""csdl.vietnamtourism.gov.vn""}",
109,Khách sạn Huy Anh,,"Số 1436, đường Trường Chinh, tổ 11, Bắc Quang, Huyện Bắc Quang, Hà Giang",19,khach_san,0.0,0.0,0.0,,,,,0.0,0,0,,2026-05-27 16:38:12,2026-05-27 16:38:12,active,"{""category"": ""cslt"", ""detail_url"": ""https://csdl.vietnamtourism.gov.vn/cslt/?item=14340"", ""email"": """", ""item_id"": ""14340"", ""source"": ""csdl.vietnamtourism.gov.vn""}",
110,NGỌC TÙNG HOTEL,,"102 B tổ 2 khu 4 bãi cháy hạ long quảng ninh, Bãi Cháy, Thành phố Hạ Long, Quảng Ninh",45,khach_san,0.0,0.0,0.0,,,,,0.0,0,0,,2026-05-27 16:38:12,2026-05-27 16:38:12,active,"{""category"": ""cslt"", ""detail_url"": ""https://csdl.vietnamtourism.gov.vn/cslt/?item=14596"", ""email"": """", ""item_id"": ""14596"", ""source"": ""csdl.vietnamtourism.gov.vn""}",
111,Nhà Nghỉ Thành Đạt,,"Tổ 4 khu 8 phường Mông Dương thành phố Cẩm Phả tỉnh Quảng Ninh, Mông Dương, Thành phố Cẩm Phả, Quảng Ninh",45,khach_san,0.0,0.0,0.0,,,,,0.0,0,0,,2026-05-27 16:38:12,2026-05-27 16:38:12,active,"{""category"": ""cslt"", ""detail_url"": ""https://csdl.vietnamtourism.gov.vn/cslt/?item=15108"", ""email"": """", ""item_id"": ""15108"", ""source"": ""csdl.vietnamtourism.gov.vn""}",
112,Homestay Mạnh Xuyến,,"tổ 5, thị trấn Mù Cang Chải, Mù Cang Chải, Huyện Mù Căng Chải, Lào Cai",34,khach_san,0.0,0.0,0.0,,,,,0.0,0,0,,2026-05-27 16:38:12,2026-05-27 16:38:12,active,"{""category"": ""cslt"", ""detail_url"": ""https://csdl.vietnamtourism.gov.vn/cslt/?item=15364"", ""email"": """", ""item_id"": ""15364"", ""source"": ""csdl.vietnamtourism.gov.vn""}",
113,Nhà nghỉ thu thảo,,"Số nhà79 đường lêvan tám, Thành phố Yên Bái, Lào Cai",34,khach_san,0.0,0.0,0.0,,,,,0.0,0,0,,2026-05-27 16:38:12,2026-05-27 16:38:12,active,"{""category"": ""cslt"", ""detail_url"": ""https://csdl.vietnamtourism.gov.vn/cslt/?item=15620"", ""email"": """", ""item_id"": ""15620"", ""source"": ""csdl.vietnamtourism.gov.vn""}",
114,Lá homestay,,"Thôn Đắc Tâm, xã Đắk Lao, huyện Đắk Mil, tỉnh Đắk Nông, Huyện Đắk Mil, Đắc Nông",14,khach_san,0.0,0.0,0.0,,,,,0.0,0,0,,2026-05-27 16:38:12,2026-05-27 16:38:12,active,"{""category"": ""cslt"", ""detail_url"": ""https://csdl.vietnamtourism.gov.vn/cslt/?item=15876"", ""email"": """", ""item_id"": ""15876"", ""source"": ""csdl.vietnamtourism.gov.vn""}",
115,Sun Resort,,219 Trung Kính,0,khach_san,0.0,0.0,0.0,,,,,0.0,0,0,,2026-05-27 16:38:12,2026-05-27 16:38:12,active,"{""category"": ""cslt"", ""detail_url"": ""https://csdl.vietnamtourism.gov.vn/cslt/?item=8709"", ""email"": """", ""item_id"": ""8709"", ""source"": ""csdl.vietnamtourism.gov.vn""}",
116,khách sạn thanhbinh2,,"93/51 bờ bao tân thắng, Quận Tân Phú, Thành phố Hồ Chí Minh",61,khach_san,0.0,0.0,0.0,,,,,0.0,0,0,,2026-05-27 16:38:12,2026-05-27 16:38:12,active,"{""category"": ""cslt"", ""detail_url"": ""https://csdl.vietnamtourism.gov.vn/cslt/?item=8965"", ""email"": """", ""item_id"": ""8965"", ""source"": ""csdl.vietnamtourism.gov.vn""}",
117,Nhà nghỉ Hoàng Kim,,"Chi Long, Huyện Yên Phong",0,khach_san,0.0,0.0,0.0,,,,,0.0,0,0,,2026-05-27 16:38:12,2026-05-27 16:38:12,active,"{""category"": ""cslt"", ""detail_url"": ""https://csdl.vietnamtourism.gov.vn/cslt/?item=9221"", ""email"": """", ""item_id"": ""9221"", ""source"": ""csdl.vietnamtourism.gov.vn""}",
118,NHÀ NGHỈ HẠNH MAI,,"Bản Chợ, Búng Lao, Mường Ảng, Điện Biên, Búng Lao, Huyện Mường Ảng, Điện Biên",15,khach_san,0.0,0.0,0.0,,,,,0.0,0,0,,2026-05-27 16:38:12,2026-05-27 16:38:12,active,"{""category"": ""cslt"", ""detail_url"": ""https://csdl.vietnamtourism.gov.vn/cslt/?item=9733"", ""email"": """", ""item_id"": ""9733"", ""source"": ""csdl.vietnamtourism.gov.vn""}",
119,Nhà Nghỉ Trung Anh,,"Tiểu khu 19 tháng 8 Thị Trấn Nông Trường Mộc Châu-Sơn La, Thảo Nguyên, Huyện Mộc Châu, Sơn La",48,khach_san,0.0,0.0,0.0,,,,,0.0,0,0,,2026-05-27 16:38:12,2026-05-27 16:38:12,active,"{""category"": ""cslt"", ""detail_url"": ""https://csdl.vietnamtourism.gov.vn/cslt/?item=9989"", ""email"": """", ""item_id"": ""9989"", ""source"": ""csdl.vietnamtourism.gov.vn""}",
120,Nhà nghỉ Hà Ninh,,"439 Trần Nhân Tông, Thành phố Nam Định, Nam Định",36,khach_san,0.0,0.0,0.0,,,,,0.0,0,0,,2026-05-27 16:38:12,2026-05-27 16:38:12,active,"{""category"": ""cslt"", ""detail_url"": ""https://csdl.vietnamtourism.gov.vn/cslt/?item=10245"", ""email"": """", ""item_id"": ""10245"", ""source"": ""csdl.vietnamtourism.gov.vn""}",
121,Khách sạn Lilac,,"127 Yersin, Lâm Viên - Đà Lạt, Thành phố Đà Lạt, Lâm Đồng",32,khach_san,0.0,0.0,0.0,,,,,0.0,0,0,,2026-05-27 16:38:12,2026-05-27 16:38:12,active,"{""category"": ""cslt"", ""detail_url"": ""https://csdl.vietnamtourism.gov.vn/cslt/?item=10501"", ""email"": """", ""item_id"": ""10501"", ""source"": ""csdl.vietnamtourism.gov.vn""}",
122,Nhà nghỉ Ruby,,"Khu Phú Liêm, phường Hùng Vương, thị xã Phú Thọ, tỉnh Phú Thọ, Phú Thọ, Thị xã Phú Thọ, Phú Thọ",40,khach_san,0.0,0.0,0.0,,,,,0.0,0,0,,2026-05-27 16:38:12,2026-05-27 16:38:12,active,"{""category"": ""cslt"", ""detail_url"": ""https://csdl.vietnamtourism.gov.vn/cslt/?item=11013"", ""email"": """", ""item_id"": ""11013"", ""source"": ""csdl.vietnamtourism.gov.vn""}",
123,nhà nghỉ Trương Thành,,"3/213 kp2, Thành phố Tây Ninh",49,khach_san,0.0,0.0,0.0,,,,,0.0,0,0,,2026-05-27 16:38:12,2026-05-27 16:38:12,active,"{""category"": ""cslt"", ""detail_url"": ""https://csdl.vietnamtourism.gov.vn/cslt/?item=11269"", ""email"": """", ""item_id"": ""11269"", ""source"": ""csdl.vietnamtourism.gov.vn""}",
124,Nhà nghỉ tâm hoàng,,"Nhà 75 tổ 3 thị trấn đồng văn , Đồng Văn, Huyện Đồng Văn, Hà Giang",19,khach_san,0.0,0.0,0.0,,,,,0.0,0,0,,2026-05-27 16:38:12,2026-05-27 16:38:12,active,"{""category"": ""cslt"", ""detail_url"": ""https://csdl.vietnamtourism.gov.vn/cslt/?item=11525"", ""email"": """", ""item_id"": ""11525"", ""source"": ""csdl.vietnamtourism.gov.vn""}",
125,Nhà nghỉ thu hà,,"Tổ dân phố 3-thị trấn kép, Huyện Lạng Giang, Bắc Ninh",5,khach_san,0.0,0.0,0.0,,,,,0.0,0,0,,2026-05-27 16:38:12,2026-05-27 16:38:12,active,"{""category"": ""cslt"", ""detail_url"": ""https://csdl.vietnamtourism.gov.vn/cslt/?item=12293"", ""email"": """", ""item_id"": ""12293"", ""source"": ""csdl.vietnamtourism.gov.vn""}",
126,SAKURA HOTEL và HOA ĐÀO HOTEL,,"Số 133 - 4, Đường Lê Thánh Tông, Phường Tân Thịnh, Thành phố Hòa Bình, Thành phố Hòa Bình, Hoà Bình",26,khach_san,0.0,0.0,0.0,,,,,0.0,0,0,,2026-05-27 16:38:12,2026-05-27 16:38:12,active,"{""category"": ""cslt"", ""detail_url"": ""https://csdl.vietnamtourism.gov.vn/cslt/?item=12549"", ""email"": """", ""item_id"": ""12549"", ""source"": ""csdl.vietnamtourism.gov.vn""}",
127,Nhà nghỉ Sang Thu,,"Thôn Đông Lẻo, xã Bộc Bố, tỉnh Bắc Kạn., Bằng Thành, Huyện Pác Nặm, Bắc Kạn",4,khach_san,0.0,0.0,0.0,,,,,0.0,0,0,,2026-05-27 16:38:12,2026-05-27 16:38:12,active,"{""category"": ""cslt"", ""detail_url"": ""https://csdl.vietnamtourism.gov.vn/cslt/?item=12805"", ""email"": """", ""item_id"": ""12805"", ""source"": ""csdl.vietnamtourism.gov.vn""}",
128,Nhà nghỉ Thiên Hòa,,"Khu vực 2 - TT. Đức Hòa - huyện Đức Hòa, Đức Hòa, Huyện Đức Hòa, Tây Ninh",49,khach_san,0.0,0.0,0.0,,,,,0.0,0,0,,2026-05-27 16:38:12,2026-05-27 16:38:12,active,"{""category"": ""cslt"", ""detail_url"": ""https://csdl.vietnamtourism.gov.vn/cslt/?item=13061"", ""email"": """", ""item_id"": ""13061"", ""source"": ""csdl.vietnamtourism.gov.vn""}",
129,Nhà nghỉ Mai Phương,,"ấp Bình Tiền 1 - xã Đức Hòa Hạ - huyện Đức Hòa, Huyện Đức Hòa, Tây Ninh",49,khach_san,0.0,0.0,0.0,,,,,0.0,0,0,,2026-05-27 16:38:12,2026-05-27 16:38:12,active,"{""category"": ""cslt"", ""detail_url"": ""https://csdl.vietnamtourism.gov.vn/cslt/?item=13317"", ""email"": """", ""item_id"": ""13317"", ""source"": ""csdl.vietnamtourism.gov.vn""}",
130,Nhà nghỉ Phương Duyên,,"TỔ 7, ẤP BÃI NHÀ B, Huyện Kiên Hải, An Giang",1,khach_san,0.0,0.0,0.0,,,,,0.0,0,0,,2026-05-27 16:38:12,2026-05-27 16:38:12,active,"{""category"": ""cslt"", ""detail_url"": ""https://csdl.vietnamtourism.gov.vn/cslt/?item=13573"", ""email"": """", ""item_id"": ""13573"", ""source"": ""csdl.vietnamtourism.gov.vn""}",
131,KHÁCH SẠN JW MARRIOTT PHÚ QUỐC,,"KHU PHỐ 6, PHƯỜNG AN THỚI, Thành phố Phú Quốc, An Giang",1,khach_san,0.0,0.0,0.0,,,,,0.0,0,0,,2026-05-27 16:38:12,2026-05-27 16:38:12,active,"{""category"": ""cslt"", ""detail_url"": ""https://csdl.vietnamtourism.gov.vn/cslt/?item=13829"", ""email"": """", ""item_id"": ""13829"", ""source"": ""csdl.vietnamtourism.gov.vn""}",
132,hotel lucky 888,,"tổ 1 khu 8 phường cao xanh - hạ long - quảng ninh, Cao Xanh, Thành phố Hạ Long, Quảng Ninh",45,khach_san,0.0,0.0,0.0,,,,,0.0,0,0,,2026-05-27 16:38:12,2026-05-27 16:38:12,active,"{""category"": ""cslt"", ""detail_url"": ""https://csdl.vietnamtourism.gov.vn/cslt/?item=14085"", ""email"": """", ""item_id"": ""14085"", ""source"": ""csdl.vietnamtourism.gov.vn""}",
133,Khách sạn Huy Hoàng,,"số nhà 41, tổ 2, Đồng Văn, Huyện Đồng Văn, Hà Giang",19,khach_san,0.0,0.0,0.0,,,,,0.0,0,0,,2026-05-27 16:38:12,2026-05-27 16:38:12,active,"{""category"": ""cslt"", ""detail_url"": ""https://csdl.vietnamtourism.gov.vn/cslt/?item=14341"", ""email"": """", ""item_id"": ""14341"", ""source"": ""csdl.vietnamtourism.gov.vn""}",
134,NHÀ NGHỈ KTV,,"SN 07, tổ 3, khu 6, phường Bãi Cháy, TP Hạ Long, tỉnh Quảng Ninh, Bãi Cháy, Thành phố Hạ Long, Quảng Ninh",45,khach_san,0.0,0.0,0.0,,,,,0.0,0,0,,2026-05-27 16:38:12,2026-05-27 16:38:12,active,"{""category"": ""cslt"", ""detail_url"": ""https://csdl.vietnamtourism.gov.vn/cslt/?item=14597"", ""email"": """", ""item_id"": ""14597"", ""source"": ""csdl.vietnamtourism.gov.vn""}",
135,Cơ sở Homestay Lý Văn Vừ,,"Thôn Phiêng Luông Xã Phiêng Luông huyện Bắc Mê tỉnh Hà Giang , Huyện Bắc Mê, Hà Giang",19,khach_san,0.0,0.0,0.0,,,,,0.0,0,0,,2026-05-27 16:38:12,2026-05-27 16:38:12,active,"{""category"": ""cslt"", ""detail_url"": ""https://csdl.vietnamtourism.gov.vn/cslt/?item=14853"", ""email"": """", ""item_id"": ""14853"", ""source"": ""csdl.vietnamtourism.gov.vn""}",
136,Nhà nghỉ Hoàng Sơn,,"Tổ 8 khu 8 phường mông dương, Mông Dương, Thành phố Cẩm Phả, Quảng Ninh",45,khach_san,0.0,0.0,0.0,,,,,0.0,0,0,,2026-05-27 16:38:12,2026-05-27 16:38:12,active,"{""category"": ""cslt"", ""detail_url"": ""https://csdl.vietnamtourism.gov.vn/cslt/?item=15109"", ""email"": """", ""item_id"": ""15109"", ""source"": ""csdl.vietnamtourism.gov.vn""}",
137,Homestay Minh Phát,,"21 Lê Quý Đôn, phường Cẩm Phô, thành phố Hội An, tỉnh Quảng Nam, Thành phố Hội An, Quảng Nam",43,khach_san,0.0,0.0,0.0,,,,,0.0,0,0,,2026-05-27 16:38:12,2026-05-27 16:38:12,active,"{""category"": ""cslt"", ""detail_url"": ""https://csdl.vietnamtourism.gov.vn/cslt/?item=15365"", ""email"": """", ""item_id"": ""15365"", ""source"": ""csdl.vietnamtourism.gov.vn""}",
138,Nhà nghỉ Chiến Nhật,,"Xóm Nương, Tiên Lãng, Tiên Yên, Quảng Ninh, Huyện Tiên Yên, Quảng Ninh",45,khach_san,0.0,0.0,0.0,,,,,0.0,0,0,,2026-05-27 16:38:12,2026-05-27 16:38:12,active,"{""category"": ""cslt"", ""detail_url"": ""https://csdl.vietnamtourism.gov.vn/cslt/?item=15621"", ""email"": """", ""item_id"": ""15621"", ""source"": ""csdl.vietnamtourism.gov.vn""}",
139,Lâm Giang homestay Dong van,,"Số nhà 153, đường Trần Phú, Đồng Văn, Huyện Đồng Văn, Hà Giang",19,khach_san,0.0,0.0,0.0,,,,,0.0,0,0,,2026-05-27 16:38:12,2026-05-27 16:38:12,active,"{""category"": ""cslt"", ""detail_url"": ""https://csdl.vietnamtourism.gov.vn/cslt/?item=15877"", ""email"": """", ""item_id"": ""15877"", ""source"": ""csdl.vietnamtourism.gov.vn""}",
140,Style home,,"170-172 Nguyễn thái bình q1, Quận 1, Thành phố Hồ Chí Minh",61,khach_san,0.0,0.0,0.0,,,,,0.0,0,0,,2026-05-27 16:38:12,2026-05-27 16:38:12,active,"{""category"": ""cslt"", ""detail_url"": ""https://csdl.vietnamtourism.gov.vn/cslt/?item=8710"", ""email"": """", ""item_id"": ""8710"", ""source"": ""csdl.vietnamtourism.gov.vn""}",
141,Nhà nghỉ Hoàng Đạt,,"Đường Nguyễn Nghiêu Tá-Khu Đô thị Mới, Yên Phong, Huyện Yên Phong",0,khach_san,0.0,0.0,0.0,,,,,0.0,0,0,,2026-05-27 16:38:12,2026-05-27 16:38:12,active,"{""category"": ""cslt"", ""detail_url"": ""https://csdl.vietnamtourism.gov.vn/cslt/?item=9222"", ""email"": """", ""item_id"": ""9222"", ""source"": ""csdl.vietnamtourism.gov.vn""}",
142,Nhà Nghỉ 94,,"Tổ dân phố 4, Mường Ảng, Huyện Mường Ảng, Điện Biên",15,khach_san,0.0,0.0,0.0,,,,,0.0,0,0,,2026-05-27 16:38:12,2026-05-27 16:38:12,active,"{""category"": ""cslt"", ""detail_url"": ""https://csdl.vietnamtourism.gov.vn/cslt/?item=9734"", ""email"": """", ""item_id"": ""9734"", ""source"": ""csdl.vietnamtourism.gov.vn""}",
143,Nhà nghỉ 68,,"Tiểu khu Bệnh Viện, Thảo Nguyên, Huyện Mộc Châu, Sơn La",48,khach_san,0.0,0.0,0.0,,,,,0.0,0,0,,2026-05-27 16:38:12,2026-05-27 16:38:12,active,"{""category"": ""cslt"", ""detail_url"": ""https://csdl.vietnamtourism.gov.vn/cslt/?item=9990"", ""email"": """", ""item_id"": ""9990"", ""source"": ""csdl.vietnamtourism.gov.vn""}",
144,Nhà nghỉ sky,,"51 nguyễn công trứ, Thành phố Nam Định, Nam Định",36,khach_san,0.0,0.0,0.0,,,,,0.0,0,0,,2026-05-27 16:38:12,2026-05-27 16:38:12,active,"{""category"": ""cslt"", ""detail_url"": ""https://csdl.vietnamtourism.gov.vn/cslt/?item=10246"", ""email"": """", ""item_id"": ""10246"", ""source"": ""csdl.vietnamtourism.gov.vn""}",
145,Nhà nghỉ quang trung,,"Nam giang nam đàn nghệ an, Huyện Nam Đàn, Nghệ An",37,khach_san,0.0,0.0,0.0,,,,,0.0,0,0,,2026-05-27 16:38:12,2026-05-27 16:38:12,active,"{""category"": ""cslt"", ""detail_url"": ""https://csdl.vietnamtourism.gov.vn/cslt/?item=10502"", ""email"": """", ""item_id"": ""10502"", ""source"": ""csdl.vietnamtourism.gov.vn""}",
146,FLAMINGO CÁT BÀ BEACH RESORT,,"Bãi tắm Cát Cò 1, 2 thị trấn Cát Bà,Huyện Cát Hải, Thành phố Hải Phòng, Việt Nam, Cát Hải, Huyện Cát Hải, Thành phố Hải Phòng",24,khach_san,0.0,0.0,0.0,,,,,0.0,0,0,,2026-05-27 16:38:12,2026-05-27 16:38:12,active,"{""category"": ""cslt"", ""detail_url"": ""https://csdl.vietnamtourism.gov.vn/cslt/?item=11270"", ""email"": """", ""item_id"": ""11270"", ""source"": ""csdl.vietnamtourism.gov.vn""}",
147,Nhà nghỉ việt hà,,"Phường phong châu, Thị xã Phú Thọ, Phú Thọ",40,khach_san,0.0,0.0,0.0,,,,,0.0,0,0,,2026-05-27 16:38:12,2026-05-27 16:38:12,active,"{""category"": ""cslt"", ""detail_url"": ""https://csdl.vietnamtourism.gov.vn/cslt/?item=11526"", ""email"": """", ""item_id"": ""11526"", ""source"": ""csdl.vietnamtourism.gov.vn""}",
148,Sao Mai Beach Resort,,"Lê Duẩn, An Phú,Tuy Hòa, Phú Yên, Thành phố Tuy Hoà, Phú Yên",41,khach_san,0.0,0.0,0.0,,,,,0.0,0,0,,2026-05-27 16:38:12,2026-05-27 16:38:12,active,"{""category"": ""cslt"", ""detail_url"": ""https://csdl.vietnamtourism.gov.vn/cslt/?item=12038"", ""email"": """", ""item_id"": ""12038"", ""source"": ""csdl.vietnamtourism.gov.vn""}",
149,Khách Sạn Hoa Ban Trắng,,"Số 31 Đường 3/2 Phường Quyết Thắng, Thành phố Sơn La, Sơn La",48,khach_san,0.0,0.0,0.0,,,,,0.0,0,0,,2026-05-27 16:38:12,2026-05-27 16:38:12,active,"{""category"": ""cslt"", ""detail_url"": ""https://csdl.vietnamtourism.gov.vn/cslt/?item=12550"", ""email"": """", ""item_id"": ""12550"", ""source"": ""csdl.vietnamtourism.gov.vn""}",
150,Hotel du Monde Art,,"69 Hoàng Như Tiếp, Quận Long Biên, Thành phố Hà Nội",21,khach_san,0.0,0.0,0.0,,,,,0.0,0,0,,2026-05-27 16:38:12,2026-05-27 16:38:12,active,"{""category"": ""cslt"", ""detail_url"": ""https://csdl.vietnamtourism.gov.vn/cslt/?item=12806"", ""email"": """", ""item_id"": ""12806"", ""source"": ""csdl.vietnamtourism.gov.vn""}",
151,Di tích lịch sử - văn hóa căn cứ địa cách mạng Hải Chi (Đình Làng Dạ),,"xã Thanh Lâm, Huyện Ba Chẽ, Quảng Ninh",45,dia_danh,0.0,0.0,0.0,,,,,0.0,0,0,,2026-05-27 16:38:12,2026-05-27 16:38:12,active,"{""category"": ""dest"", ""detail_url"": ""https://csdl.vietnamtourism.gov.vn/dest/?item=1171"", ""email"": """", ""item_id"": ""1171"", ""source"": ""csdl.vietnamtourism.gov.vn""}",
152,Chợ Trung tâm Ba Chẽ,,"Thị trấn Ba Chẽ, Ba Chẽ, Huyện Ba Chẽ, Quảng Ninh",45,dia_danh,0.0,0.0,0.0,,,,,0.0,0,0,,2026-05-27 16:38:12,2026-05-27 16:38:12,active,"{""category"": ""dest"", ""detail_url"": ""https://csdl.vietnamtourism.gov.vn/dest/?item=1170"", ""email"": """", ""item_id"": ""1170"", ""source"": ""csdl.vietnamtourism.gov.vn""}",
153,Di tích lịch sử Miếu Ông – Miếu Bà,,"xã Nam Sơn, Huyện Ba Chẽ, Quảng Ninh",45,dia_danh,0.0,0.0,0.0,,,,,0.0,0,0,,2026-05-27 16:38:12,2026-05-27 16:38:12,active,"{""category"": ""dest"", ""detail_url"": ""https://csdl.vietnamtourism.gov.vn/dest/?item=1169"", ""email"": """", ""item_id"": ""1169"", ""source"": ""csdl.vietnamtourism.gov.vn""}",
154,Phố đi bộ Tiên Yên,,"Thị trấn Tiên Yên, Tiên Yên, Huyện Tiên Yên, Quảng Ninh",45,dia_danh,0.0,0.0,0.0,,,,,0.0,0,0,,2026-05-27 16:38:12,2026-05-27 16:38:12,active,"{""category"": ""dest"", ""detail_url"": ""https://csdl.vietnamtourism.gov.vn/dest/?item=1168"", ""email"": """", ""item_id"": ""1168"", ""source"": ""csdl.vietnamtourism.gov.vn""}",
155,"Trung tâm Văn hóa, Thể thao các dân tộc vùng Đông Bắc",,"xã Yên Than, huyện Tiên Yên, Huyện Tiên Yên, Quảng Ninh",45,dia_danh,0.0,0.0,0.0,,,,,0.0,0,0,,2026-05-27 16:38:12,2026-05-27 16:38:12,active,"{""category"": ""dest"", ""detail_url"": ""https://csdl.vietnamtourism.gov.vn/dest/?item=1167"", ""email"": """", ""item_id"": ""1167"", ""source"": ""csdl.vietnamtourism.gov.vn""}",
156,Đền thờ Đức ông Hoàng Cần (Miếu Đại Vương),,"xã Hải Lạng, Hải Lạng, Huyện Tiên Yên, Quảng Ninh",45,dia_danh,0.0,0.0,0.0,,,,,0.0,0,0,,2026-05-27 16:38:12,2026-05-27 16:38:12,active,"{""category"": ""dest"", ""detail_url"": ""https://csdl.vietnamtourism.gov.vn/dest/?item=1166"", ""email"": """", ""item_id"": ""1166"", ""source"": ""csdl.vietnamtourism.gov.vn""}",
157,Chợ Tiên Yên,,"Thị trấn Tiên Yên, Tiên Yên, Huyện Tiên Yên, Quảng Ninh",45,dia_danh,0.0,0.0,0.0,,,,,0.0,0,0,,2026-05-27 16:38:12,2026-05-27 16:38:12,active,"{""category"": ""dest"", ""detail_url"": ""https://csdl.vietnamtourism.gov.vn/dest/?item=1165"", ""email"": """", ""item_id"": ""1165"", ""source"": ""csdl.vietnamtourism.gov.vn""}",
158,Thác Pạc Sủi,,"xã Yên Than, huyện Tiên Yên, Huyện Tiên Yên, Quảng Ninh",45,dia_danh,0.0,0.0,0.0,,,,,0.0,0,0,,2026-05-27 16:38:12,2026-05-27 16:38:12,active,"{""category"": ""dest"", ""detail_url"": ""https://csdl.vietnamtourism.gov.vn/dest/?item=1164"", ""email"": """", ""item_id"": ""1164"", ""source"": ""csdl.vietnamtourism.gov.vn""}",
159,Cột mốc 1317(2) và cửa khẩu Hoành Mô,,"xã Hoành Mô, Hoành Mô, Huyện Bình Liêu, Quảng Ninh",45,dia_danh,0.0,0.0,0.0,,,,,0.0,0,0,,2026-05-27 16:38:12,2026-05-27 16:38:12,active,"{""category"": ""dest"", ""detail_url"": ""https://csdl.vietnamtourism.gov.vn/dest/?item=1163"", ""email"": """", ""item_id"": ""1163"", ""source"": ""csdl.vietnamtourism.gov.vn""}",
160,Chợ Đồng Văn,,"xẫ Đồng Văn, Huyện Bình Liêu, Quảng Ninh",45,dia_danh,0.0,0.0,0.0,,,,,0.0,0,0,,2026-05-27 16:38:12,2026-05-27 16:38:12,active,"{""category"": ""dest"", ""detail_url"": ""https://csdl.vietnamtourism.gov.vn/dest/?item=1162"", ""email"": """", ""item_id"": ""1162"", ""source"": ""csdl.vietnamtourism.gov.vn""}",
161,Chợ Trung tâm huyện Bình Liêu,,"thị trấn Bình Liêu, Bình Liêu, Huyện Bình Liêu, Quảng Ninh",45,dia_danh,0.0,0.0,0.0,,,,,0.0,0,0,,2026-05-27 16:38:12,2026-05-27 16:38:12,active,"{""category"": ""dest"", ""detail_url"": ""https://csdl.vietnamtourism.gov.vn/dest/?item=1161"", ""email"": """", ""item_id"": ""1161"", ""source"": ""csdl.vietnamtourism.gov.vn""}",
162,Đình Lục Nà,,"xẫ Lục Hồn, Lục Hồn, Huyện Bình Liêu, Quảng Ninh",45,dia_danh,0.0,0.0,0.0,,,,,0.0,0,0,,2026-05-27 16:38:12,2026-05-27 16:38:12,active,"{""category"": ""dest"", ""detail_url"": ""https://csdl.vietnamtourism.gov.vn/dest/?item=1160"", ""email"": """", ""item_id"": ""1160"", ""source"": ""csdl.vietnamtourism.gov.vn""}",
163,Thác Sông Moóc,,"xã Đồng Văn,, Huyện Bình Liêu, Quảng Ninh",45,dia_danh,0.0,0.0,0.0,,,,,0.0,0,0,,2026-05-27 16:38:12,2026-05-27 16:38:12,active,"{""category"": ""dest"", ""detail_url"": ""https://csdl.vietnamtourism.gov.vn/dest/?item=1159"", ""email"": """", ""item_id"": ""1159"", ""source"": ""csdl.vietnamtourism.gov.vn""}",
164,Thác Khe Tiền,,"xã Đồng Văn,, Huyện Bình Liêu, Quảng Ninh",45,dia_danh,0.0,0.0,0.0,,,,,0.0,0,0,,2026-05-27 16:38:12,2026-05-27 16:38:12,active,"{""category"": ""dest"", ""detail_url"": ""https://csdl.vietnamtourism.gov.vn/dest/?item=1158"", ""email"": """", ""item_id"": ""1158"", ""source"": ""csdl.vietnamtourism.gov.vn""}",
165,Thác Khe Vằn,,"xã Húc Động, huyện Bình Liêu., Huyện Bình Liêu, Quảng Ninh",45,dia_danh,0.0,0.0,0.0,,,,,0.0,0,0,,2026-05-27 16:38:12,2026-05-27 16:38:12,active,"{""category"": ""dest"", ""detail_url"": ""https://csdl.vietnamtourism.gov.vn/dest/?item=1157"", ""email"": """", ""item_id"": ""1157"", ""source"": ""csdl.vietnamtourism.gov.vn""}",
166,Bãi tắm Lương Ngọc,,"Khu 1A, Phường Quang Hanh, thành phố Cẩm Phả, Quang Hanh, Thành phố Cẩm Phả, Quảng Ninh",45,dia_danh,0.0,0.0,0.0,,,,,0.0,0,0,,2026-05-27 16:38:12,2026-05-27 16:38:12,active,"{""category"": ""dest"", ""detail_url"": ""https://csdl.vietnamtourism.gov.vn/dest/?item=1156"", ""email"": """", ""item_id"": ""1156"", ""source"": ""csdl.vietnamtourism.gov.vn""}",
167,Bãi tắm Quảng Hồng,,"Khu Nam Sơn 2, Phường Cẩm Sơn, thành phố Cẩm Phả , Thành phố Cẩm Phả, Quảng Ninh",45,dia_danh,0.0,0.0,0.0,,,,,0.0,0,0,,2026-05-27 16:38:12,2026-05-27 16:38:12,active,"{""category"": ""dest"", ""detail_url"": ""https://csdl.vietnamtourism.gov.vn/dest/?item=1155"", ""email"": """", ""item_id"": ""1155"", ""source"": ""csdl.vietnamtourism.gov.vn""}",
168,Trung tâm Khoáng nóng Địa chất,,"Ngõ 604 Trần Phú,Phường Cẩm Thạch, Thành phố Cẩm Phả, Quảng Ninh",45,dia_danh,0.0,0.0,0.0,,,,,0.0,0,0,,2026-05-27 16:38:12,2026-05-27 16:38:12,active,"{""category"": ""dest"", ""detail_url"": ""https://csdl.vietnamtourism.gov.vn/dest/?item=1154"", ""email"": """", ""item_id"": ""1154"", ""source"": ""csdl.vietnamtourism.gov.vn""}",
169,Khu di tích lịch sử - Văn hóa Đền Cửa Ông,,"Phường Cửa Ông, Thành phố Cẩm Phả, Quảng Ninh",45,dia_danh,0.0,0.0,0.0,,,,,0.0,0,0,,2026-05-27 16:38:12,2026-05-27 16:38:12,active,"{""category"": ""dest"", ""detail_url"": ""https://csdl.vietnamtourism.gov.vn/dest/?item=1152"", ""email"": """", ""item_id"": ""1152"", ""source"": ""csdl.vietnamtourism.gov.vn""}",
170,Khu di tích lịch sử và Danh thắng Vũng Đục,,"Khu Diêm Thủy, phường Cẩm Đông, Thành phố Cẩm Phả, Quảng Ninh",45,dia_danh,0.0,0.0,0.0,,,,,0.0,0,0,,2026-05-27 16:38:12,2026-05-27 16:38:12,active,"{""category"": ""dest"", ""detail_url"": ""https://csdl.vietnamtourism.gov.vn/dest/?item=1153"", ""email"": """", ""item_id"": ""1153"", ""source"": ""csdl.vietnamtourism.gov.vn""}",
171,Quảng Ninh Gate,,"Thôn Tâ xã Bình Dương, thị xã Đông Triều, An Sinh, Thị xã Đông Triều, Quảng Ninh",8,dia_danh,0.0,0.0,0.0,,,,,0.0,0,0,,2026-05-27 16:38:12,2026-05-27 16:38:12,active,"{""category"": ""dest"", ""detail_url"": ""https://csdl.vietnamtourism.gov.vn/dest/?item=1151"", ""email"": """", ""item_id"": ""1151"", ""source"": ""csdl.vietnamtourism.gov.vn""}",
172,Công viên Hà Lan,,"Khu Vĩnh Xuân phường Mạo Khê, Mạo Khê, Thị xã Đông Triều, Quảng Ninh",45,dia_danh,0.0,0.0,0.0,,,,,0.0,0,0,,2026-05-27 16:38:12,2026-05-27 16:38:12,active,"{""category"": ""dest"", ""detail_url"": ""https://csdl.vietnamtourism.gov.vn/dest/?item=1150"", ""email"": """", ""item_id"": ""1150"", ""source"": ""csdl.vietnamtourism.gov.vn""}",
173,Hồ Khe Chè,,"Thôn Ba Xã, xã An Sinh, Thị xã Đông Triều, Quảng Ninh",45,dia_danh,0.0,0.0,0.0,,,,,0.0,0,0,,2026-05-27 16:38:12,2026-05-27 16:38:12,active,"{""category"": ""dest"", ""detail_url"": ""https://csdl.vietnamtourism.gov.vn/dest/?item=1149"", ""email"": """", ""item_id"": ""1149"", ""source"": ""csdl.vietnamtourism.gov.vn""}",
174,Làng quê Yên Đức,,"Thôn Yên Khánh, xã Yên Đức, Thị xã Đông Triều, Quảng Ninh",45,dia_danh,0.0,0.0,0.0,,,,,0.0,0,0,,2026-05-27 16:38:12,2026-05-27 16:38:12,active,"{""category"": ""dest"", ""detail_url"": ""https://csdl.vietnamtourism.gov.vn/dest/?item=1148"", ""email"": """", ""item_id"": ""1148"", ""source"": ""csdl.vietnamtourism.gov.vn""}",
175,Cụm di tích lịch sử cách mạng khu mỏ than Mạo Khê,,"Khu Vĩnh Lập, phường Mạo Khê,, Mạo Khê, Thị xã Đông Triều, Quảng Ninh",45,dia_danh,0.0,0.0,0.0,,,,,0.0,0,0,,2026-05-27 16:38:12,2026-05-27 16:38:12,active,"{""category"": ""dest"", ""detail_url"": ""https://csdl.vietnamtourism.gov.vn/dest/?item=1147"", ""email"": """", ""item_id"": ""1147"", ""source"": ""csdl.vietnamtourism.gov.vn""}",
176,Trung tâm chiến khu Đông Triều - chùa Bắc Mã,,"Thôn Bắc Mã, xã Bình Dương, An Sinh, Thị xã Đông Triều, Quảng Ninh",8,dia_danh,0.0,0.0,0.0,,,,,0.0,0,0,,2026-05-27 16:38:12,2026-05-27 16:38:12,active,"{""category"": ""dest"", ""detail_url"": ""https://csdl.vietnamtourism.gov.vn/dest/?item=1146"", ""email"": """", ""item_id"": ""1146"", ""source"": ""csdl.vietnamtourism.gov.vn""}",
177,Chùa Hồ Thiên,,"Thôn Phú Ninh, xã Bình Khê, thị xã Đông Triều, Bình Khê, Thị xã Đông Triều, Quảng Ninh",45,dia_danh,0.0,0.0,0.0,,,,,0.0,0,0,,2026-05-27 16:38:12,2026-05-27 16:38:12,active,"{""category"": ""dest"", ""detail_url"": ""https://csdl.vietnamtourism.gov.vn/dest/?item=1145"", ""email"": """", ""item_id"": ""1145"", ""source"": ""csdl.vietnamtourism.gov.vn""}",
178,Chùa Quỳnh Lâm,,"phường Tràng An, Thị xã Đông Triều, Quảng Ninh",45,dia_danh,0.0,0.0,0.0,,,,,0.0,0,0,,2026-05-27 16:38:12,2026-05-27 16:38:12,active,"{""category"": ""dest"", ""detail_url"": ""https://csdl.vietnamtourism.gov.vn/dest/?item=1144"", ""email"": """", ""item_id"": ""1144"", ""source"": ""csdl.vietnamtourism.gov.vn""}",
179,Đền Thái,,"Thôn Trại Lốc, xã An Sinh, Thị xã Đông Triều, Quảng Ninh",45,dia_danh,0.0,0.0,0.0,,,,,0.0,0,0,,2026-05-27 16:38:12,2026-05-27 16:38:12,active,"{""category"": ""dest"", ""detail_url"": ""https://csdl.vietnamtourism.gov.vn/dest/?item=1143"", ""email"": """", ""item_id"": ""1143"", ""source"": ""csdl.vietnamtourism.gov.vn""}",
180,Đền An Sinh,,"Thôn Nghĩa Hưng, xã An Sinh, thị xã Đông Triều, Thị xã Đông Triều, Quảng Ninh",45,dia_danh,0.0,0.0,0.0,,,,,0.0,0,0,,2026-05-27 16:38:12,2026-05-27 16:38:12,active,"{""category"": ""dest"", ""detail_url"": ""https://csdl.vietnamtourism.gov.vn/dest/?item=1142"", ""email"": """", ""item_id"": ""1142"", ""source"": ""csdl.vietnamtourism.gov.vn""}",
181,Chợ Rừng,,"Phường Quảng Yên, Quảng Yên, Thị xã Quảng Yên, Quảng Ninh",45,dia_danh,0.0,0.0,0.0,,,,,0.0,0,0,,2026-05-27 16:38:12,2026-05-27 16:38:12,active,"{""category"": ""dest"", ""detail_url"": ""https://csdl.vietnamtourism.gov.vn/dest/?item=1141"", ""email"": """", ""item_id"": ""1141"", ""source"": ""csdl.vietnamtourism.gov.vn""}",
182,Làng nghề truyền thống Hưng Học,,"phường Nam Hòa, Thị xã Quảng Yên, Quảng Ninh",45,dia_danh,0.0,0.0,0.0,,,,,0.0,0,0,,2026-05-27 16:38:12,2026-05-27 16:38:12,active,"{""category"": ""dest"", ""detail_url"": ""https://csdl.vietnamtourism.gov.vn/dest/?item=1140"", ""email"": """", ""item_id"": ""1140"", ""source"": ""csdl.vietnamtourism.gov.vn""}",
183,Thác Mơ,,"Khu Lâm Sinh 2,Phường Minh Thành, Thị xã Quảng Yên, Quảng Ninh",45,dia_danh,0.0,0.0,0.0,,,,,0.0,0,0,,2026-05-27 16:38:12,2026-05-27 16:38:12,active,"{""category"": ""dest"", ""detail_url"": ""https://csdl.vietnamtourism.gov.vn/dest/?item=1139"", ""email"": """", ""item_id"": ""1139"", ""source"": ""csdl.vietnamtourism.gov.vn""}",
184,Chùa Yên Mỹ,,"xã Lê Lợi, thành phố Hạ Long, Thành phố Hạ Long, Quảng Ninh",45,dia_danh,0.0,0.0,0.0,,,,,0.0,0,0,,2026-05-27 16:38:12,2026-05-27 16:38:12,active,"{""category"": ""dest"", ""detail_url"": ""https://csdl.vietnamtourism.gov.vn/dest/?item=1138"", ""email"": """", ""item_id"": ""1138"", ""source"": ""csdl.vietnamtourism.gov.vn""}",
185,Đền thờ Tiến sỹ Vũ Phi Hổ,,"xã Lê Lợi, thành phố Hạ Long, Thành phố Hạ Long, Quảng Ninh",45,dia_danh,0.0,0.0,0.0,,,,,0.0,0,0,,2026-05-27 16:38:12,2026-05-27 16:38:12,active,"{""category"": ""dest"", ""detail_url"": ""https://csdl.vietnamtourism.gov.vn/dest/?item=1137"", ""email"": """", ""item_id"": ""1137"", ""source"": ""csdl.vietnamtourism.gov.vn""}",
186,Đền thờ Vua Lê Thái Tổ,,"xã Lê Lợi, thành phố Hạ Long, Thành phố Hạ Long, Quảng Ninh",45,dia_danh,0.0,0.0,0.0,,,,,0.0,0,0,,2026-05-27 16:38:12,2026-05-27 16:38:12,active,"{""category"": ""dest"", ""detail_url"": ""https://csdl.vietnamtourism.gov.vn/dest/?item=1136"", ""email"": """", ""item_id"": ""1136"", ""source"": ""csdl.vietnamtourism.gov.vn""}",
187,Miếu Tiên Công,,"Thôn Cẩm Thành, xã Cẩm La xã Cẩm La, Thị xã Quảng Yên, Quảng Ninh",45,dia_danh,0.0,0.0,0.0,,,,,0.0,0,0,,2026-05-27 16:38:12,2026-05-27 16:38:12,active,"{""category"": ""dest"", ""detail_url"": ""https://csdl.vietnamtourism.gov.vn/dest/?item=1135"", ""email"": """", ""item_id"": ""1135"", ""source"": ""csdl.vietnamtourism.gov.vn""}",
188,Chùa Yên Giang,,"Khu 2, phường Yên Giang, Thị xã Quảng Yên, Quảng Ninh",45,dia_danh,0.0,0.0,0.0,,,,,0.0,0,0,,2026-05-27 16:38:12,2026-05-27 16:38:12,active,"{""category"": ""dest"", ""detail_url"": ""https://csdl.vietnamtourism.gov.vn/dest/?item=1134"", ""email"": """", ""item_id"": ""1134"", ""source"": ""csdl.vietnamtourism.gov.vn""}",
189,"Đình, chùa Yên Đông",,"Khu 3, phường Yên Hải, thị xã Quảng Yên, Thị xã Quảng Yên, Quảng Ninh",45,dia_danh,0.0,0.0,0.0,,,,,0.0,0,0,,2026-05-27 16:38:12,2026-05-27 16:38:12,active,"{""category"": ""dest"", ""detail_url"": ""https://csdl.vietnamtourism.gov.vn/dest/?item=1133"", ""email"": """", ""item_id"": ""1133"", ""source"": ""csdl.vietnamtourism.gov.vn""}",
190,Nhà thờ họ Lê,,"Khu 5, phường Phong Cốc, thị xã Quảng Yên, Phong Cốc, Thị xã Quảng Yên, Quảng Ninh",45,dia_danh,0.0,0.0,0.0,,,,,0.0,0,0,,2026-05-27 16:38:12,2026-05-27 16:38:12,active,"{""category"": ""dest"", ""detail_url"": ""https://csdl.vietnamtourism.gov.vn/dest/?item=1132"", ""email"": """", ""item_id"": ""1132"", ""source"": ""csdl.vietnamtourism.gov.vn""}",
191,Đình Phong Cốc,,"Khu 4, phường Phong Cốc, thị xã Quảng Yên, Phong Cốc, Thị xã Quảng Yên, Quảng Ninh",45,dia_danh,0.0,0.0,0.0,,,,,0.0,0,0,,2026-05-27 16:38:12,2026-05-27 16:38:12,active,"{""category"": ""dest"", ""detail_url"": ""https://csdl.vietnamtourism.gov.vn/dest/?item=1131"", ""email"": """", ""item_id"": ""1131"", ""source"": ""csdl.vietnamtourism.gov.vn""}",
192,Hai cây Lim Giếng Rừng,,"Khu 5, phường Quảng Yên, thị xã Quảng Yên, Quảng Yên, Thị xã Quảng Yên, Quảng Ninh",45,dia_danh,0.0,0.0,0.0,,,,,0.0,0,0,,2026-05-27 16:38:12,2026-05-27 16:38:12,active,"{""category"": ""dest"", ""detail_url"": ""https://csdl.vietnamtourism.gov.vn/dest/?item=1130"", ""email"": """", ""item_id"": ""1130"", ""source"": ""csdl.vietnamtourism.gov.vn""}",
193,Bảo tàng Bạch Đằng,,"Khu 5, phường Quảng Yên, thị xã Quảng Yên, Quảng Yên, Thị xã Quảng Yên, Quảng Ninh",45,dia_danh,0.0,0.0,0.0,,,,,0.0,0,0,,2026-05-27 16:38:12,2026-05-27 16:38:12,active,"{""category"": ""dest"", ""detail_url"": ""https://csdl.vietnamtourism.gov.vn/dest/?item=1129"", ""email"": """", ""item_id"": ""1129"", ""source"": ""csdl.vietnamtourism.gov.vn""}",
194,Khu trung tâm di tích lịch sử Bạch Đằng,,"Khu 6, phường Yên Giang, Thị xã Quảng Yên, Quảng Ninh",45,dia_danh,0.0,0.0,0.0,,,,,0.0,0,0,,2026-05-27 16:38:12,2026-05-27 16:38:12,active,"{""category"": ""dest"", ""detail_url"": ""https://csdl.vietnamtourism.gov.vn/dest/?item=1128"", ""email"": """", ""item_id"": ""1128"", ""source"": ""csdl.vietnamtourism.gov.vn""}",
195,Quần thể danh lam thắng cảnh Núi Mằn,,"xã Thống Nhất, thành phố Hạ Long, Thống Nhất, Thành phố Hạ Long, Quảng Ninh",45,dia_danh,0.0,0.0,0.0,,,,,0.0,0,0,,2026-05-27 16:38:12,2026-05-27 16:38:12,active,"{""category"": ""dest"", ""detail_url"": ""https://csdl.vietnamtourism.gov.vn/dest/?item=1127"", ""email"": """", ""item_id"": ""1127"", ""source"": ""csdl.vietnamtourism.gov.vn""}",
196,Khu bảo tồn bản văn hóa người Dao Thanh Y Bằng Cả,,"Thôn 2 (thôn Chín Gian), xã Bằng Cả, Thành phố Hạ Long, Quảng Ninh",45,dia_danh,0.0,0.0,0.0,,,,,0.0,0,0,,2026-05-27 16:38:12,2026-05-27 16:38:12,active,"{""category"": ""dest"", ""detail_url"": ""https://csdl.vietnamtourism.gov.vn/dest/?item=1126"", ""email"": """", ""item_id"": ""1126"", ""source"": ""csdl.vietnamtourism.gov.vn""}",
197,Thiên đường hoa Quảng La,,"xã Quảng La, thành phố Hạ Long, Quảng La, Thành phố Hạ Long, Quảng Ninh",45,dia_danh,0.0,0.0,0.0,,,,,0.0,0,0,,2026-05-27 16:38:12,2026-05-27 16:38:12,active,"{""category"": ""dest"", ""detail_url"": ""https://csdl.vietnamtourism.gov.vn/dest/?item=1125"", ""email"": """", ""item_id"": ""1125"", ""source"": ""csdl.vietnamtourism.gov.vn""}",
198,"Đại Yên Plaza, Vụng Cặp Táo",,"vịnh Hạ Long, thành phố Hạ Long, Thành phố Hạ Long, Quảng Ninh",45,dia_danh,0.0,0.0,0.0,,,,,0.0,0,0,,2026-05-27 16:38:12,2026-05-27 16:38:12,active,"{""category"": ""dest"", ""detail_url"": ""https://csdl.vietnamtourism.gov.vn/dest/?item=1124"", ""email"": """", ""item_id"": ""1124"", ""source"": ""csdl.vietnamtourism.gov.vn""}",
199,Cung Quy hoạch và Hội chợ triển lãm tỉnh Quảng Ninh,,"phường Hồng Hải, thành phố Hạ Long, Hạ Long, Thành phố Hạ Long, Quảng Ninh",45,dia_danh,0.0,0.0,0.0,,,,,0.0,0,0,,2026-05-27 16:38:12,2026-05-27 16:38:12,active,"{""category"": ""dest"", ""detail_url"": ""https://csdl.vietnamtourism.gov.vn/dest/?item=1123"", ""email"": """", ""item_id"": ""1123"", ""source"": ""csdl.vietnamtourism.gov.vn""}",
200,Vụng Tùng Sâu,,"vịnh Hạ Long, thành phố Hạ Long, Thành phố Hạ Long, Quảng Ninh",45,dia_danh,0.0,0.0,0.0,,,,,0.0,0,0,,2026-05-27 16:38:12,2026-05-27 16:38:12,active,"{""category"": ""dest"", ""detail_url"": ""https://csdl.vietnamtourism.gov.vn/dest/?item=1122"", ""email"": """", ""item_id"": ""1122"", ""source"": ""csdl.vietnamtourism.gov.vn""}",
201,Cụm di tích Chùa Lôi Âm và Hồ Yên Lập,,"Phường Đại Yên, tp Hạ Long, Tuần Châu, Thành phố Hạ Long, Quảng Ninh",45,dia_danh,0.0,0.0,0.0,,,,,0.0,0,0,,2026-05-27 16:38:12,2026-05-27 16:38:12,active,"{""category"": ""dest"", ""detail_url"": ""https://csdl.vietnamtourism.gov.vn/dest/?item=1121"", ""email"": """", ""item_id"": ""1121"", ""source"": ""csdl.vietnamtourism.gov.vn""}",
202,Đền Cái Lân,,"Phường Bãi Cháy, thành phố Hạ Long, Bãi Cháy, Thành phố Hạ Long, Quảng Ninh",45,dia_danh,0.0,0.0,0.0,,,,,0.0,0,0,,2026-05-27 16:38:12,2026-05-27 16:38:12,active,"{""category"": ""dest"", ""detail_url"": ""https://csdl.vietnamtourism.gov.vn/dest/?item=1120"", ""email"": """", ""item_id"": ""1120"", ""source"": ""csdl.vietnamtourism.gov.vn""}",
203,Trung tâm Mỹ Ngọc - Công ty CP Ngọc trai Hạ Long,,"Phường Hà Khẩu, thành phố Hạ Long, Thành phố Hạ Long, Quảng Ninh",45,dia_danh,0.0,0.0,0.0,,,,,0.0,0,0,,2026-05-27 16:38:12,2026-05-27 16:38:12,active,"{""category"": ""dest"", ""detail_url"": ""https://csdl.vietnamtourism.gov.vn/dest/?item=1119"", ""email"": """", ""item_id"": ""1119"", ""source"": ""csdl.vietnamtourism.gov.vn""}",
204,Trung tâm thương mại Marine Plaza,,"Phường Hùng Thắng, thành phố Hạ Long, Thành phố Hạ Long, Quảng Ninh",45,dia_danh,0.0,0.0,0.0,,,,,0.0,0,0,,2026-05-27 16:38:12,2026-05-27 16:38:12,active,"{""category"": ""dest"", ""detail_url"": ""https://csdl.vietnamtourism.gov.vn/dest/?item=1118"", ""email"": """", ""item_id"": ""1118"", ""source"": ""csdl.vietnamtourism.gov.vn""}",
205,Trung tâm Thương mại Vincom Hạ Long center,,"Phường Bạch Đằng, thành phố Hạ Long, Thành phố Hạ Long, Quảng Ninh",45,dia_danh,0.0,0.0,0.0,,,,,0.0,0,0,,2026-05-27 16:38:12,2026-05-27 16:38:12,active,"{""category"": ""dest"", ""detail_url"": ""https://csdl.vietnamtourism.gov.vn/dest/?item=1117"", ""email"": """", ""item_id"": ""1117"", ""source"": ""csdl.vietnamtourism.gov.vn""}",
206,Chợ Hạ Long 1,,"Phường Hồng Gai, thành phố Hạ Long, Thành phố Hạ Long, Quảng Ninh",45,dia_danh,0.0,0.0,0.0,,,,,0.0,0,0,,2026-05-27 16:38:12,2026-05-27 16:38:12,active,"{""category"": ""dest"", ""detail_url"": ""https://csdl.vietnamtourism.gov.vn/dest/?item=1116"", ""email"": """", ""item_id"": ""1116"", ""source"": ""csdl.vietnamtourism.gov.vn""}",
207,Bảo tàng - Thư viện tỉnh - Quảng trường 30/10,,"phường Hồng Hải, thành phố Hạ Long, Hạ Long, Thành phố Hạ Long, Quảng Ninh",45,dia_danh,0.0,0.0,0.0,,,,,0.0,0,0,,2026-05-27 16:38:12,2026-05-27 16:38:12,active,"{""category"": ""dest"", ""detail_url"": ""https://csdl.vietnamtourism.gov.vn/dest/?item=1115"", ""email"": """", ""item_id"": ""1115"", ""source"": ""csdl.vietnamtourism.gov.vn""}",
208,Công viên Hạ Long,,"Phường Bạch Đằng, thành phố Hạ Long, Thành phố Hạ Long, Quảng Ninh",45,dia_danh,0.0,0.0,0.0,,,0982139888,,0.0,0,0,,2026-05-27 16:38:12,2026-05-27 16:38:12,active,"{""category"": ""dest"", ""detail_url"": ""https://csdl.vietnamtourism.gov.vn/dest/?item=1114"", ""email"": """", ""item_id"": ""1114"", ""source"": ""csdl.vietnamtourism.gov.vn""}",
209,Nhà thờ Hòn Gai,,"phường Bạch Đằng, thành phố Hạ Long, Thành phố Hạ Long, Quảng Ninh",45,dia_danh,0.0,0.0,0.0,,,,,0.0,0,0,,2026-05-27 16:38:12,2026-05-27 16:38:12,active,"{""category"": ""dest"", ""detail_url"": ""https://csdl.vietnamtourism.gov.vn/dest/?item=1113"", ""email"": """", ""item_id"": ""1113"", ""source"": ""csdl.vietnamtourism.gov.vn""}",
210,Chùa Long Tiên,,"Phường Bạch Đằng, thành phố Hạ Long, Thành phố Hạ Long, Quảng Ninh",45,dia_danh,0.0,0.0,0.0,,,0973311888,,0.0,0,0,,2026-05-27 16:38:12,2026-05-27 16:38:12,active,"{""category"": ""dest"", ""detail_url"": ""https://csdl.vietnamtourism.gov.vn/dest/?item=1112"", ""email"": """", ""item_id"": ""1112"", ""source"": ""csdl.vietnamtourism.gov.vn""}",
211,Trung tâm Văn hóa Núi Bài Thơ và Đền thờ Đức ông Trần Quốc Nghiễn,,"Phường Hồng Gai, thành phố Hạ Long, Thành phố Hạ Long, Quảng Ninh",45,dia_danh,0.0,0.0,0.0,,,0913578538,,0.0,0,0,,2026-05-27 16:38:12,2026-05-27 16:38:12,active,"{""category"": ""dest"", ""detail_url"": ""https://csdl.vietnamtourism.gov.vn/dest/?item=1111"", ""email"": """", ""item_id"": ""1111"", ""source"": ""csdl.vietnamtourism.gov.vn""}",
212,Chùa Ba Vàng,,"tổ 17, khu 5, phường Quang Trung, thành phố Uông Bí, Thành phố Uông Bí, Quảng Ninh",45,dia_danh,0.0,0.0,0.0,,,020302036557799,,0.0,0,0,,2026-05-27 16:38:12,2026-05-27 16:38:12,active,"{""category"": ""dest"", ""detail_url"": ""https://csdl.vietnamtourism.gov.vn/dest/?item=1107"", ""email"": """", ""item_id"": ""1107"", ""source"": ""csdl.vietnamtourism.gov.vn""}",
213,Thác Lựng Xanh,,"Phường Quang Trung, Thành phố Uông Bí, Quảng Ninh",45,dia_danh,0.0,0.0,0.0,,,020302033665530,,0.0,0,0,,2026-05-27 16:38:12,2026-05-27 16:38:12,active,"{""category"": ""dest"", ""detail_url"": ""https://csdl.vietnamtourism.gov.vn/dest/?item=1110"", ""email"": """", ""item_id"": ""1110"", ""source"": ""csdl.vietnamtourism.gov.vn""}",
214,Chùa Phổ Am,,"Phường Bắc Sơn, Thành phố Uông Bí, Quảng Ninh",45,dia_danh,0.0,0.0,0.0,,,020302033854421,,0.0,0,0,,2026-05-27 16:38:12,2026-05-27 16:38:12,active,"{""category"": ""dest"", ""detail_url"": ""https://csdl.vietnamtourism.gov.vn/dest/?item=1109"", ""email"": """", ""item_id"": ""1109"", ""source"": ""csdl.vietnamtourism.gov.vn""}",
215,Đình Đền Công - chùa Long Khánh - miếu Cổ Linh,,"khu Đền Công 2, phường Trưng Vương, thành phố Uông Bí, Vàng Danh, Thành phố Uông Bí, Quảng Ninh",45,dia_danh,0.0,0.0,0.0,,,020302033566965,,0.0,0,0,,2026-05-27 16:38:12,2026-05-27 16:38:12,active,"{""category"": ""dest"", ""detail_url"": ""https://csdl.vietnamtourism.gov.vn/dest/?item=1108"", ""email"": """", ""item_id"": ""1108"", ""source"": ""csdl.vietnamtourism.gov.vn""}",
216,Di tích danh thắng Yên Tử,,"Xã Thượng Yên Công và phường Phương Đông, Thành phố Uông Bí, Quảng Ninh",45,dia_danh,0.0,0.0,0.0,,,020302033854153,,0.0,0,0,,2026-05-27 16:38:12,2026-05-27 16:38:12,active,"{""category"": ""dest"", ""detail_url"": ""https://csdl.vietnamtourism.gov.vn/dest/?item=1106"", ""email"": """", ""item_id"": ""1106"", ""source"": ""csdl.vietnamtourism.gov.vn""}",
217,Văn Miếu - Quốc Tử Giám,,"58 Quốc Tử Giám, Quận Đống Đa, Thành phố Hà Nội",21,dia_danh,0.0,0.0,0.0,,,02438452917,http://vanmieu.gov.vn,0.0,0,0,,2026-05-27 16:38:12,2026-05-27 16:38:12,active,"{""category"": ""dest"", ""detail_url"": ""https://csdl.vietnamtourism.gov.vn/dest/?item=1"", ""email"": ""info@vanmieu.vn"", ""item_id"": ""1"", ""source"": ""csdl.vietnamtourism.gov.vn""}",
218,Vườn Dâu Tằm Mỹ Khánh ở An Giang,,"Võ Văn Hoài, Ấp Bình Hòa 2, Thành phố Long Xuyên",1,dia_danh,0.0,0.0,0.0,,,,,0.0,0,0,,2026-05-27 16:38:12,2026-05-27 16:38:12,active,"{""category"": ""dest"", ""detail_url"": ""https://csdl.vietnamtourism.gov.vn/dest/?item=1104"", ""email"": """", ""item_id"": ""1104"", ""source"": ""csdl.vietnamtourism.gov.vn""}",
219,Du lịch sinh thái Rừng tràm Tân Tuyến,,"Tân Tuyến, Huyện Tri Tôn",0,dia_danh,0.0,0.0,0.0,,,0949981720,,0.0,0,0,,2026-05-27 16:38:12,2026-05-27 16:38:12,active,"{""category"": ""dest"", ""detail_url"": ""https://csdl.vietnamtourism.gov.vn/dest/?item=1103"", ""email"": """", ""item_id"": ""1103"", ""source"": ""csdl.vietnamtourism.gov.vn""}",
220,Vườn trái cây Gò Chùa,,"22B, Gò Dầu, Gò Dầu, Huyện Gò Dầu",0,dia_danh,0.0,0.0,0.0,,,0834983210,,0.0,0,0,,2026-05-27 16:38:12,2026-05-27 16:38:12,active,"{""category"": ""dest"", ""detail_url"": ""https://csdl.vietnamtourism.gov.vn/dest/?item=1102"", ""email"": """", ""item_id"": ""1102"", ""source"": ""csdl.vietnamtourism.gov.vn""}",
221,Tháp cổ Bình Thạnh,,"ĐT786, Trảng Bàng, Huyện Trảng Bàng",0,dia_danh,0.0,0.0,0.0,,,,,0.0,0,0,,2026-05-27 16:38:12,2026-05-27 16:38:12,active,"{""category"": ""dest"", ""detail_url"": ""https://csdl.vietnamtourism.gov.vn/dest/?item=1101"", ""email"": """", ""item_id"": ""1101"", ""source"": ""csdl.vietnamtourism.gov.vn""}",
222,Công viên nước Thanh Lễ,,"Đại lộ Bình Dương, Thành phố Thủ Dầu Một, Bình Dương",8,dia_danh,0.0,0.0,0.0,,,02740968908086,,0.0,0,0,,2026-05-27 16:38:12,2026-05-27 16:38:12,active,"{""category"": ""dest"", ""detail_url"": ""https://csdl.vietnamtourism.gov.vn/dest/?item=1098"", ""email"": """", ""item_id"": ""1098"", ""source"": ""csdl.vietnamtourism.gov.vn""}",
223,Khu du lịch làng cổ Phước Lộc Thọ,,"67A Tỉnh lộ 824, ấp 2, Huyện Đức Hòa, Tây Ninh",49,dia_danh,0.0,0.0,0.0,,,02723765567,https://www.langcophuocloctho.vn,0.0,0,0,,2026-05-27 16:38:12,2026-05-27 16:38:12,active,"{""category"": ""dest"", ""detail_url"": ""https://csdl.vietnamtourism.gov.vn/dest/?item=1100"", ""email"": ""info@langcophuocloctho.vn"", ""item_id"": ""1100"", ""source"": ""csdl.vietnamtourism.gov.vn""}",
224,Quán Café Gió & Nước Bình Dương,,"6/28T Trần Bình Trọng, Thành phố Thủ Dầu Một, Bình Dương",8,dia_danh,0.0,0.0,0.0,,,02740913720211,https://www.giovanuoc.vn,0.0,0,0,,2026-05-27 16:38:12,2026-05-27 16:38:12,active,"{""category"": ""dest"", ""detail_url"": ""https://csdl.vietnamtourism.gov.vn/dest/?item=1099"", ""email"": ""lienhe@giovanuoc.vn"", ""item_id"": ""1099"", ""source"": ""csdl.vietnamtourism.gov.vn""}",
225,Cụm du lịch hồ Dầu Tiếng,,"Xã Định Thành, Huyện Dầu Tiếng, Huyện Dầu Tiếng, Bình Dương",8,dia_danh,0.0,0.0,0.0,,,,,0.0,0,0,,2026-05-27 16:38:12,2026-05-27 16:38:12,active,"{""category"": ""dest"", ""detail_url"": ""https://csdl.vietnamtourism.gov.vn/dest/?item=1096"", ""email"": """", ""item_id"": ""1096"", ""source"": ""csdl.vietnamtourism.gov.vn""}",
226,Khu Du Lịch Thủy Châu,,"55 DT743C Phường Bình Thắng, TP. Dĩ An,, Thị xã Dĩ An, Bình Dương",8,dia_danh,0.0,0.0,0.0,,,02740965101510,,0.0,0,0,,2026-05-27 16:38:12,2026-05-27 16:38:12,active,"{""category"": ""dest"", ""detail_url"": ""https://csdl.vietnamtourism.gov.vn/dest/?item=1095"", ""email"": """", ""item_id"": ""1095"", ""source"": ""csdl.vietnamtourism.gov.vn""}",
227,Làng Tre Phú An,,"124 ĐT744, Phú An, Thị xã Bến Cát, Bình Dương",8,dia_danh,0.0,0.0,0.0,,,02743580717,,0.0,0,0,,2026-05-27 16:38:12,2026-05-27 16:38:12,active,"{""category"": ""dest"", ""detail_url"": ""https://csdl.vietnamtourism.gov.vn/dest/?item=1094"", ""email"": """", ""item_id"": ""1094"", ""source"": ""csdl.vietnamtourism.gov.vn""}",
228,Hàng cau vua Tân Trụ,,"Đường Ông Đồ Nghị, Tân Trụ, Huyện Tân Trụ, Tây Ninh",49,dia_danh,0.0,0.0,0.0,,,02720898475800,,0.0,0,0,,2026-05-27 16:38:12,2026-05-27 16:38:12,active,"{""category"": ""dest"", ""detail_url"": ""https://csdl.vietnamtourism.gov.vn/dest/?item=1090"", ""email"": """", ""item_id"": ""1090"", ""source"": ""csdl.vietnamtourism.gov.vn""}",
229,Khu du lịch Cánh Đồng Bất Tận,,"Ấp 3, Huyện Mộc Hóa, Tây Ninh",49,dia_danh,0.0,0.0,0.0,,,02720911416068,,0.0,0,0,,2026-05-27 16:38:12,2026-05-27 16:38:12,active,"{""category"": ""dest"", ""detail_url"": ""https://csdl.vietnamtourism.gov.vn/dest/?item=1089"", ""email"": ""canhdongbattan1983@gmail.com"", ""item_id"": ""1089"", ""source"": ""csdl.vietnamtourism.gov.vn""}",
230,Làng nổi Tân Lập,,"Quốc lộ 62, Huyện Mộc Hóa, Tây Ninh",49,dia_danh,0.0,0.0,0.0,,,02723968133,,0.0,0,0,,2026-05-27 16:38:12,2026-05-27 16:38:12,active,"{""category"": ""dest"", ""detail_url"": ""https://csdl.vietnamtourism.gov.vn/dest/?item=1088"", ""email"": """", ""item_id"": ""1088"", ""source"": ""csdl.vietnamtourism.gov.vn""}",
231,Khu Lưu Niệm Nhạc Sĩ Cao Văn Lầu,,"Đường Ninh Bình, phường 2, thành phố Bạc Liêu, Thành phố Bạc Liêu, Bạc Liêu",38,dia_danh,0.0,0.0,0.0,,,02913829966,,0.0,0,0,,2026-05-27 16:38:12,2026-05-27 16:38:12,active,"{""category"": ""dest"", ""detail_url"": ""https://csdl.vietnamtourism.gov.vn/dest/?item=1093"", ""email"": """", ""item_id"": ""1093"", ""source"": ""csdl.vietnamtourism.gov.vn""}",
232,Vườn chim Bạc Liêu,,"Đường Cao Văn Lầu, , Thành phố Bạc Liêu, Bạc Liêu",2,dia_danh,0.0,0.0,0.0,,,02913835991,,0.0,0,0,,2026-05-27 16:38:12,2026-05-27 16:38:12,active,"{""category"": ""dest"", ""detail_url"": ""https://csdl.vietnamtourism.gov.vn/dest/?item=1092"", ""email"": """", ""item_id"": ""1092"", ""source"": ""csdl.vietnamtourism.gov.vn""}",
233,Khu du lịch Nhà Mát,,", Bạc Liêu",2,dia_danh,0.0,0.0,0.0,,,,,0.0,0,0,,2026-05-27 16:38:12,2026-05-27 16:38:12,active,"{""category"": ""dest"", ""detail_url"": ""https://csdl.vietnamtourism.gov.vn/dest/?item=1087"", ""email"": """", ""item_id"": ""1087"", ""source"": ""csdl.vietnamtourism.gov.vn""}",
234,Tháp Chóp Mạt,,"ấp Xóm Mới, Huyện Tân Biên",0,dia_danh,0.0,0.0,0.0,,,,,0.0,0,0,,2026-05-27 16:38:12,2026-05-27 16:38:12,active,"{""category"": ""dest"", ""detail_url"": ""https://csdl.vietnamtourism.gov.vn/dest/?item=1086"", ""email"": """", ""item_id"": ""1086"", ""source"": ""csdl.vietnamtourism.gov.vn""}",
235,Tham quan căn cứ trung ương cục miền Nam,,"P2RQ+H55, Tân Lập, Huyện Tân Biên",0,dia_danh,0.0,0.0,0.0,,,,,0.0,0,0,,2026-05-27 16:38:12,2026-05-27 16:38:12,active,"{""category"": ""dest"", ""detail_url"": ""https://csdl.vietnamtourism.gov.vn/dest/?item=1085"", ""email"": """", ""item_id"": ""1085"", ""source"": ""csdl.vietnamtourism.gov.vn""}",
236,Khu vui chơi giải trí Sala,,"145 Chánh Môn A, Thành phố Tây Ninh",49,dia_danh,0.0,0.0,0.0,,,0848646566,,0.0,0,0,,2026-05-27 16:38:12,2026-05-27 16:38:12,active,"{""category"": ""dest"", ""detail_url"": ""https://csdl.vietnamtourism.gov.vn/dest/?item=1084"", ""email"": """", ""item_id"": ""1084"", ""source"": ""csdl.vietnamtourism.gov.vn""}",
237,Khu du lịch Ma Thiên Lãnh,,", Thành phố Tây Ninh",49,dia_danh,0.0,0.0,0.0,,,,,0.0,0,0,,2026-05-27 16:38:12,2026-05-27 16:38:12,active,"{""category"": ""dest"", ""detail_url"": ""https://csdl.vietnamtourism.gov.vn/dest/?item=1083"", ""email"": """", ""item_id"": ""1083"", ""source"": ""csdl.vietnamtourism.gov.vn""}",
238,Khu du lịch Long Điền Sơn,,"Đường số 08 Trần Phú, Bình Minh, Thành phố Tây Ninh",49,dia_danh,0.0,0.0,0.0,,,0919075792,,0.0,0,0,,2026-05-27 16:38:12,2026-05-27 16:38:12,active,"{""category"": ""dest"", ""detail_url"": ""https://csdl.vietnamtourism.gov.vn/dest/?item=1082"", ""email"": ""longdienson@gmail.com"", ""item_id"": ""1082"", ""source"": ""csdl.vietnamtourism.gov.vn""}",
239,Di tích lịch sử văn hóa chiến thắng Tua Hai,,"ấp Tua Hai, Huyện Châu Thành",22,dia_danh,0.0,0.0,0.0,,,,,0.0,0,0,,2026-05-27 16:38:12,2026-05-27 16:38:12,active,"{""category"": ""dest"", ""detail_url"": ""https://csdl.vietnamtourism.gov.vn/dest/?item=1081"", ""email"": """", ""item_id"": ""1081"", ""source"": ""csdl.vietnamtourism.gov.vn""}",
240,Cồn Phú Đa,,"xã Vĩnh Bình, huyện Chợ Lách, Huyện Chợ Lách, Bến Tre",6,dia_danh,0.0,0.0,0.0,,,,,0.0,0,0,,2026-05-27 16:38:12,2026-05-27 16:38:12,active,"{""category"": ""dest"", ""detail_url"": ""https://csdl.vietnamtourism.gov.vn/dest/?item=1080"", ""email"": """", ""item_id"": ""1080"", ""source"": ""csdl.vietnamtourism.gov.vn""}",
241,Khu du lịch Làng bè,,"81b/6b ấp Mỹ An, Phú Túc, Huyện Châu Thành, Bến Tre",6,dia_danh,0.0,0.0,0.0,,,02750947278822,,0.0,0,0,,2026-05-27 16:38:12,2026-05-27 16:38:12,active,"{""category"": ""dest"", ""detail_url"": ""https://csdl.vietnamtourism.gov.vn/dest/?item=1079"", ""email"": ""dulichlangbe@gmail.com"", ""item_id"": ""1079"", ""source"": ""csdl.vietnamtourism.gov.vn""}",
242,Khu du lịch Lan Vương,,"tỉnh lộ 887 thuộc Ấp 2, Thành phố Bến Tre, Bến Tre",6,dia_danh,0.0,0.0,0.0,,,02750906767898,,0.0,0,0,,2026-05-27 16:38:12,2026-05-27 16:38:12,active,"{""category"": ""dest"", ""detail_url"": ""https://csdl.vietnamtourism.gov.vn/dest/?item=1078"", ""email"": """", ""item_id"": ""1078"", ""source"": ""csdl.vietnamtourism.gov.vn""}",
243,Bãi biển Thừa Đức Bình Đại,,"Thừa Đức Bình Đại, Huyện Bình Đại, Bến Tre",6,dia_danh,0.0,0.0,0.0,,,,,0.0,0,0,,2026-05-27 16:38:12,2026-05-27 16:38:12,active,"{""category"": ""dest"", ""detail_url"": ""https://csdl.vietnamtourism.gov.vn/dest/?item=1077"", ""email"": """", ""item_id"": ""1077"", ""source"": ""csdl.vietnamtourism.gov.vn""}",
244,Búng Bình Thiên,,"Xã Khánh Bình, Nhơn Hội và thị trấn Long Bình, Huyện An Phú",22,dia_danh,0.0,0.0,0.0,,,,,0.0,0,0,,2026-05-27 16:38:12,2026-05-27 16:38:12,active,"{""category"": ""dest"", ""detail_url"": ""https://csdl.vietnamtourism.gov.vn/dest/?item=1075"", ""email"": """", ""item_id"": ""1075"", ""source"": ""csdl.vietnamtourism.gov.vn""}",
245,Khu Sinh thái Nhà Xưa,,"rạch Ông Me thuộc ấp Phước Ngươn A, Huyện Long Hồ, Vĩnh Long",56,dia_danh,0.0,0.0,0.0,,,027002703963099,,0.0,0,0,,2026-05-27 16:38:12,2026-05-27 16:38:12,active,"{""category"": ""dest"", ""detail_url"": ""https://csdl.vietnamtourism.gov.vn/dest/?item=1074"", ""email"": """", ""item_id"": ""1074"", ""source"": ""csdl.vietnamtourism.gov.vn""}",
246,Khu du lịch Vinh Sang,,"Khu du lịch Vinh Sang, Huyện Long Hồ, Vĩnh Long",56,dia_danh,0.0,0.0,0.0,,,027002706277277,,0.0,0,0,,2026-05-27 16:38:12,2026-05-27 16:38:12,active,"{""category"": ""dest"", ""detail_url"": ""https://csdl.vietnamtourism.gov.vn/dest/?item=1073"", ""email"": """", ""item_id"": ""1073"", ""source"": ""csdl.vietnamtourism.gov.vn""}",
247,Khu du lich sinh thái Hoàng Hảo,,"QL 57, Thanh Đức, Huyện Long Hồ, Vĩnh Long",56,dia_danh,0.0,0.0,0.0,,,027002703899699,,0.0,0,0,,2026-05-27 16:38:12,2026-05-27 16:38:12,active,"{""category"": ""dest"", ""detail_url"": ""https://csdl.vietnamtourism.gov.vn/dest/?item=1072"", ""email"": """", ""item_id"": ""1072"", ""source"": ""csdl.vietnamtourism.gov.vn""}",
248,Chùa cổ Long An,,"Ấp Mỹ Trung, Huyện Trà Ôn, Vĩnh Long",56,dia_danh,0.0,0.0,0.0,,,,,0.0,0,0,,2026-05-27 16:38:12,2026-05-27 16:38:12,active,"{""category"": ""dest"", ""detail_url"": ""https://csdl.vietnamtourism.gov.vn/dest/?item=1071"", ""email"": """", ""item_id"": ""1071"", ""source"": ""csdl.vietnamtourism.gov.vn""}",
249,Chợ nổi Trà Ôn,,", Huyện Trà Ôn, Vĩnh Long",56,dia_danh,0.0,0.0,0.0,,,,,0.0,0,0,,2026-05-27 16:38:12,2026-05-27 16:38:12,active,"{""category"": ""dest"", ""detail_url"": ""https://csdl.vietnamtourism.gov.vn/dest/?item=1070"", ""email"": """", ""item_id"": ""1070"", ""source"": ""csdl.vietnamtourism.gov.vn""}",
250,Thác đá Granite,,"nằm ẩn mình trong khu rừng già, Tà Đùng, Huyện Đăk Glong, Đắc Nông",14,dia_danh,0.0,0.0,0.0,,,,,0.0,0,0,,2026-05-27 16:38:12,2026-05-27 16:38:12,active,"{""category"": ""dest"", ""detail_url"": ""https://csdl.vietnamtourism.gov.vn/dest/?item=1069"", ""email"": """", ""item_id"": ""1069"", ""source"": ""csdl.vietnamtourism.gov.vn""}",
251,Núi lửa Băng Mo,,"Tổ 4, Cư Jút, Huyện Cư Jút, Đắc Nông",0,dia_danh,0.0,0.0,0.0,,,,,0.0,0,0,,2026-05-27 16:38:12,2026-05-27 16:38:12,active,"{""category"": ""dest"", ""detail_url"": ""https://csdl.vietnamtourism.gov.vn/dest/?item=1068"", ""email"": """", ""item_id"": ""1068"", ""source"": ""csdl.vietnamtourism.gov.vn""}",
252,Di tích lịch sử Ngục Đắk Mil,,"thôn 9, Huyện Đắk Mil, Đắc Nông",14,dia_danh,0.0,0.0,0.0,,,,,0.0,0,0,,2026-05-27 16:38:12,2026-05-27 16:38:12,active,"{""category"": ""dest"", ""detail_url"": ""https://csdl.vietnamtourism.gov.vn/dest/?item=1067"", ""email"": """", ""item_id"": ""1067"", ""source"": ""csdl.vietnamtourism.gov.vn""}",
253,Hồ Tây,,", Đức Lập, Huyện Đắk Mil, Đắc Nông",14,dia_danh,0.0,0.0,0.0,,,,,0.0,0,0,,2026-05-27 16:38:12,2026-05-27 16:38:12,active,"{""category"": ""dest"", ""detail_url"": ""https://csdl.vietnamtourism.gov.vn/dest/?item=1066"", ""email"": """", ""item_id"": ""1066"", ""source"": ""csdl.vietnamtourism.gov.vn""}",
254,Di tích Đồi 722,,"thôn Thổ Hoàng 4, Huyện Đắk Mil, Đắc Nông",14,dia_danh,0.0,0.0,0.0,,,,,0.0,0,0,,2026-05-27 16:38:12,2026-05-27 16:38:12,active,"{""category"": ""dest"", ""detail_url"": ""https://csdl.vietnamtourism.gov.vn/dest/?item=1065"", ""email"": """", ""item_id"": ""1065"", ""source"": ""csdl.vietnamtourism.gov.vn""}",
255,Tháp Yang Prong,,"thôn 5, Ea Rốk, Huyện Ea Súp, Đắc Lắk",0,dia_danh,0.0,0.0,0.0,,,,,0.0,0,0,,2026-05-27 16:38:12,2026-05-27 16:38:12,active,"{""category"": ""dest"", ""detail_url"": ""https://csdl.vietnamtourism.gov.vn/dest/?item=1064"", ""email"": """", ""item_id"": ""1064"", ""source"": ""csdl.vietnamtourism.gov.vn""}",
256,Thác Thủy Tiên,,"thôn Giang Tiến, Huyện Krông Năng, Đắc Lắk",0,dia_danh,0.0,0.0,0.0,,,,,0.0,0,0,,2026-05-27 16:38:12,2026-05-27 16:38:12,active,"{""category"": ""dest"", ""detail_url"": ""https://csdl.vietnamtourism.gov.vn/dest/?item=1063"", ""email"": """", ""item_id"": ""1063"", ""source"": ""csdl.vietnamtourism.gov.vn""}",
257,Thác Dray Nur,,"Buôn Kuốp, Huyện Krông A Na, Đắc Lắk",0,dia_danh,0.0,0.0,0.0,,,,,0.0,0,0,,2026-05-27 16:38:12,2026-05-27 16:38:12,active,"{""category"": ""dest"", ""detail_url"": ""https://csdl.vietnamtourism.gov.vn/dest/?item=1062"", ""email"": """", ""item_id"": ""1062"", ""source"": ""csdl.vietnamtourism.gov.vn""}",
258,Đình Lạc Giao,,"67 Phan Bội Châu, Thành phố Buôn Ma Thuột, Đắc Lắk",22,dia_danh,0.0,0.0,0.0,,,,,0.0,0,0,,2026-05-27 16:38:12,2026-05-27 16:38:12,active,"{""category"": ""dest"", ""detail_url"": ""https://csdl.vietnamtourism.gov.vn/dest/?item=1061"", ""email"": """", ""item_id"": ""1061"", ""source"": ""csdl.vietnamtourism.gov.vn""}",
259,Bảo tàng Đắk Lắk,,"02 Y Ngông, Thành phố Buôn Ma Thuột, Đắc Lắk",0,dia_danh,0.0,0.0,0.0,,,,,0.0,0,0,,2026-05-27 16:38:12,2026-05-27 16:38:12,active,"{""category"": ""dest"", ""detail_url"": ""https://csdl.vietnamtourism.gov.vn/dest/?item=1060"", ""email"": """", ""item_id"": ""1060"", ""source"": ""csdl.vietnamtourism.gov.vn""}",
260,Làng nghề dệt chiếu Hới,,"Làng Hới, Huyện Hưng Hà, Thái Bình",50,dia_danh,0.0,0.0,0.0,,,,,0.0,0,0,,2026-05-27 16:38:12,2026-05-27 16:38:12,active,"{""category"": ""dest"", ""detail_url"": ""https://csdl.vietnamtourism.gov.vn/dest/?item=1059"", ""email"": """", ""item_id"": ""1059"", ""source"": ""csdl.vietnamtourism.gov.vn""}",
261,Khu du lịch Cồn Đen,,", Thái Bình",50,dia_danh,0.0,0.0,0.0,,,,,0.0,0,0,,2026-05-27 16:38:12,2026-05-27 16:38:12,active,"{""category"": ""dest"", ""detail_url"": ""https://csdl.vietnamtourism.gov.vn/dest/?item=1058"", ""email"": """", ""item_id"": ""1058"", ""source"": ""csdl.vietnamtourism.gov.vn""}",
262,Lễ hội Đình Sàn,,"Làng Sàn, Huyện Lục Nam, Bắc Ninh",5,dia_danh,0.0,0.0,0.0,,,,,0.0,0,0,,2026-05-27 16:38:12,2026-05-27 16:38:12,active,"{""category"": ""dest"", ""detail_url"": ""https://csdl.vietnamtourism.gov.vn/dest/?item=807"", ""email"": """", ""item_id"": ""807"", ""source"": ""csdl.vietnamtourism.gov.vn""}",
263,Thác Háng Tề Chơ,,"Bản Đề Chơ, Phình Hồ, Huyện Trạm Tấu, Lào Cai",34,dia_danh,0.0,0.0,0.0,,,,,0.0,0,0,,2026-05-27 16:38:12,2026-05-27 16:38:12,active,"{""category"": ""dest"", ""detail_url"": ""https://csdl.vietnamtourism.gov.vn/dest/?item=1057"", ""email"": """", ""item_id"": ""1057"", ""source"": ""csdl.vietnamtourism.gov.vn""}",
264,Thác Pú Nhu,,"Bản Pú Nhu, Huyện Mù Căng Chải, Lào Cai",34,dia_danh,0.0,0.0,0.0,,,,,0.0,0,0,,2026-05-27 16:38:12,2026-05-27 16:38:12,active,"{""category"": ""dest"", ""detail_url"": ""https://csdl.vietnamtourism.gov.vn/dest/?item=1056"", ""email"": """", ""item_id"": ""1056"", ""source"": ""csdl.vietnamtourism.gov.vn""}",
265,Suối Giàng,,", Huyện Văn Chấn, Lào Cai",34,dia_danh,0.0,0.0,0.0,,,,,0.0,0,0,,2026-05-27 16:38:12,2026-05-27 16:38:12,active,"{""category"": ""dest"", ""detail_url"": ""https://csdl.vietnamtourism.gov.vn/dest/?item=1055"", ""email"": """", ""item_id"": ""1055"", ""source"": ""csdl.vietnamtourism.gov.vn""}",
266,Thác Pa Sỹ,,"làng Kon Tu Rằng, Huyện Kon Plông, Kon Tum",30,dia_danh,0.0,0.0,0.0,,,,,0.0,0,0,,2026-05-27 16:38:12,2026-05-27 16:38:12,active,"{""category"": ""dest"", ""detail_url"": ""https://csdl.vietnamtourism.gov.vn/dest/?item=1054"", ""email"": """", ""item_id"": ""1054"", ""source"": ""csdl.vietnamtourism.gov.vn""}",
267,Núi Chư Hreng,,"nằm ở phía nam của thành phố Kon Tum, Đăk Rơ Wa, Thành phố Kon Tum, Kon Tum",30,dia_danh,0.0,0.0,0.0,,,,,0.0,0,0,,2026-05-27 16:38:12,2026-05-27 16:38:12,active,"{""category"": ""dest"", ""detail_url"": ""https://csdl.vietnamtourism.gov.vn/dest/?item=1052"", ""email"": """", ""item_id"": ""1052"", ""source"": ""csdl.vietnamtourism.gov.vn""}",
268,Khu du lịch Đầm Vạc,,", Thành phố Vĩnh Yên, Vĩnh Phúc",57,dia_danh,0.0,0.0,0.0,,,,,0.0,0,0,,2026-05-27 16:38:12,2026-05-27 16:38:12,active,"{""category"": ""dest"", ""detail_url"": ""https://csdl.vietnamtourism.gov.vn/dest/?item=1051"", ""email"": """", ""item_id"": ""1051"", ""source"": ""csdl.vietnamtourism.gov.vn""}",
269,Hồ Đăk Ke,,"Thuộc khu du lịch sinh thái Măng Đen, Huyện Kon Plông, Kon Tum",30,dia_danh,0.0,0.0,0.0,,,,,0.0,0,0,,2026-05-27 16:38:12,2026-05-27 16:38:12,active,"{""category"": ""dest"", ""detail_url"": ""https://csdl.vietnamtourism.gov.vn/dest/?item=1050"", ""email"": """", ""item_id"": ""1050"", ""source"": ""csdl.vietnamtourism.gov.vn""}",
270,Cầu treo Kon Klor,,"Đường Bắc Kạn, Kon Tum, Thành phố Kon Tum, Kon Tum",4,dia_danh,0.0,0.0,0.0,,,,,0.0,0,0,,2026-05-27 16:38:12,2026-05-27 16:38:12,active,"{""category"": ""dest"", ""detail_url"": ""https://csdl.vietnamtourism.gov.vn/dest/?item=1049"", ""email"": """", ""item_id"": ""1049"", ""source"": ""csdl.vietnamtourism.gov.vn""}",
271,Bảo tàng Kon Tum,,"659 Nguyễn Huệ, Thành phố Kon Tum, Kon Tum",30,dia_danh,0.0,0.0,0.0,,,,,0.0,0,0,,2026-05-27 16:38:12,2026-05-27 16:38:12,active,"{""category"": ""dest"", ""detail_url"": ""https://csdl.vietnamtourism.gov.vn/dest/?item=1048"", ""email"": """", ""item_id"": ""1048"", ""source"": ""csdl.vietnamtourism.gov.vn""}",
272,Hồ Xạ Hương,,", Huyện Tam Đảo, Vĩnh Phúc",57,dia_danh,0.0,0.0,0.0,,,,,0.0,0,0,,2026-05-27 16:38:12,2026-05-27 16:38:12,active,"{""category"": ""dest"", ""detail_url"": ""https://csdl.vietnamtourism.gov.vn/dest/?item=1047"", ""email"": """", ""item_id"": ""1047"", ""source"": ""csdl.vietnamtourism.gov.vn""}",
273,Làng gốm Hương Canh,,"thôn Lò Cang, Bình Nguyên, Huyện Bình Xuyên, Vĩnh Phúc",57,dia_danh,0.0,0.0,0.0,,,,,0.0,0,0,,2026-05-27 16:38:12,2026-05-27 16:38:12,active,"{""category"": ""dest"", ""detail_url"": ""https://csdl.vietnamtourism.gov.vn/dest/?item=1046"", ""email"": """", ""item_id"": ""1046"", ""source"": ""csdl.vietnamtourism.gov.vn""}",
274,Khu du lịch Văn hóa Phương Nam - Nam Phương Linh Từ,,", Tân Khánh Trung, Huyện Lấp Vò",22,dia_danh,0.0,0.0,0.0,,,0913492727,https://www.dulichphuongnam.com,0.0,0,0,,2026-05-27 16:38:12,2026-05-27 16:38:12,active,"{""category"": ""dest"", ""detail_url"": ""https://csdl.vietnamtourism.gov.vn/dest/?item=1045"", ""email"": ""dulichvanhoaphuongnam@gmail.com"", ""item_id"": ""1045"", ""source"": ""csdl.vietnamtourism.gov.vn""}",
275,Khu di tích Gò Tháp,,"Ấp 1, Huyện Tháp Mười",22,dia_danh,0.0,0.0,0.0,,,,https://www.bqlkdtgt.dongthap.gov.vn,0.0,0,0,,2026-05-27 16:38:12,2026-05-27 16:38:12,active,"{""category"": ""dest"", ""detail_url"": ""https://csdl.vietnamtourism.gov.vn/dest/?item=1044"", ""email"": ""bqlkdtgt@dongthap.gov.vn"", ""item_id"": ""1044"", ""source"": ""csdl.vietnamtourism.gov.vn""}",
276,Chùa Phước Kiển (Chùa Lá Sen),,", Huyện Châu Thành",22,dia_danh,0.0,0.0,0.0,,,0389414163,,0.0,0,0,,2026-05-27 16:38:12,2026-05-27 16:38:12,active,"{""category"": ""dest"", ""detail_url"": ""https://csdl.vietnamtourism.gov.vn/dest/?item=1043"", ""email"": """", ""item_id"": ""1043"", ""source"": ""csdl.vietnamtourism.gov.vn""}",
277,Khu du lịch sinh thái Gáo Giồng,,"Ấp 6, Huyện Cao Lãnh",17,dia_danh,0.0,0.0,0.0,,,0918993380,,0.0,0,0,,2026-05-27 16:38:12,2026-05-27 16:38:12,active,"{""category"": ""dest"", ""detail_url"": ""https://csdl.vietnamtourism.gov.vn/dest/?item=1042"", ""email"": ""dlstgaogiong@gmail.com"", ""item_id"": ""1042"", ""source"": ""csdl.vietnamtourism.gov.vn""}",
278,Khu du lịch Cánh đồng Hoa Hồng Sa Đéc,,"Đường Cao Thắng, khóm Tân Hiệp, Thành phố Sa Đéc",22,dia_danh,0.0,0.0,0.0,,,0939999059,,0.0,0,0,,2026-05-27 16:38:12,2026-05-27 16:38:12,active,"{""category"": ""dest"", ""detail_url"": ""https://csdl.vietnamtourism.gov.vn/dest/?item=1041"", ""email"": """", ""item_id"": ""1041"", ""source"": ""csdl.vietnamtourism.gov.vn""}",
279,Nhà cổ Huỳnh Thủy Lê,,"255A Nguyễn Huệ, Thành phố Sa Đéc",64,dia_danh,0.0,0.0,0.0,,,,,0.0,0,0,,2026-05-27 16:38:12,2026-05-27 16:38:12,active,"{""category"": ""dest"", ""detail_url"": ""https://csdl.vietnamtourism.gov.vn/dest/?item=1040"", ""email"": ""nhacohuynhthuyle@gmail.com"", ""item_id"": ""1040"", ""source"": ""csdl.vietnamtourism.gov.vn""}",
280,Vườn cò Hải Lựu,,"thôn Dừa Lễ, Hải Lựu, Huyện Sông Lô, Vĩnh Phúc",57,dia_danh,0.0,0.0,0.0,,,,,0.0,0,0,,2026-05-27 16:38:12,2026-05-27 16:38:12,active,"{""category"": ""dest"", ""detail_url"": ""https://csdl.vietnamtourism.gov.vn/dest/?item=1039"", ""email"": """", ""item_id"": ""1039"", ""source"": ""csdl.vietnamtourism.gov.vn""}",
281,Thác Phú Cường,,"QL25, Huyện Chư Sê",0,dia_danh,0.0,0.0,0.0,,,,,0.0,0,0,,2026-05-27 16:38:12,2026-05-27 16:38:12,active,"{""category"": ""dest"", ""detail_url"": ""https://csdl.vietnamtourism.gov.vn/dest/?item=1038"", ""email"": """", ""item_id"": ""1038"", ""source"": ""csdl.vietnamtourism.gov.vn""}",
282,Thác Lệ Kim,,", Huyện Ia Grai",0,dia_danh,0.0,0.0,0.0,,,,,0.0,0,0,,2026-05-27 16:38:12,2026-05-27 16:38:12,active,"{""category"": ""dest"", ""detail_url"": ""https://csdl.vietnamtourism.gov.vn/dest/?item=1037"", ""email"": """", ""item_id"": ""1037"", ""source"": ""csdl.vietnamtourism.gov.vn""}",
283,Thác Chín Tầng,,", Huyện Ia Grai",0,dia_danh,0.0,0.0,0.0,,,,,0.0,0,0,,2026-05-27 16:38:12,2026-05-27 16:38:12,active,"{""category"": ""dest"", ""detail_url"": ""https://csdl.vietnamtourism.gov.vn/dest/?item=1036"", ""email"": """", ""item_id"": ""1036"", ""source"": ""csdl.vietnamtourism.gov.vn""}",
284,Thác Bàu Cạn,,"Đội 3, Huyện Chư Prông",0,dia_danh,0.0,0.0,0.0,,,,,0.0,0,0,,2026-05-27 16:38:12,2026-05-27 16:38:12,active,"{""category"": ""dest"", ""detail_url"": ""https://csdl.vietnamtourism.gov.vn/dest/?item=1035"", ""email"": """", ""item_id"": ""1035"", ""source"": ""csdl.vietnamtourism.gov.vn""}",
285,Núi Hàm Rồng,,"Nằm trên Quốc lộ 14B, Thành phố Pleiku",18,dia_danh,0.0,0.0,0.0,,,,,0.0,0,0,,2026-05-27 16:38:12,2026-05-27 16:38:12,active,"{""category"": ""dest"", ""detail_url"": ""https://csdl.vietnamtourism.gov.vn/dest/?item=1034"", ""email"": """", ""item_id"": ""1034"", ""source"": ""csdl.vietnamtourism.gov.vn""}",
286,Nhà thờ Bác Trạch,,", Tây Tiền Hải, Huyện Tiền Hải, Thái Bình",50,dia_danh,0.0,0.0,0.0,,,,,0.0,0,0,,2026-05-27 16:38:12,2026-05-27 16:38:12,active,"{""category"": ""dest"", ""detail_url"": ""https://csdl.vietnamtourism.gov.vn/dest/?item=1033"", ""email"": """", ""item_id"": ""1033"", ""source"": ""csdl.vietnamtourism.gov.vn""}",
287,Làng nhà sàn Thái Hải,,"Xóm Mỹ Hào, Thành phố Thái Nguyên, Thái Nguyên",51,dia_danh,0.0,0.0,0.0,,,,,0.0,0,0,,2026-05-27 16:38:12,2026-05-27 16:38:12,active,"{""category"": ""dest"", ""detail_url"": ""https://csdl.vietnamtourism.gov.vn/dest/?item=1032"", ""email"": """", ""item_id"": ""1032"", ""source"": ""csdl.vietnamtourism.gov.vn""}",
288,Trại ngựa Bá Vân,,", Thành phố Sông Công, Thái Nguyên",51,dia_danh,0.0,0.0,0.0,,,,,0.0,0,0,,2026-05-27 16:38:12,2026-05-27 16:38:12,active,"{""category"": ""dest"", ""detail_url"": ""https://csdl.vietnamtourism.gov.vn/dest/?item=1031"", ""email"": """", ""item_id"": ""1031"", ""source"": ""csdl.vietnamtourism.gov.vn""}",
289,Hồ Vai Miếu,,", Vạn Phú, Huyện Đại Từ, Thái Nguyên",51,dia_danh,0.0,0.0,0.0,,,,,0.0,0,0,,2026-05-27 16:38:12,2026-05-27 16:38:12,active,"{""category"": ""dest"", ""detail_url"": ""https://csdl.vietnamtourism.gov.vn/dest/?item=1030"", ""email"": """", ""item_id"": ""1030"", ""source"": ""csdl.vietnamtourism.gov.vn""}",
290,Thác Khuôn Tát,,"Xóm Tỉn Keo, Phú Đình, Huyện Định Hóa, Thái Nguyên",51,dia_danh,0.0,0.0,0.0,,,,,0.0,0,0,,2026-05-27 16:38:12,2026-05-27 16:38:12,active,"{""category"": ""dest"", ""detail_url"": ""https://csdl.vietnamtourism.gov.vn/dest/?item=1029"", ""email"": """", ""item_id"": ""1029"", ""source"": ""csdl.vietnamtourism.gov.vn""}",
291,Hồ Ghềnh Chè,,", Thành phố Sông Công, Thái Nguyên",51,dia_danh,0.0,0.0,0.0,,,,,0.0,0,0,,2026-05-27 16:38:12,2026-05-27 16:38:12,active,"{""category"": ""dest"", ""detail_url"": ""https://csdl.vietnamtourism.gov.vn/dest/?item=1028"", ""email"": """", ""item_id"": ""1028"", ""source"": ""csdl.vietnamtourism.gov.vn""}",
292,Chùa Hang Thái Nguyên,,"Thị trấn Chùa Hang, Huyện Đồng Hỷ, Thái Nguyên",51,dia_danh,0.0,0.0,0.0,,,,,0.0,0,0,,2026-05-27 16:38:12,2026-05-27 16:38:12,active,"{""category"": ""dest"", ""detail_url"": ""https://csdl.vietnamtourism.gov.vn/dest/?item=1027"", ""email"": """", ""item_id"": ""1027"", ""source"": ""csdl.vietnamtourism.gov.vn""}",
293,Đồi chè Tân Cương,,", Tân Cương, Thành phố Thái Nguyên, Thái Nguyên",51,dia_danh,0.0,0.0,0.0,,,,,0.0,0,0,,2026-05-27 16:38:12,2026-05-27 16:38:12,active,"{""category"": ""dest"", ""detail_url"": ""https://csdl.vietnamtourism.gov.vn/dest/?item=1026"", ""email"": """", ""item_id"": ""1026"", ""source"": ""csdl.vietnamtourism.gov.vn""}",
294,Đát Đắng,,", Huyện Đại Từ, Thái Nguyên",51,dia_danh,0.0,0.0,0.0,,,,,0.0,0,0,,2026-05-27 16:38:12,2026-05-27 16:38:12,active,"{""category"": ""dest"", ""detail_url"": ""https://csdl.vietnamtourism.gov.vn/dest/?item=1025"", ""email"": """", ""item_id"": ""1025"", ""source"": ""csdl.vietnamtourism.gov.vn""}",
295,Thác Nậm Rứt (Mưa Rơi),,"Bản Nậm Rứt, Thần Sa, Huyện Võ Nhai, Thái Nguyên",51,dia_danh,0.0,0.0,0.0,,,,,0.0,0,0,,2026-05-27 16:38:12,2026-05-27 16:38:12,active,"{""category"": ""dest"", ""detail_url"": ""https://csdl.vietnamtourism.gov.vn/dest/?item=1024"", ""email"": """", ""item_id"": ""1024"", ""source"": ""csdl.vietnamtourism.gov.vn""}",
296,Thác Prenn,,"Đèo Prenn, Thành phố Đà Lạt, Lâm Đồng",32,dia_danh,0.0,0.0,0.0,,,,,0.0,0,0,,2026-05-27 16:38:12,2026-05-27 16:38:12,active,"{""category"": ""dest"", ""detail_url"": ""https://csdl.vietnamtourism.gov.vn/dest/?item=1023"", ""email"": """", ""item_id"": ""1023"", ""source"": ""csdl.vietnamtourism.gov.vn""}",
297,Thác Gougah,,"Thuộc địa bàn xóm Chung, Huyện Đức Trọng, Lâm Đồng",32,dia_danh,0.0,0.0,0.0,,,,,0.0,0,0,,2026-05-27 16:38:12,2026-05-27 16:38:12,active,"{""category"": ""dest"", ""detail_url"": ""https://csdl.vietnamtourism.gov.vn/dest/?item=1022"", ""email"": """", ""item_id"": ""1022"", ""source"": ""csdl.vietnamtourism.gov.vn""}",
298,Làng Cù Lần,,"dưới chân đỉnh núi Langbiang, Huyện Lạc Dương, Lâm Đồng",32,dia_danh,0.0,0.0,0.0,,,02630948586878,,0.0,0,0,,2026-05-27 16:38:12,2026-05-27 16:38:12,active,"{""category"": ""dest"", ""detail_url"": ""https://csdl.vietnamtourism.gov.vn/dest/?item=1021"", ""email"": ""langculan@dalatcity.org"", ""item_id"": ""1021"", ""source"": ""csdl.vietnamtourism.gov.vn""}",
299,Đường hầm điêu khắc,,"Đường Hoa Hồng, Khu du lịch Hồ Tuyền Lâm, Thành phố Đà Lạt, Lâm Đồng",32,dia_danh,0.0,0.0,0.0,,,02630947289269,,0.0,0,0,,2026-05-27 16:38:12,2026-05-27 16:38:12,active,"{""category"": ""dest"", ""detail_url"": ""https://csdl.vietnamtourism.gov.vn/dest/?item=1020"", ""email"": ""duonghamdieukhacdl@gmail.com"", ""item_id"": ""1020"", ""source"": ""csdl.vietnamtourism.gov.vn""}",
300,Chùa Linh Phước,,"120 Tự Phước, Thành phố Đà Lạt, Lâm Đồng",32,dia_danh,0.0,0.0,0.0,,,,,0.0,0,0,,2026-05-27 16:38:12,2026-05-27 16:38:12,active,"{""category"": ""dest"", ""detail_url"": ""https://csdl.vietnamtourism.gov.vn/dest/?item=1019"", ""email"": """", ""item_id"": ""1019"", ""source"": ""csdl.vietnamtourism.gov.vn""}",
301,Nhà hàng Bamboo Sông Chanh,,"Khu Bắc Cầu Sông Chanh, Quảng Yên, Thị xã Quảng Yên, Quảng Ninh",45,nha_hang,0.0,0.0,0.0,,,020389555999,,0.0,0,0,,2026-05-27 16:38:12,2026-05-27 16:38:12,active,"{""category"": ""rest"", ""detail_url"": ""https://csdl.vietnamtourism.gov.vn/rest/?item=2658"", ""email"": """", ""item_id"": ""2658"", ""source"": ""csdl.vietnamtourism.gov.vn""}",
302,Nhà hàng Hải sản Bà Niềm,,"Shophouse Vincom Plaza Móng Cái, Móng Cái 1, Thành phố Móng Cái, Quảng Ninh",45,nha_hang,0.0,0.0,0.0,,,0913264587,,0.0,0,0,,2026-05-27 16:38:12,2026-05-27 16:38:12,active,"{""category"": ""rest"", ""detail_url"": ""https://csdl.vietnamtourism.gov.vn/rest/?item=2657"", ""email"": """", ""item_id"": ""2657"", ""source"": ""csdl.vietnamtourism.gov.vn""}",
303,Trung tâm Thương mại Vincom Plaza Móng Cái,,"Đường Đại lộ Hòa Bình, Móng Cái 1, Thành phố Móng Cái, Quảng Ninh",45,nha_hang,0.0,0.0,0.0,,,0385111666,,0.0,0,0,,2026-05-27 16:38:12,2026-05-27 16:38:12,active,"{""category"": ""rest"", ""detail_url"": ""https://csdl.vietnamtourism.gov.vn/rest/?item=2656"", ""email"": """", ""item_id"": ""2656"", ""source"": ""csdl.vietnamtourism.gov.vn""}",
304,Trung tâm thương mại Vincom Plaza Hạ Long,,"Đường Trần Quốc Nghiễn, Thành phố Hạ Long, Quảng Ninh",45,nha_hang,0.0,0.0,0.0,,,02036281818,,0.0,0,0,,2026-05-27 16:38:12,2026-05-27 16:38:12,active,"{""category"": ""rest"", ""detail_url"": ""https://csdl.vietnamtourism.gov.vn/rest/?item=2655"", ""email"": """", ""item_id"": ""2655"", ""source"": ""csdl.vietnamtourism.gov.vn""}",
305,Nhà hàng Happy,,"39 Trần Bình Trọng, P. Phú Thọ, TP. Thủ Dầu Một, Thành phố Thủ Dầu Một, Bình Dương",8,nha_hang,0.0,0.0,0.0,,,0933462371,,0.0,0,0,,2026-05-27 16:38:12,2026-05-27 16:38:12,active,"{""category"": ""rest"", ""detail_url"": ""https://csdl.vietnamtourism.gov.vn/rest/?item=2654"", ""email"": """", ""item_id"": ""2654"", ""source"": ""csdl.vietnamtourism.gov.vn""}",
306,Nhà Hàng 18E,,"58 Đại Lộ Bình Dương, Phú Lợi, Thành phố Thủ Dầu Một, Bình Dương",8,nha_hang,0.0,0.0,0.0,,,02740908972655,https://www.nhahang18.com,0.0,0,0,,2026-05-27 16:38:12,2026-05-27 16:38:12,active,"{""category"": ""rest"", ""detail_url"": ""https://csdl.vietnamtourism.gov.vn/rest/?item=2653"", ""email"": ""nhahang18e@gmail.com"", ""item_id"": ""2653"", ""source"": ""csdl.vietnamtourism.gov.vn""}",
307,Vườn Ẩm Thực Đông Hồ,,"225 Đại Lộ Bình Dương, Thành phố Thủ Dầu Một, Bình Dương",8,nha_hang,0.0,0.0,0.0,,,02740842226226,https://www.amthucdongho.com,0.0,0,0,,2026-05-27 16:38:12,2026-05-27 16:38:12,active,"{""category"": ""rest"", ""detail_url"": ""https://csdl.vietnamtourism.gov.vn/rest/?item=2652"", ""email"": """", ""item_id"": ""2652"", ""source"": ""csdl.vietnamtourism.gov.vn""}",
308,Nhà hàng Victory,,"Đường 23 Tháng 3, Đông Gia Nghĩa, Thị xã Gia Nghĩa, Đắc Nông",14,nha_hang,0.0,0.0,0.0,,,,,0.0,0,0,,2026-05-27 16:38:12,2026-05-27 16:38:12,active,"{""category"": ""rest"", ""detail_url"": ""https://csdl.vietnamtourism.gov.vn/rest/?item=2651"", ""email"": """", ""item_id"": ""2651"", ""source"": ""csdl.vietnamtourism.gov.vn""}",
309,Nhà hàng Sơn Mã,,"34 Quang Trung, Đông Gia Nghĩa, Thị xã Gia Nghĩa, Đắc Nông",14,nha_hang,0.0,0.0,0.0,,,02610913444770,,0.0,0,0,,2026-05-27 16:38:12,2026-05-27 16:38:12,active,"{""category"": ""rest"", ""detail_url"": ""https://csdl.vietnamtourism.gov.vn/rest/?item=2650"", ""email"": """", ""item_id"": ""2650"", ""source"": ""csdl.vietnamtourism.gov.vn""}",
310,Nhà hàng Phương Thủy,,"Đường vành đai Hồ Tây, Đức Lập, Huyện Đắk Mil, Đắc Nông",14,nha_hang,0.0,0.0,0.0,,,02610905961848,,0.0,0,0,,2026-05-27 16:38:12,2026-05-27 16:38:12,active,"{""category"": ""rest"", ""detail_url"": ""https://csdl.vietnamtourism.gov.vn/rest/?item=2649"", ""email"": """", ""item_id"": ""2649"", ""source"": ""csdl.vietnamtourism.gov.vn""}",
311,Nhà hàng Ngọc Thảo,,"Thôn 3, Xã Kiến Thành, Kiến Đức, Huyện Đắk R'Lấp, Đắc Nông",22,nha_hang,0.0,0.0,0.0,,,02610914098551,,0.0,0,0,,2026-05-27 16:38:12,2026-05-27 16:38:12,active,"{""category"": ""rest"", ""detail_url"": ""https://csdl.vietnamtourism.gov.vn/rest/?item=2648"", ""email"": """", ""item_id"": ""2648"", ""source"": ""csdl.vietnamtourism.gov.vn""}",
312,Nhà hàng K'Jang,,"Bon Păng So, Tà Đùng, Huyện Đăk Glong, Đắc Nông",14,nha_hang,0.0,0.0,0.0,,,02610932689968,,0.0,0,0,,2026-05-27 16:38:12,2026-05-27 16:38:12,active,"{""category"": ""rest"", ""detail_url"": ""https://csdl.vietnamtourism.gov.vn/rest/?item=2647"", ""email"": """", ""item_id"": ""2647"", ""source"": ""csdl.vietnamtourism.gov.vn""}",
313,Nhà hàng Hướng Liễu,,"Tổ dân phố 1, Đông Gia Nghĩa, Thị xã Gia Nghĩa, Đắc Nông",14,nha_hang,0.0,0.0,0.0,,,02610904583207,http://nhahanghuonglieusunflower.com/,0.0,0,0,,2026-05-27 16:38:12,2026-05-27 16:38:12,active,"{""category"": ""rest"", ""detail_url"": ""https://csdl.vietnamtourism.gov.vn/rest/?item=2646"", ""email"": ""nhahanghuonglieusunflower@gmail.com"", ""item_id"": ""2646"", ""source"": ""csdl.vietnamtourism.gov.vn""}",
314,Trung Khàn Quán,,"08 Điện Biên Phủ, Ea Drăng, Huyện Ea H'leo, Đắc Lắk",15,nha_hang,0.0,0.0,0.0,,,02620977488049,,0.0,0,0,,2026-05-27 16:38:12,2026-05-27 16:38:12,active,"{""category"": ""rest"", ""detail_url"": ""https://csdl.vietnamtourism.gov.vn/rest/?item=2645"", ""email"": """", ""item_id"": ""2645"", ""source"": ""csdl.vietnamtourism.gov.vn""}",
315,Mỹ Nhung Quán,,"86 Nguyễn Trãi, Thị Xã Buôn Hồ, Đắc Lắk",13,nha_hang,0.0,0.0,0.0,,,,,0.0,0,0,,2026-05-27 16:38:12,2026-05-27 16:38:12,active,"{""category"": ""rest"", ""detail_url"": ""https://csdl.vietnamtourism.gov.vn/rest/?item=2644"", ""email"": """", ""item_id"": ""2644"", ""source"": ""csdl.vietnamtourism.gov.vn""}",
316,Điền Trang Hoa Mai 3,,"339 Nguyền Đình Chiểu, Thành phố Buôn Ma Thuột, Đắc Lắk",0,nha_hang,0.0,0.0,0.0,,,02620961959339,,0.0,0,0,,2026-05-27 16:38:12,2026-05-27 16:38:12,active,"{""category"": ""rest"", ""detail_url"": ""https://csdl.vietnamtourism.gov.vn/rest/?item=2643"", ""email"": """", ""item_id"": ""2643"", ""source"": ""csdl.vietnamtourism.gov.vn""}",
317,Nhà hàng Biệt Điện,,"01 Ngô Quyền, Buôn Ma Thuột, Thành phố Buôn Ma Thuột, Đắc Lắk",0,nha_hang,0.0,0.0,0.0,,,02623954299,,0.0,0,0,,2026-05-27 16:38:12,2026-05-27 16:38:12,active,"{""category"": ""rest"", ""detail_url"": ""https://csdl.vietnamtourism.gov.vn/rest/?item=2642"", ""email"": """", ""item_id"": ""2642"", ""source"": ""csdl.vietnamtourism.gov.vn""}",
318,Ẩm thực hồ câu Khánh Hà,,", Ea Wer, Huyện Buôn Đôn, Đắc Lắk",0,nha_hang,0.0,0.0,0.0,,,02620913199932,,0.0,0,0,,2026-05-27 16:38:12,2026-05-27 16:38:12,active,"{""category"": ""rest"", ""detail_url"": ""https://csdl.vietnamtourism.gov.vn/rest/?item=2641"", ""email"": """", ""item_id"": ""2641"", ""source"": ""csdl.vietnamtourism.gov.vn""}",
319,Nhà hàng Galaxy,,"311 Trần Văn Hai, Thành phố Kon Tum, Kon Tum",30,nha_hang,0.0,0.0,0.0,,,02602489779,,0.0,0,0,,2026-05-27 16:38:12,2026-05-27 16:38:12,active,"{""category"": ""rest"", ""detail_url"": ""https://csdl.vietnamtourism.gov.vn/rest/?item=2640"", ""email"": """", ""item_id"": ""2640"", ""source"": ""csdl.vietnamtourism.gov.vn""}",
320,Nhà hàng Cô Ba,,"173 Kapakolong, Thành phố Kon Tum, Kon Tum",30,nha_hang,0.0,0.0,0.0,,,02600369231983,,0.0,0,0,,2026-05-27 16:38:12,2026-05-27 16:38:12,active,"{""category"": ""rest"", ""detail_url"": ""https://csdl.vietnamtourism.gov.vn/rest/?item=2639"", ""email"": """", ""item_id"": ""2639"", ""source"": ""csdl.vietnamtourism.gov.vn""}",
321,BBQ Su Bông,,"15 Phan Bội Châu, Bờ Y, Huyện Ngọc Hồi, Kon Tum",30,nha_hang,0.0,0.0,0.0,,,02600979221821,,0.0,0,0,,2026-05-27 16:38:12,2026-05-27 16:38:12,active,"{""category"": ""rest"", ""detail_url"": ""https://csdl.vietnamtourism.gov.vn/rest/?item=2638"", ""email"": """", ""item_id"": ""2638"", ""source"": ""csdl.vietnamtourism.gov.vn""}",
322,Ẩm thực Nướng,,"426 Nguyễn Huệ, Thành phố Kon Tum, Kon Tum",30,nha_hang,0.0,0.0,0.0,,,02600366461197,,0.0,0,0,,2026-05-27 16:38:12,2026-05-27 16:38:12,active,"{""category"": ""rest"", ""detail_url"": ""https://csdl.vietnamtourism.gov.vn/rest/?item=2637"", ""email"": """", ""item_id"": ""2637"", ""source"": ""csdl.vietnamtourism.gov.vn""}",
323,Ẩm thực Á Đông,,"61A Trần Cao Vân, Thành phố Kon Tum, Kon Tum",30,nha_hang,0.0,0.0,0.0,,,02603858179,,0.0,0,0,,2026-05-27 16:38:12,2026-05-27 16:38:12,active,"{""category"": ""rest"", ""detail_url"": ""https://csdl.vietnamtourism.gov.vn/rest/?item=2636"", ""email"": """", ""item_id"": ""2636"", ""source"": ""csdl.vietnamtourism.gov.vn""}",
324,Nhà hàng Tây Nguyên,,"515 Phú Riềng Đỗ, Thị xã Đồng Xoài, Bình Phước",9,nha_hang,0.0,0.0,0.0,,,02713870459,,0.0,0,0,,2026-05-27 16:38:12,2026-05-27 16:38:12,active,"{""category"": ""rest"", ""detail_url"": ""https://csdl.vietnamtourism.gov.vn/rest/?item=2635"", ""email"": """", ""item_id"": ""2635"", ""source"": ""csdl.vietnamtourism.gov.vn""}",
325,Nhà Hàng Sao Biển,,"16 Ấp Bà Điều, Thành phố Cà Mau, Cà Mau",11,nha_hang,0.0,0.0,0.0,,,02900912967481,,0.0,0,0,,2026-05-27 16:38:12,2026-05-27 16:38:12,active,"{""category"": ""rest"", ""detail_url"": ""https://csdl.vietnamtourism.gov.vn/rest/?item=2634"", ""email"": """", ""item_id"": ""2634"", ""source"": ""csdl.vietnamtourism.gov.vn""}",
326,Nhà hàng Nhị Đệ,,"Quản Lộ - Phụng Hiệp, Tân Thành, Thành phố Cà Mau, Cà Mau",11,nha_hang,0.0,0.0,0.0,,,02900919345939,,0.0,0,0,,2026-05-27 16:38:12,2026-05-27 16:38:12,active,"{""category"": ""rest"", ""detail_url"": ""https://csdl.vietnamtourism.gov.vn/rest/?item=2633"", ""email"": """", ""item_id"": ""2633"", ""source"": ""csdl.vietnamtourism.gov.vn""}",
327,Nhà Hàng Hoàng Kim,,"126A Phan Ngọc Hiển, Thành phố Cà Mau, Cà Mau",11,nha_hang,0.0,0.0,0.0,,,02900917404113,,0.0,0,0,,2026-05-27 16:38:12,2026-05-27 16:38:12,active,"{""category"": ""rest"", ""detail_url"": ""https://csdl.vietnamtourism.gov.vn/rest/?item=2632"", ""email"": """", ""item_id"": ""2632"", ""source"": ""csdl.vietnamtourism.gov.vn""}",
328,Nhà hàng Tân Tân,,"153A Nguyễn Đình Chiểu, Lý Văn Lâm, Thành phố Cà Mau, Cà Mau",11,nha_hang,0.0,0.0,0.0,,,02903820404,,0.0,0,0,,2026-05-27 16:38:12,2026-05-27 16:38:12,active,"{""category"": ""rest"", ""detail_url"": ""https://csdl.vietnamtourism.gov.vn/rest/?item=2631"", ""email"": """", ""item_id"": ""2631"", ""source"": ""csdl.vietnamtourism.gov.vn""}",
329,Nhà hàng Vân Thủy,,"Đảo Uyên Ương, 3b 1 Tháng 5, Thành phố Cà Mau, Cà Mau",11,nha_hang,0.0,0.0,0.0,,,02903830969,,0.0,0,0,,2026-05-27 16:38:12,2026-05-27 16:38:12,active,"{""category"": ""rest"", ""detail_url"": ""https://csdl.vietnamtourism.gov.vn/rest/?item=2630"", ""email"": """", ""item_id"": ""2630"", ""source"": ""csdl.vietnamtourism.gov.vn""}",
330,Nhà hàng Cua 1 Càng,,"75 đường Võ Văn Tần, Đồng Nai",16,nha_hang,0.0,0.0,0.0,,,02510975538939,,0.0,0,0,,2026-05-27 16:38:12,2026-05-27 16:38:12,active,"{""category"": ""rest"", ""detail_url"": ""https://csdl.vietnamtourism.gov.vn/rest/?item=2629"", ""email"": """", ""item_id"": ""2629"", ""source"": ""csdl.vietnamtourism.gov.vn""}",
331,Nhà hàng TomBay,,"379 Lê Quý Đôn, Thị xã Đồng Xoài, Bình Phước",9,nha_hang,0.0,0.0,0.0,,,02713737379,,0.0,0,0,,2026-05-27 16:38:12,2026-05-27 16:38:12,active,"{""category"": ""rest"", ""detail_url"": ""https://csdl.vietnamtourism.gov.vn/rest/?item=2625"", ""email"": """", ""item_id"": ""2625"", ""source"": ""csdl.vietnamtourism.gov.vn""}",
332,Nhà hàng hải sản Hương Biển,,"869-871 Phú Riềng Đỗ, Thị xã Đồng Xoài, Bình Phước",9,nha_hang,0.0,0.0,0.0,,,02713885526,,0.0,0,0,,2026-05-27 16:38:12,2026-05-27 16:38:12,active,"{""category"": ""rest"", ""detail_url"": ""https://csdl.vietnamtourism.gov.vn/rest/?item=2624"", ""email"": """", ""item_id"": ""2624"", ""source"": ""csdl.vietnamtourism.gov.vn""}",
333,Nhà hàng Hoàng Anh,,"Đường Nguyễn Huệ, Thị xã Đồng Xoài, Bình Phước",9,nha_hang,0.0,0.0,0.0,,,02710989140500,,0.0,0,0,,2026-05-27 16:38:12,2026-05-27 16:38:12,active,"{""category"": ""rest"", ""detail_url"": ""https://csdl.vietnamtourism.gov.vn/rest/?item=2623"", ""email"": """", ""item_id"": ""2623"", ""source"": ""csdl.vietnamtourism.gov.vn""}",
334,Nhà hàng Sen Việt,,"138 Lê Duẩn, Thành phố Pleiku",18,nha_hang,0.0,0.0,0.0,,,,,0.0,0,0,,2026-05-27 16:38:12,2026-05-27 16:38:12,active,"{""category"": ""rest"", ""detail_url"": ""https://csdl.vietnamtourism.gov.vn/rest/?item=2622"", ""email"": """", ""item_id"": ""2622"", ""source"": ""csdl.vietnamtourism.gov.vn""}",
335,Nhà hàng Sê San Xanh,,"57 Lê Quý Đôn, Thành phố Pleiku",18,nha_hang,0.0,0.0,0.0,,,,,0.0,0,0,,2026-05-27 16:38:12,2026-05-27 16:38:12,active,"{""category"": ""rest"", ""detail_url"": ""https://csdl.vietnamtourism.gov.vn/rest/?item=2621"", ""email"": """", ""item_id"": ""2621"", ""source"": ""csdl.vietnamtourism.gov.vn""}",
336,Phở Hồng - Phở khô Gia Lai,,"24 Nguyễn Văn Trỗi, Thành phố Pleiku",18,nha_hang,0.0,0.0,0.0,,,0905423939,,0.0,0,0,,2026-05-27 16:38:12,2026-05-27 16:38:12,active,"{""category"": ""rest"", ""detail_url"": ""https://csdl.vietnamtourism.gov.vn/rest/?item=2620"", ""email"": """", ""item_id"": ""2620"", ""source"": ""csdl.vietnamtourism.gov.vn""}",
337,Nhà hàng Ngon 3 miền,,"158 Hai Bà Trưng, Thành phố Pleiku",18,nha_hang,0.0,0.0,0.0,,,,,0.0,0,0,,2026-05-27 16:38:12,2026-05-27 16:38:12,active,"{""category"": ""rest"", ""detail_url"": ""https://csdl.vietnamtourism.gov.vn/rest/?item=2619"", ""email"": """", ""item_id"": ""2619"", ""source"": ""csdl.vietnamtourism.gov.vn""}",
338,Nhà hàng Ngói Nâu,,"120 Nguyễn Thái Học, Thành phố Pleiku",18,nha_hang,0.0,0.0,0.0,,,0932517688,,0.0,0,0,,2026-05-27 16:38:12,2026-05-27 16:38:12,active,"{""category"": ""rest"", ""detail_url"": ""https://csdl.vietnamtourism.gov.vn/rest/?item=2618"", ""email"": ""quocv79@gmail.com"", ""item_id"": ""2618"", ""source"": ""csdl.vietnamtourism.gov.vn""}",
339,Nhà hàng Hoa Giấy,,"42 Hoàng Văn Thụ, Thành phố Pleiku",18,nha_hang,0.0,0.0,0.0,,,,,0.0,0,0,,2026-05-27 16:38:12,2026-05-27 16:38:12,active,"{""category"": ""rest"", ""detail_url"": ""https://csdl.vietnamtourism.gov.vn/rest/?item=2617"", ""email"": """", ""item_id"": ""2617"", ""source"": ""csdl.vietnamtourism.gov.vn""}",
340,Nhà hàng Biển Hồ Xanh,,"662 Phạm Văn Đồng, Thống Nhất, Thành phố Pleiku",18,nha_hang,0.0,0.0,0.0,,,,,0.0,0,0,,2026-05-27 16:38:12,2026-05-27 16:38:12,active,"{""category"": ""rest"", ""detail_url"": ""https://csdl.vietnamtourism.gov.vn/rest/?item=2616"", ""email"": """", ""item_id"": ""2616"", ""source"": ""csdl.vietnamtourism.gov.vn""}",
341,Nhà hàng Bazan,,"480 Lê Duẩn, Thành phố Pleiku",18,nha_hang,0.0,0.0,0.0,,,,,0.0,0,0,,2026-05-27 16:38:12,2026-05-27 16:38:12,active,"{""category"": ""rest"", ""detail_url"": ""https://csdl.vietnamtourism.gov.vn/rest/?item=2615"", ""email"": """", ""item_id"": ""2615"", ""source"": ""csdl.vietnamtourism.gov.vn""}",
342,Nhà hàng Ngọc Châu,,"111 đường 3/2, Thành phố Vị Thanh, Hậu Giang",25,nha_hang,0.0,0.0,0.0,,,02933583838,,0.0,0,0,,2026-05-27 16:38:12,2026-05-27 16:38:12,active,"{""category"": ""rest"", ""detail_url"": ""https://csdl.vietnamtourism.gov.vn/rest/?item=2614"", ""email"": """", ""item_id"": ""2614"", ""source"": ""csdl.vietnamtourism.gov.vn""}",
343,Nhà hàng Gia Bảo,,"Đường Đoàn Văn Chia, Ngã Bảy, Thị xã Ngã Bảy, Hậu Giang",25,nha_hang,0.0,0.0,0.0,,,02930919867222,,0.0,0,0,,2026-05-27 16:38:12,2026-05-27 16:38:12,active,"{""category"": ""rest"", ""detail_url"": ""https://csdl.vietnamtourism.gov.vn/rest/?item=2613"", ""email"": """", ""item_id"": ""2613"", ""source"": ""csdl.vietnamtourism.gov.vn""}",
344,Nhà hàng Hoa Tiên,,"6A Trần Hưng Đạo, TX Long Mỹ, Long Mỹ, Thị xã Long Mỹ, Hậu Giang",25,nha_hang,0.0,0.0,0.0,,,02933510999,,0.0,0,0,,2026-05-27 16:38:12,2026-05-27 16:38:12,active,"{""category"": ""rest"", ""detail_url"": ""https://csdl.vietnamtourism.gov.vn/rest/?item=2612"", ""email"": """", ""item_id"": ""2612"", ""source"": ""csdl.vietnamtourism.gov.vn""}",
345,Quán Đối Chứng,,"25 Nguyễn Công Trứ, KV 4, Thành phố Vị Thanh, Hậu Giang",25,nha_hang,0.0,0.0,0.0,,,02933878148,,0.0,0,0,,2026-05-27 16:38:12,2026-05-27 16:38:12,active,"{""category"": ""rest"", ""detail_url"": ""https://csdl.vietnamtourism.gov.vn/rest/?item=2611"", ""email"": """", ""item_id"": ""2611"", ""source"": ""csdl.vietnamtourism.gov.vn""}",
346,Quán Huy Hoàng,,"19 Trần Ngọc Quế, KV 6, Vị Thanh, Thành phố Vị Thanh, Hậu Giang",25,nha_hang,0.0,0.0,0.0,,,02933876716,,0.0,0,0,,2026-05-27 16:38:12,2026-05-27 16:38:12,active,"{""category"": ""rest"", ""detail_url"": ""https://csdl.vietnamtourism.gov.vn/rest/?item=2610"", ""email"": """", ""item_id"": ""2610"", ""source"": ""csdl.vietnamtourism.gov.vn""}",
347,Nhà hàng Tân Hậu Giang,,"33-35 đường 3/2, Thành phố Vị Thanh, Hậu Giang",25,nha_hang,0.0,0.0,0.0,,,02933876360,,0.0,0,0,,2026-05-27 16:38:12,2026-05-27 16:38:12,active,"{""category"": ""rest"", ""detail_url"": ""https://csdl.vietnamtourism.gov.vn/rest/?item=2609"", ""email"": """", ""item_id"": ""2609"", ""source"": ""csdl.vietnamtourism.gov.vn""}",
348,Quán Nga Muội,,"59 Nguyễn Văn Trỗi, Vị Thanh, Thành phố Vị Thanh, Hậu Giang",25,nha_hang,0.0,0.0,0.0,,,02936260079,,0.0,0,0,,2026-05-27 16:38:12,2026-05-27 16:38:12,active,"{""category"": ""rest"", ""detail_url"": ""https://csdl.vietnamtourism.gov.vn/rest/?item=2607"", ""email"": """", ""item_id"": ""2607"", ""source"": ""csdl.vietnamtourism.gov.vn""}",
349,Nhà hàng Thủy Tùng,,"71 Nguyễn Văn Trỗi, 2 Bảo Lộc, Thành phố Bảo Lộc, Lâm Đồng",32,nha_hang,0.0,0.0,0.0,,,02630784000555,,0.0,0,0,,2026-05-27 16:38:12,2026-05-27 16:38:12,active,"{""category"": ""rest"", ""detail_url"": ""https://csdl.vietnamtourism.gov.vn/rest/?item=2606"", ""email"": """", ""item_id"": ""2606"", ""source"": ""csdl.vietnamtourism.gov.vn""}",
350,Nhà hàng Cali,,"5 - 7 Hà Huy Tập, 2 Bảo Lộc, Thành phố Bảo Lộc, Lâm Đồng",32,nha_hang,0.0,0.0,0.0,,,02630982580158,,0.0,0,0,,2026-05-27 16:38:12,2026-05-27 16:38:12,active,"{""category"": ""rest"", ""detail_url"": ""https://csdl.vietnamtourism.gov.vn/rest/?item=2605"", ""email"": """", ""item_id"": ""2605"", ""source"": ""csdl.vietnamtourism.gov.vn""}",
351,Ẩm Thực Vodka Quán,,"26 Nguyễn Công Trứ, lô 90, Đức Trọng, Huyện Đức Trọng, Lâm Đồng",32,nha_hang,0.0,0.0,0.0,,,02630941395079,,0.0,0,0,,2026-05-27 16:38:12,2026-05-27 16:38:12,active,"{""category"": ""rest"", ""detail_url"": ""https://csdl.vietnamtourism.gov.vn/rest/?item=2604"", ""email"": """", ""item_id"": ""2604"", ""source"": ""csdl.vietnamtourism.gov.vn""}",
352,Ẩm Thực SuSin,,"705 quốc lộ 20, Đức Trọng, Huyện Đức Trọng, Lâm Đồng",32,nha_hang,0.0,0.0,0.0,,,02630947715716,,0.0,0,0,,2026-05-27 16:38:12,2026-05-27 16:38:12,active,"{""category"": ""rest"", ""detail_url"": ""https://csdl.vietnamtourism.gov.vn/rest/?item=2603"", ""email"": ""nhahangamthucsusin@gmail.com"", ""item_id"": ""2603"", ""source"": ""csdl.vietnamtourism.gov.vn""}",
353,Ẩm Thực Góc Phố Xanh,,"19/14 Bùi Thị Xuân, 1 Bảo Lộc, Thành phố Bảo Lộc, Lâm Đồng",32,nha_hang,0.0,0.0,0.0,,,02632212888,,0.0,0,0,,2026-05-27 16:38:12,2026-05-27 16:38:12,active,"{""category"": ""rest"", ""detail_url"": ""https://csdl.vietnamtourism.gov.vn/rest/?item=2602"", ""email"": """", ""item_id"": ""2602"", ""source"": ""csdl.vietnamtourism.gov.vn""}",
354,Nhà hàng Xuân Anh,,"Đại Hữu, Huyện Hậu Lộc, Thanh Hoá",52,nha_hang,0.0,0.0,0.0,,,02370778882286,,0.0,0,0,,2026-05-27 16:38:12,2026-05-27 16:38:12,active,"{""category"": ""rest"", ""detail_url"": ""https://csdl.vietnamtourism.gov.vn/rest/?item=2601"", ""email"": """", ""item_id"": ""2601"", ""source"": ""csdl.vietnamtourism.gov.vn""}",
355,Nhà hàng Trọng Tình,,"Bãi biển Hải Tiến, Huyện Hoằng Hóa, Thanh Hoá",52,nha_hang,0.0,0.0,0.0,,,02370974836992,,0.0,0,0,,2026-05-27 16:38:12,2026-05-27 16:38:12,active,"{""category"": ""rest"", ""detail_url"": ""https://csdl.vietnamtourism.gov.vn/rest/?item=2600"", ""email"": ""nhahangtrongtinh260892@gmail.com"", ""item_id"": ""2600"", ""source"": ""csdl.vietnamtourism.gov.vn""}",
356,Nhà hàng Minh Hạnh,,"Đường Hồ Xuân Hương, khu du lịch Vạn Chài, Thành phố Sầm Sơn, Thanh Hoá",52,nha_hang,0.0,0.0,0.0,,,02370985757523,http://minhhanhsamson.com/,0.0,0,0,,2026-05-27 16:38:12,2026-05-27 16:38:12,active,"{""category"": ""rest"", ""detail_url"": ""https://csdl.vietnamtourism.gov.vn/rest/?item=2599"", ""email"": ""thuhang.240@gmail.com"", ""item_id"": ""2599"", ""source"": ""csdl.vietnamtourism.gov.vn""}",
357,Nhà hàng Mái Lá Làng Chài,,"Đường Hồ Xuân Hương, Thành phố Sầm Sơn, Thanh Hoá",52,nha_hang,0.0,0.0,0.0,,,02370912029641,,0.0,0,0,,2026-05-27 16:38:12,2026-05-27 16:38:12,active,"{""category"": ""rest"", ""detail_url"": ""https://csdl.vietnamtourism.gov.vn/rest/?item=2598"", ""email"": """", ""item_id"": ""2598"", ""source"": ""csdl.vietnamtourism.gov.vn""}",
358,Khu ẩm thực Hương Vị Việt,,"Số 14 khu 1, Hậu Lộc, Huyện Hậu Lộc, Thanh Hoá",52,nha_hang,0.0,0.0,0.0,,,02370936266313,,0.0,0,0,,2026-05-27 16:38:12,2026-05-27 16:38:12,active,"{""category"": ""rest"", ""detail_url"": ""https://csdl.vietnamtourism.gov.vn/rest/?item=2597"", ""email"": """", ""item_id"": ""2597"", ""source"": ""csdl.vietnamtourism.gov.vn""}",
359,Nhà hàng Hưng Thịnh,,"Bãi biển Hải Tiến, Huyện Hoằng Hóa, Thanh Hoá",52,nha_hang,0.0,0.0,0.0,,,02370386343898,,0.0,0,0,,2026-05-27 16:38:12,2026-05-27 16:38:12,active,"{""category"": ""rest"", ""detail_url"": ""https://csdl.vietnamtourism.gov.vn/rest/?item=2596"", ""email"": """", ""item_id"": ""2596"", ""source"": ""csdl.vietnamtourism.gov.vn""}",
360,Nhà hàng Lion City,,"09 Nam Kỳ Khởi Nghĩa, Ninh Kiều, Quận Ninh Kiều, Thành phố Cần Thơ",59,nha_hang,0.0,0.0,0.0,,,02920914781313,,0.0,0,0,,2026-05-27 16:38:12,2026-05-27 16:38:12,active,"{""category"": ""rest"", ""detail_url"": ""https://csdl.vietnamtourism.gov.vn/rest/?item=2595"", ""email"": """", ""item_id"": ""2595"", ""source"": ""csdl.vietnamtourism.gov.vn""}",
361,Nhà hàng Du thuyền Cần Thơ,,"Đường Hai Bà Trưng, Quận Ninh Kiều, Thành phố Cần Thơ",59,nha_hang,0.0,0.0,0.0,,,02923810841,,0.0,0,0,,2026-05-27 16:38:12,2026-05-27 16:38:12,active,"{""category"": ""rest"", ""detail_url"": ""https://csdl.vietnamtourism.gov.vn/rest/?item=2594"", ""email"": """", ""item_id"": ""2594"", ""source"": ""csdl.vietnamtourism.gov.vn""}",
362,Nhà hàng Sushi Sakura,,"103 Trần Hưng Đạo, Quận Ninh Kiều, Thành phố Cần Thơ",59,nha_hang,0.0,0.0,0.0,,,02920934872177,,0.0,0,0,,2026-05-27 16:38:12,2026-05-27 16:38:12,active,"{""category"": ""rest"", ""detail_url"": ""https://csdl.vietnamtourism.gov.vn/rest/?item=2593"", ""email"": """", ""item_id"": ""2593"", ""source"": ""csdl.vietnamtourism.gov.vn""}",
363,Nhà hàng Sao Mai,,"41A, Đường 3/2, Quận Ninh Kiều, Thành phố Cần Thơ",59,nha_hang,0.0,0.0,0.0,,,02923845888,,0.0,0,0,,2026-05-27 16:38:12,2026-05-27 16:38:12,active,"{""category"": ""rest"", ""detail_url"": ""https://csdl.vietnamtourism.gov.vn/rest/?item=2592"", ""email"": """", ""item_id"": ""2592"", ""source"": ""csdl.vietnamtourism.gov.vn""}",
364,Nhà hàng Đại Dương,,"12 Lê Lợi, Quận Ninh Kiều, Thành phố Cần Thơ",59,nha_hang,0.0,0.0,0.0,,,02923845888,,0.0,0,0,,2026-05-27 16:38:12,2026-05-27 16:38:12,active,"{""category"": ""rest"", ""detail_url"": ""https://csdl.vietnamtourism.gov.vn/rest/?item=2591"", ""email"": """", ""item_id"": ""2591"", ""source"": ""csdl.vietnamtourism.gov.vn""}",
365,Nhà hàng Kaiserin,,"K36 Võ Thị Sáu, Thành phố Biên Hòa, Đồng Nai",16,nha_hang,0.0,0.0,0.0,,,02510915767376,,0.0,0,0,,2026-05-27 16:38:12,2026-05-27 16:38:12,active,"{""category"": ""rest"", ""detail_url"": ""https://csdl.vietnamtourism.gov.vn/rest/?item=2590"", ""email"": """", ""item_id"": ""2590"", ""source"": ""csdl.vietnamtourism.gov.vn""}",
366,Nhà hàng Ngọc Cảnh,,"390 Nguyen Ai Quoc, Thành phố Biên Hòa, Đồng Nai",16,nha_hang,0.0,0.0,0.0,,,02510938670088,,0.0,0,0,,2026-05-27 16:38:12,2026-05-27 16:38:12,active,"{""category"": ""rest"", ""detail_url"": ""https://csdl.vietnamtourism.gov.vn/rest/?item=2589"", ""email"": """", ""item_id"": ""2589"", ""source"": ""csdl.vietnamtourism.gov.vn""}",
367,Nhà hàng Sông Tràm,,"224/24 Phạm Văn Thuận, Tam Hiệp, Thành phố Biên Hòa, Đồng Nai",16,nha_hang,0.0,0.0,0.0,,,02510917305388,,0.0,0,0,,2026-05-27 16:38:12,2026-05-27 16:38:12,active,"{""category"": ""rest"", ""detail_url"": ""https://csdl.vietnamtourism.gov.vn/rest/?item=2588"", ""email"": """", ""item_id"": ""2588"", ""source"": ""csdl.vietnamtourism.gov.vn""}",
368,Nhà hàng Việt Phố,,"63/21A Võ Thị Sáu, KP1, Trấn Biên, Thành phố Biên Hòa, Đồng Nai",16,nha_hang,0.0,0.0,0.0,,,02513680024,,0.0,0,0,,2026-05-27 16:38:12,2026-05-27 16:38:12,active,"{""category"": ""rest"", ""detail_url"": ""https://csdl.vietnamtourism.gov.vn/rest/?item=2587"", ""email"": """", ""item_id"": ""2587"", ""source"": ""csdl.vietnamtourism.gov.vn""}",
369,Nhà hàng Gió,,"92 Võ Thị Sáu, Tổ 7, Khu phố 7, Thành phố Biên Hòa, Đồng Nai",16,nha_hang,0.0,0.0,0.0,,,02510915852506,,0.0,0,0,,2026-05-27 16:38:12,2026-05-27 16:38:12,active,"{""category"": ""rest"", ""detail_url"": ""https://csdl.vietnamtourism.gov.vn/rest/?item=2586"", ""email"": """", ""item_id"": ""2586"", ""source"": ""csdl.vietnamtourism.gov.vn""}",
370,Nhà hàng sinh thái Bàu Sen,,"Quốc lộ N2, Tháp Mười, Huyện Tháp Mười",22,nha_hang,0.0,0.0,0.0,,,,,0.0,0,0,,2026-05-27 16:38:12,2026-05-27 16:38:12,active,"{""category"": ""rest"", ""detail_url"": ""https://csdl.vietnamtourism.gov.vn/rest/?item=2585"", ""email"": """", ""item_id"": ""2585"", ""source"": ""csdl.vietnamtourism.gov.vn""}",
371,Nhà hàng Sếu Đỏ Cao Lãnh,,"Số 10 Quốc lộ 30, Mỹ Trà, Thành phố Cao Lãnh",17,nha_hang,0.0,0.0,0.0,,,0919108801,,0.0,0,0,,2026-05-27 16:38:12,2026-05-27 16:38:12,active,"{""category"": ""rest"", ""detail_url"": ""https://csdl.vietnamtourism.gov.vn/rest/?item=2583"", ""email"": """", ""item_id"": ""2583"", ""source"": ""csdl.vietnamtourism.gov.vn""}",
372,Ẩm thực Thuyền Buồm,,"422-424 Trần Hưng Đạo, Thành phố Cao Lãnh",17,nha_hang,0.0,0.0,0.0,,,0979042222,,0.0,0,0,,2026-05-27 16:38:12,2026-05-27 16:38:12,active,"{""category"": ""rest"", ""detail_url"": ""https://csdl.vietnamtourism.gov.vn/rest/?item=2581"", ""email"": """", ""item_id"": ""2581"", ""source"": ""csdl.vietnamtourism.gov.vn""}",
373,Việt Hàn Quán,,"Khu đô thị Vườn Xanh, Khối 7, Huyện Đô Lương, Nghệ An",37,nha_hang,0.0,0.0,0.0,,,02380963906908,,0.0,0,0,,2026-05-27 16:38:12,2026-05-27 16:38:12,active,"{""category"": ""rest"", ""detail_url"": ""https://csdl.vietnamtourism.gov.vn/rest/?item=2580"", ""email"": """", ""item_id"": ""2580"", ""source"": ""csdl.vietnamtourism.gov.vn""}",
374,Nhà hàng Sành Sứ,,"Yên Sơn, Huyện Đô Lương, Nghệ An",37,nha_hang,0.0,0.0,0.0,,,02380914349777,,0.0,0,0,,2026-05-27 16:38:12,2026-05-27 16:38:12,active,"{""category"": ""rest"", ""detail_url"": ""https://csdl.vietnamtourism.gov.vn/rest/?item=2579"", ""email"": """", ""item_id"": ""2579"", ""source"": ""csdl.vietnamtourism.gov.vn""}",
375,Nhà hàng Quán Xưa 102,,"Xóm 3, Huyện Đô Lương, Nghệ An",37,nha_hang,0.0,0.0,0.0,,,02380976134678,,0.0,0,0,,2026-05-27 16:38:12,2026-05-27 16:38:12,active,"{""category"": ""rest"", ""detail_url"": ""https://csdl.vietnamtourism.gov.vn/rest/?item=2578"", ""email"": """", ""item_id"": ""2578"", ""source"": ""csdl.vietnamtourism.gov.vn""}",
376,Nhà hàng Huynh Đệ,,"Yên Trường, Yên Sơn, Huyện Đô Lương, Nghệ An",37,nha_hang,0.0,0.0,0.0,,,02380981454229,,0.0,0,0,,2026-05-27 16:38:12,2026-05-27 16:38:12,active,"{""category"": ""rest"", ""detail_url"": ""https://csdl.vietnamtourism.gov.vn/rest/?item=2577"", ""email"": """", ""item_id"": ""2577"", ""source"": ""csdl.vietnamtourism.gov.vn""}",
377,Nhà hàng Chung Còi,,"Khu đô thị Vườn Xanh, Huyện Đô Lương, Nghệ An",37,nha_hang,0.0,0.0,0.0,,,02380968489345,,0.0,0,0,,2026-05-27 16:38:12,2026-05-27 16:38:12,active,"{""category"": ""rest"", ""detail_url"": ""https://csdl.vietnamtourism.gov.vn/rest/?item=2576"", ""email"": """", ""item_id"": ""2576"", ""source"": ""csdl.vietnamtourism.gov.vn""}",
378,Ẩm thực sân vườn Hoàng Yến,,"252 Trần Phú, An Bình, Thị xã Hồng Ngự",0,nha_hang,0.0,0.0,0.0,,,,,0.0,0,0,,2026-05-27 16:38:12,2026-05-27 16:38:12,active,"{""category"": ""rest"", ""detail_url"": ""https://csdl.vietnamtourism.gov.vn/rest/?item=2575"", ""email"": """", ""item_id"": ""2575"", ""source"": ""csdl.vietnamtourism.gov.vn""}",
379,Nhà hàng Tú Hảo,,"17 Điện Biên Phủ, Mỹ Trà, Thành phố Cao Lãnh",15,nha_hang,0.0,0.0,0.0,,,,,0.0,0,0,,2026-05-27 16:38:12,2026-05-27 16:38:12,active,"{""category"": ""rest"", ""detail_url"": ""https://csdl.vietnamtourism.gov.vn/rest/?item=2574"", ""email"": ""nhahangtuhao@gmail.com"", ""item_id"": ""2574"", ""source"": ""csdl.vietnamtourism.gov.vn""}",
380,Nhà hàng Thành Công,,"Khối 3, Đồng Lộc, Huyện Can Lộc, Hà Tĩnh",22,nha_hang,0.0,0.0,0.0,,,02390916270729,,0.0,0,0,,2026-05-27 16:38:12,2026-05-27 16:38:12,active,"{""category"": ""rest"", ""detail_url"": ""https://csdl.vietnamtourism.gov.vn/rest/?item=2573"", ""email"": """", ""item_id"": ""2573"", ""source"": ""csdl.vietnamtourism.gov.vn""}",
381,Nhà hàng Thái Bình,,"42 Nguyễn Huy Oánh, Thành phố Hà Tĩnh, Hà Tĩnh",22,nha_hang,0.0,0.0,0.0,,,02390904958988,,0.0,0,0,,2026-05-27 16:38:12,2026-05-27 16:38:12,active,"{""category"": ""rest"", ""detail_url"": ""https://csdl.vietnamtourism.gov.vn/rest/?item=2572"", ""email"": """", ""item_id"": ""2572"", ""source"": ""csdl.vietnamtourism.gov.vn""}",
382,Nhà hàng Nhà Tôi,,"67 Lê Duẩn, Thành phố Hà Tĩnh, Hà Tĩnh",22,nha_hang,0.0,0.0,0.0,,,02390942917678,,0.0,0,0,,2026-05-27 16:38:12,2026-05-27 16:38:12,active,"{""category"": ""rest"", ""detail_url"": ""https://csdl.vietnamtourism.gov.vn/rest/?item=2571"", ""email"": """", ""item_id"": ""2571"", ""source"": ""csdl.vietnamtourism.gov.vn""}",
383,Nhà hàng Hàm Nghi,,"36 Hàm Nghi, Thành phố Hà Tĩnh, Hà Tĩnh",22,nha_hang,0.0,0.0,0.0,,,02390985895686,,0.0,0,0,,2026-05-27 16:38:12,2026-05-27 16:38:12,active,"{""category"": ""rest"", ""detail_url"": ""https://csdl.vietnamtourism.gov.vn/rest/?item=2570"", ""email"": ""nhahanghamnghi@gmail.com"", ""item_id"": ""2570"", ""source"": ""csdl.vietnamtourism.gov.vn""}",
384,Nhà Hàng Hải sản Bến Xưa,,"Cầu Hộ Độ - Xóm Hạ, Trần Phú, Thành phố Hà Tĩnh, Hà Tĩnh",22,nha_hang,0.0,0.0,0.0,,,02393535999,,0.0,0,0,,2026-05-27 16:38:12,2026-05-27 16:38:12,active,"{""category"": ""rest"", ""detail_url"": ""https://csdl.vietnamtourism.gov.vn/rest/?item=2569"", ""email"": """", ""item_id"": ""2569"", ""source"": ""csdl.vietnamtourism.gov.vn""}",
385,Nhà hàng Đại Dương Xanh,,"28 Nguyễn Huy Oánh, Thành phố Hà Tĩnh, Hà Tĩnh",22,nha_hang,0.0,0.0,0.0,,,,,0.0,0,0,,2026-05-27 16:38:12,2026-05-27 16:38:12,active,"{""category"": ""rest"", ""detail_url"": ""https://csdl.vietnamtourism.gov.vn/rest/?item=2568"", ""email"": """", ""item_id"": ""2568"", ""source"": ""csdl.vietnamtourism.gov.vn""}",
386,Nhà hàng Biển Quê,,"Thôn 12, Huyện Nghi Xuân, Hà Tĩnh",22,nha_hang,0.0,0.0,0.0,,,02390989179333,,0.0,0,0,,2026-05-27 16:38:12,2026-05-27 16:38:12,active,"{""category"": ""rest"", ""detail_url"": ""https://csdl.vietnamtourism.gov.vn/rest/?item=2567"", ""email"": """", ""item_id"": ""2567"", ""source"": ""csdl.vietnamtourism.gov.vn""}",
387,Nhà hàng Sóng Thần,,"đường Hương Giang, Thành Phố Đồng Hới, Quảng Trị",46,nha_hang,0.0,0.0,0.0,,,02323825387,,0.0,0,0,,2026-05-27 16:38:12,2026-05-27 16:38:12,active,"{""category"": ""rest"", ""detail_url"": ""https://csdl.vietnamtourism.gov.vn/rest/?item=2566"", ""email"": """", ""item_id"": ""2566"", ""source"": ""csdl.vietnamtourism.gov.vn""}",
388,Nhà hàng Quốc Dũng,,"Đường Trương Pháp, Thành Phố Đồng Hới, Quảng Trị",46,nha_hang,0.0,0.0,0.0,,,02323810071,,0.0,0,0,,2026-05-27 16:38:12,2026-05-27 16:38:12,active,"{""category"": ""rest"", ""detail_url"": ""https://csdl.vietnamtourism.gov.vn/rest/?item=2565"", ""email"": """", ""item_id"": ""2565"", ""source"": ""csdl.vietnamtourism.gov.vn""}",
389,Nhà hàng Đức Hạnh,,"Đường Trương Pháp, Thành Phố Đồng Hới, Quảng Trị",46,nha_hang,0.0,0.0,0.0,,,02320934898789,,0.0,0,0,,2026-05-27 16:38:12,2026-05-27 16:38:12,active,"{""category"": ""rest"", ""detail_url"": ""https://csdl.vietnamtourism.gov.vn/rest/?item=2564"", ""email"": ""nhahangduchanhqb@gmail.com"", ""item_id"": ""2564"", ""source"": ""csdl.vietnamtourism.gov.vn""}",
390,Nhà hàng nổi Bình Yên,,"Khu vườn Dừa, đường Hương Giang, Thành Phố Đồng Hới, Quảng Trị",46,nha_hang,0.0,0.0,0.0,,,02320903452053,,0.0,0,0,,2026-05-27 16:38:12,2026-05-27 16:38:12,active,"{""category"": ""rest"", ""detail_url"": ""https://csdl.vietnamtourism.gov.vn/rest/?item=2563"", ""email"": """", ""item_id"": ""2563"", ""source"": ""csdl.vietnamtourism.gov.vn""}",
391,Nhà hàng nổi Bình Minh,,"Đường Nguyễn Văn Trỗi, Thành Phố Đồng Hới, Quảng Trị",46,nha_hang,0.0,0.0,0.0,,,02323997777,,0.0,0,0,,2026-05-27 16:38:12,2026-05-27 16:38:12,active,"{""category"": ""rest"", ""detail_url"": ""https://csdl.vietnamtourism.gov.vn/rest/?item=2562"", ""email"": """", ""item_id"": ""2562"", ""source"": ""csdl.vietnamtourism.gov.vn""}",
392,Nhà hàng Phố Mới,,", Thành phố Cao Bằng, Cao Bằng",12,nha_hang,0.0,0.0,0.0,,,,,0.0,0,0,,2026-05-27 16:38:12,2026-05-27 16:38:12,active,"{""category"": ""rest"", ""detail_url"": ""https://csdl.vietnamtourism.gov.vn/rest/?item=2561"", ""email"": """", ""item_id"": ""2561"", ""source"": ""csdl.vietnamtourism.gov.vn""}",
393,Nhà hàng Hiền Tú,,"Ngã tư Nà Cáp, Thành phố Cao Bằng, Cao Bằng",12,nha_hang,0.0,0.0,0.0,,,,,0.0,0,0,,2026-05-27 16:38:12,2026-05-27 16:38:12,active,"{""category"": ""rest"", ""detail_url"": ""https://csdl.vietnamtourism.gov.vn/rest/?item=2560"", ""email"": """", ""item_id"": ""2560"", ""source"": ""csdl.vietnamtourism.gov.vn""}",
394,Nhà hàng Huy Linh,,"08, tổ 5, Nùng Trí Cao, Thành phố Cao Bằng, Cao Bằng",12,nha_hang,0.0,0.0,0.0,,,02063888288,,0.0,0,0,,2026-05-27 16:38:12,2026-05-27 16:38:12,active,"{""category"": ""rest"", ""detail_url"": ""https://csdl.vietnamtourism.gov.vn/rest/?item=2559"", ""email"": """", ""item_id"": ""2559"", ""source"": ""csdl.vietnamtourism.gov.vn""}",
395,Nhà hàng Ý Hằng,,"60 Lý Thái Tổ, Quảng Trị, Thị xã Quảng Trị",46,nha_hang,0.0,0.0,0.0,,,0774530603,,0.0,0,0,,2026-05-27 16:38:12,2026-05-27 16:38:12,active,"{""category"": ""rest"", ""detail_url"": ""https://csdl.vietnamtourism.gov.vn/rest/?item=2558"", ""email"": """", ""item_id"": ""2558"", ""source"": ""csdl.vietnamtourism.gov.vn""}",
396,Nhà hàng Tân Phúc,,"212 Lê Lợi, Nam Đông Hà, Thành phố Đông Hà",22,nha_hang,0.0,0.0,0.0,,,,,0.0,0,0,,2026-05-27 16:38:12,2026-05-27 16:38:12,active,"{""category"": ""rest"", ""detail_url"": ""https://csdl.vietnamtourism.gov.vn/rest/?item=2557"", ""email"": """", ""item_id"": ""2557"", ""source"": ""csdl.vietnamtourism.gov.vn""}",
397,Nhà hàng Tân Châu,,"222 Lê Duẩn, Thành phố Đông Hà",22,nha_hang,0.0,0.0,0.0,,,,,0.0,0,0,,2026-05-27 16:38:12,2026-05-27 16:38:12,active,"{""category"": ""rest"", ""detail_url"": ""https://csdl.vietnamtourism.gov.vn/rest/?item=2556"", ""email"": ""nhahangtanchau2@gmail.com"", ""item_id"": ""2556"", ""source"": ""csdl.vietnamtourism.gov.vn""}",
398,Nhà hàng Phương Đông BBQ,,"20 Đại Cồ Việt, Nam Đông Hà, Thành phố Đông Hà",22,nha_hang,0.0,0.0,0.0,,,,,0.0,0,0,,2026-05-27 16:38:12,2026-05-27 16:38:12,active,"{""category"": ""rest"", ""detail_url"": ""https://csdl.vietnamtourism.gov.vn/rest/?item=2555"", ""email"": ""phuongdong.bbq@gmail.com"", ""item_id"": ""2555"", ""source"": ""csdl.vietnamtourism.gov.vn""}",
399,Nhà hàng Nhất Nướng BBQ,,"6B Duy Tân, Nam Đông Hà, Thành phố Đông Hà",22,nha_hang,0.0,0.0,0.0,,,0974525342,,0.0,0,0,,2026-05-27 16:38:12,2026-05-27 16:38:12,active,"{""category"": ""rest"", ""detail_url"": ""https://csdl.vietnamtourism.gov.vn/rest/?item=2554"", ""email"": """", ""item_id"": ""2554"", ""source"": ""csdl.vietnamtourism.gov.vn""}",
400,Tràng Tiền Seafood Huế,,"5 Bến Nghé, Thành phố Huế, Thành phố Huế",64,nha_hang,0.0,0.0,0.0,,,02343879807,,0.0,0,0,,2026-05-27 16:38:12,2026-05-27 16:38:12,active,"{""category"": ""rest"", ""detail_url"": ""https://csdl.vietnamtourism.gov.vn/rest/?item=2553"", ""email"": """", ""item_id"": ""2553"", ""source"": ""csdl.vietnamtourism.gov.vn""}",
401,Nhà hàng Ngọc Anh,,"133 Nguyễn Sinh Cung, Vỹ Dạ, Thành phố Huế, Thành phố Huế",64,nha_hang,0.0,0.0,0.0,,,02340945881973,,0.0,0,0,,2026-05-27 16:38:12,2026-05-27 16:38:12,active,"{""category"": ""rest"", ""detail_url"": ""https://csdl.vietnamtourism.gov.vn/rest/?item=2552"", ""email"": """", ""item_id"": ""2552"", ""source"": ""csdl.vietnamtourism.gov.vn""}",
402,Nhà hàng Hải sản Bé Thân,,"Đường Nguyễn Văn, Huyện Phú Lộc, Thành phố Huế",64,nha_hang,0.0,0.0,0.0,,,02340366770000,http://nhahangbethan.vn/,0.0,0,0,,2026-05-27 16:38:12,2026-05-27 16:38:12,active,"{""category"": ""rest"", ""detail_url"": ""https://csdl.vietnamtourism.gov.vn/rest/?item=2551"", ""email"": ""haisanbethanlangco@gmail.com"", ""item_id"": ""2551"", ""source"": ""csdl.vietnamtourism.gov.vn""}",
403,Diên Trường Quán,,"09 Đặng Do, gần cầu Diên Trường, Thuận An, Huyện Phú Vang, Thành phố Huế",64,nha_hang,0.0,0.0,0.0,,,02343857810,,0.0,0,0,,2026-05-27 16:38:12,2026-05-27 16:38:12,active,"{""category"": ""rest"", ""detail_url"": ""https://csdl.vietnamtourism.gov.vn/rest/?item=2550"", ""email"": """", ""item_id"": ""2550"", ""source"": ""csdl.vietnamtourism.gov.vn""}",
404,Đầm Chuồn Hương Quán,,"Đường Đê Tây Phá Đông, Huyện Phú Vang, Thành phố Huế",64,nha_hang,0.0,0.0,0.0,,,02340935930306,,0.0,0,0,,2026-05-27 16:38:12,2026-05-27 16:38:12,active,"{""category"": ""rest"", ""detail_url"": ""https://csdl.vietnamtourism.gov.vn/rest/?item=2549"", ""email"": """", ""item_id"": ""2549"", ""source"": ""csdl.vietnamtourism.gov.vn""}",
405,Nhà hàng dê tươi Thịnh Thành,,"Đường Bờ Sông Đáy, Phù Vân, Thành phố Phủ Lý, Hà Nam",20,nha_hang,0.0,0.0,0.0,,,02260782239898,,0.0,0,0,,2026-05-27 16:38:12,2026-05-27 16:38:12,active,"{""category"": ""rest"", ""detail_url"": ""https://csdl.vietnamtourism.gov.vn/rest/?item=2548"", ""email"": """", ""item_id"": ""2548"", ""source"": ""csdl.vietnamtourism.gov.vn""}",
406,Nhà hàng Tam Chúc Hà Nam,,"Chân dốc núi Sẻ, thôn Do Lễ, Huyện Kim Bảng, Hà Nam",20,nha_hang,0.0,0.0,0.0,,,0226923745,,0.0,0,0,,2026-05-27 16:38:12,2026-05-27 16:38:12,active,"{""category"": ""rest"", ""detail_url"": ""https://csdl.vietnamtourism.gov.vn/rest/?item=2546"", ""email"": """", ""item_id"": ""2546"", ""source"": ""csdl.vietnamtourism.gov.vn""}",
407,Nhà hàng Thứ Cò Hà Nam,,"60 Lê Công Thanh, Thành phố Phủ Lý, Hà Nam",20,nha_hang,0.0,0.0,0.0,,,02260982316738,http://nhahangthuco.com/,0.0,0,0,,2026-05-27 16:38:12,2026-05-27 16:38:12,active,"{""category"": ""rest"", ""detail_url"": ""https://csdl.vietnamtourism.gov.vn/rest/?item=2545"", ""email"": ""thucohanam@gmail.com"", ""item_id"": ""2545"", ""source"": ""csdl.vietnamtourism.gov.vn""}",
408,Nhà hàng Dê Minh Đức,,"586 Trần Phú, Thị xã Từ Sơn",0,nha_hang,0.0,0.0,0.0,,,,,0.0,0,0,,2026-05-27 16:38:12,2026-05-27 16:38:12,active,"{""category"": ""rest"", ""detail_url"": ""https://csdl.vietnamtourism.gov.vn/rest/?item=2547"", ""email"": """", ""item_id"": ""2547"", ""source"": ""csdl.vietnamtourism.gov.vn""}",
409,Nhà hàng Hương Mãn Lầu,,"44 Nguyễn Văn Cừ, Thành phố Bắc Ninh",5,nha_hang,0.0,0.0,0.0,,,,,0.0,0,0,,2026-05-27 16:38:12,2026-05-27 16:38:12,active,"{""category"": ""rest"", ""detail_url"": ""https://csdl.vietnamtourism.gov.vn/rest/?item=2544"", ""email"": """", ""item_id"": ""2544"", ""source"": ""csdl.vietnamtourism.gov.vn""}",
410,Nhà hàng Bắc Ninh Sala,,"Nguyễn Bá Tuấn, Kinh Bắc, Thành phố Bắc Ninh",5,nha_hang,0.0,0.0,0.0,,,,,0.0,0,0,,2026-05-27 16:38:12,2026-05-27 16:38:12,active,"{""category"": ""rest"", ""detail_url"": ""https://csdl.vietnamtourism.gov.vn/rest/?item=2543"", ""email"": """", ""item_id"": ""2543"", ""source"": ""csdl.vietnamtourism.gov.vn""}",
411,Nhà hàng Tùng Xẻo,,"108 Lạc Long Quân, Thành phố Bắc Ninh",5,nha_hang,0.0,0.0,0.0,,,,,0.0,0,0,,2026-05-27 16:38:12,2026-05-27 16:38:12,active,"{""category"": ""rest"", ""detail_url"": ""https://csdl.vietnamtourism.gov.vn/rest/?item=2542"", ""email"": """", ""item_id"": ""2542"", ""source"": ""csdl.vietnamtourism.gov.vn""}",
412,Nhà hàng Sen Vàng,,"Khu đô thị Bờ Tây sông Đáy , Phù Vân, Thành phố Phủ Lý, Hà Nam",20,nha_hang,0.0,0.0,0.0,,,02260868622668,,0.0,0,0,,2026-05-27 16:38:12,2026-05-27 16:38:12,active,"{""category"": ""rest"", ""detail_url"": ""https://csdl.vietnamtourism.gov.vn/rest/?item=2541"", ""email"": """", ""item_id"": ""2541"", ""source"": ""csdl.vietnamtourism.gov.vn""}",
413,Nhà hàng Hiệp An,,"Số 5 phố Bùi Văn Dị, Thành phố Phủ Lý, Hà Nam",20,nha_hang,0.0,0.0,0.0,,,02260978258699,,0.0,0,0,,2026-05-27 16:38:12,2026-05-27 16:38:12,active,"{""category"": ""rest"", ""detail_url"": ""https://csdl.vietnamtourism.gov.vn/rest/?item=2540"", ""email"": """", ""item_id"": ""2540"", ""source"": ""csdl.vietnamtourism.gov.vn""}",
414,Nhà hàng Lá cọ 2,,"Núi Cấm, Lý Thường Kiệt, Huyện Kim Bảng, Hà Nam",20,nha_hang,0.0,0.0,0.0,,,0226187777,,0.0,0,0,,2026-05-27 16:38:12,2026-05-27 16:38:12,active,"{""category"": ""rest"", ""detail_url"": ""https://csdl.vietnamtourism.gov.vn/rest/?item=2539"", ""email"": """", ""item_id"": ""2539"", ""source"": ""csdl.vietnamtourism.gov.vn""}",
415,Golden BBQ Hà Giang,,"42A Nguyễn Văn Linh, Thành phố Hà Giang, Hà Giang",19,nha_hang,0.0,0.0,0.0,,,02190943912992,,0.0,0,0,,2026-05-27 16:38:12,2026-05-27 16:38:12,active,"{""category"": ""rest"", ""detail_url"": ""https://csdl.vietnamtourism.gov.vn/rest/?item=2538"", ""email"": """", ""item_id"": ""2538"", ""source"": ""csdl.vietnamtourism.gov.vn""}",
416,Cappuccino cafe Hà Giang,,"108 Nguyễn Du, Hà Giang 1, Thành phố Hà Giang, Hà Giang",19,nha_hang,0.0,0.0,0.0,,,02190834158998,,0.0,0,0,,2026-05-27 16:38:12,2026-05-27 16:38:12,active,"{""category"": ""rest"", ""detail_url"": ""https://csdl.vietnamtourism.gov.vn/rest/?item=2537"", ""email"": """", ""item_id"": ""2537"", ""source"": ""csdl.vietnamtourism.gov.vn""}",
417,Nhà hàng Nam Hoa Viên,,"100 Tiểu La, Quận Hải Châu, Thành phố Đà Nẵng",60,nha_hang,0.0,0.0,0.0,,,02363509448,,0.0,0,0,,2026-05-27 16:38:12,2026-05-27 16:38:12,active,"{""category"": ""rest"", ""detail_url"": ""https://csdl.vietnamtourism.gov.vn/rest/?item=2536"", ""email"": """", ""item_id"": ""2536"", ""source"": ""csdl.vietnamtourism.gov.vn""}",
418,Nhà hàng Mỹ Hạnh,,"Lô 17-18 Hoàng Sa, An Hải, Quận Sơn Trà, Thành phố Đà Nẵng",60,nha_hang,0.0,0.0,0.0,,,02363831494,https://myhanhseafood.vn/,0.0,0,0,,2026-05-27 16:38:12,2026-05-27 16:38:12,active,"{""category"": ""rest"", ""detail_url"": ""https://csdl.vietnamtourism.gov.vn/rest/?item=2535"", ""email"": ""cskh@myhanhseafood.com.vn"", ""item_id"": ""2535"", ""source"": ""csdl.vietnamtourism.gov.vn""}",
419,Mỳ Quảng Ếch Bếp Trang,,"441 Ông Ích Khiêm, Quận Hải Châu, Thành phố Đà Nẵng",60,nha_hang,0.0,0.0,0.0,,,02366277771,,0.0,0,0,,2026-05-27 16:38:12,2026-05-27 16:38:12,active,"{""category"": ""rest"", ""detail_url"": ""https://csdl.vietnamtourism.gov.vn/rest/?item=2534"", ""email"": """", ""item_id"": ""2534"", ""source"": ""csdl.vietnamtourism.gov.vn""}",
420,Nhà hàng Memory Lounge,,"7 Bạch Đằng, Quận Hải Châu, Thành phố Đà Nẵng",60,nha_hang,0.0,0.0,0.0,,,02363575899,,0.0,0,0,,2026-05-27 16:38:12,2026-05-27 16:38:12,active,"{""category"": ""rest"", ""detail_url"": ""https://csdl.vietnamtourism.gov.vn/rest/?item=2533"", ""email"": """", ""item_id"": ""2533"", ""source"": ""csdl.vietnamtourism.gov.vn""}",
421,Nhà hàng Limoncello,,"187 Trần Phú, Hải Châu, Quận Hải Châu, Thành phố Đà Nẵng",60,nha_hang,0.0,0.0,0.0,,,02363561064,https://limoncellovn.com/,0.0,0,0,,2026-05-27 16:38:12,2026-05-27 16:38:12,active,"{""category"": ""rest"", ""detail_url"": ""https://csdl.vietnamtourism.gov.vn/rest/?item=2532"", ""email"": """", ""item_id"": ""2532"", ""source"": ""csdl.vietnamtourism.gov.vn""}",
422,Nhà hàng Lam Viên,,"88 Trần Văn Dư, Bắc Mỹ An, Quận Ngũ Hành Sơn, Thành phố Đà Nẵng",60,nha_hang,0.0,0.0,0.0,,,02363959171,http://lamviendanang.com/,0.0,0,0,,2026-05-27 16:38:12,2026-05-27 16:38:12,active,"{""category"": ""rest"", ""detail_url"": ""https://csdl.vietnamtourism.gov.vn/rest/?item=2531"", ""email"": ""lamvienrestaurant196@gmail.com"", ""item_id"": ""2531"", ""source"": ""csdl.vietnamtourism.gov.vn""}",
423,Nhà hàng Fatfish,,"439 Trần Hưng Đạo, Quận Sơn Trà, Thành phố Đà Nẵng",60,nha_hang,0.0,0.0,0.0,,,02363945707,https://fatfishrestaurant.com/,0.0,0,0,,2026-05-27 16:38:12,2026-05-27 16:38:12,active,"{""category"": ""rest"", ""detail_url"": ""https://csdl.vietnamtourism.gov.vn/rest/?item=2530"", ""email"": ""reservation@fatfishrestaurant.com"", ""item_id"": ""2530"", ""source"": ""csdl.vietnamtourism.gov.vn""}",
424,Nhà hàng Blue Whale,,"6 Võ Nguyên Giáp, An Hải, Quận Sơn Trà, Thành phố Đà Nẵng",60,nha_hang,0.0,0.0,0.0,,,02363942777,,0.0,0,0,,2026-05-27 16:38:12,2026-05-27 16:38:12,active,"{""category"": ""rest"", ""detail_url"": ""https://csdl.vietnamtourism.gov.vn/rest/?item=2050"", ""email"": """", ""item_id"": ""2050"", ""source"": ""csdl.vietnamtourism.gov.vn""}",
425,Nhà hàng Vĩnh Hưng,,"01 Châu Thượng Văn, Thành phố Hội An, Quảng Nam",43,nha_hang,0.0,0.0,0.0,,,02353862203,https://www.vinhhungrestaurant.com/,0.0,0,0,,2026-05-27 16:38:12,2026-05-27 16:38:12,active,"{""category"": ""rest"", ""detail_url"": ""https://csdl.vietnamtourism.gov.vn/rest/?item=2529"", ""email"": ""info@vinhhungrestaurant.com"", ""item_id"": ""2529"", ""source"": ""csdl.vietnamtourism.gov.vn""}",
426,Quán Ông Hai,,"6A Trương Minh Lượng, Hội An Đông, Thành phố Hội An, Quảng Nam",43,nha_hang,0.0,0.0,0.0,,,02353914406,,0.0,0,0,,2026-05-27 16:38:12,2026-05-27 16:38:12,active,"{""category"": ""rest"", ""detail_url"": ""https://csdl.vietnamtourism.gov.vn/rest/?item=2528"", ""email"": """", ""item_id"": ""2528"", ""source"": ""csdl.vietnamtourism.gov.vn""}",
427,Làng ẩm thực Trà Quế,,"Thôn Trà Quế, Thành phố Hội An, Quảng Nam",43,nha_hang,0.0,0.0,0.0,,,02350905117793,https://www.traqueculinaryvillage.com,0.0,0,0,,2026-05-27 16:38:12,2026-05-27 16:38:12,active,"{""category"": ""rest"", ""detail_url"": ""https://csdl.vietnamtourism.gov.vn/rest/?item=2527"", ""email"": ""info@traqueculinaryvillage.com"", ""item_id"": ""2527"", ""source"": ""csdl.vietnamtourism.gov.vn""}",
428,Cơm gà Phúc,,"11 Phan Châu Trinh, Thành phố Hội An, Quảng Nam",43,nha_hang,0.0,0.0,0.0,,,02350905420323,,0.0,0,0,,2026-05-27 16:38:12,2026-05-27 16:38:12,active,"{""category"": ""rest"", ""detail_url"": ""https://csdl.vietnamtourism.gov.vn/rest/?item=2526"", ""email"": """", ""item_id"": ""2526"", ""source"": ""csdl.vietnamtourism.gov.vn""}",
429,Cơm gà Bà Buội,,"22 Phan Châu Trinh, Thành phố Hội An, Quảng Nam",43,nha_hang,0.0,0.0,0.0,,,02350905767999,,0.0,0,0,,2026-05-27 16:38:12,2026-05-27 16:38:12,active,"{""category"": ""rest"", ""detail_url"": ""https://csdl.vietnamtourism.gov.vn/rest/?item=2525"", ""email"": """", ""item_id"": ""2525"", ""source"": ""csdl.vietnamtourism.gov.vn""}",
430,Nhà hàng Vườn Xoài,,"94 Nguyễn Thị Minh Khai, Thành phố Nha Trang, Khánh Hoà",28,nha_hang,0.0,0.0,0.0,,,02583515335,,0.0,0,0,,2026-05-27 16:38:12,2026-05-27 16:38:12,active,"{""category"": ""rest"", ""detail_url"": ""https://csdl.vietnamtourism.gov.vn/rest/?item=2522"", ""email"": """", ""item_id"": ""2522"", ""source"": ""csdl.vietnamtourism.gov.vn""}",
431,Nhà hàng Ngọc Trai,,"97 Nguyễn Thị Minh Khai, Thành phố Nha Trang, Khánh Hoà",28,nha_hang,0.0,0.0,0.0,,,02583516088,,0.0,0,0,,2026-05-27 16:38:12,2026-05-27 16:38:12,active,"{""category"": ""rest"", ""detail_url"": ""https://csdl.vietnamtourism.gov.vn/rest/?item=2521"", ""email"": ""nhahangngoctraint@gmail.com"", ""item_id"": ""2521"", ""source"": ""csdl.vietnamtourism.gov.vn""}",
432,Lữ quán Thiên Phước,,"Bãi Tiên, đường Phạm Văn Đồng, Thành phố Nha Trang, Khánh Hoà",28,nha_hang,0.0,0.0,0.0,,,02580903524350,,0.0,0,0,,2026-05-27 16:38:12,2026-05-27 16:38:12,active,"{""category"": ""rest"", ""detail_url"": ""https://csdl.vietnamtourism.gov.vn/rest/?item=2520"", ""email"": """", ""item_id"": ""2520"", ""source"": ""csdl.vietnamtourism.gov.vn""}",
433,Nhà hàng Làng Biển,,"9C Phạm Văn Đồng, Thành phố Nha Trang, Khánh Hoà",28,nha_hang,0.0,0.0,0.0,,,02583545288,,0.0,0,0,,2026-05-27 16:38:12,2026-05-27 16:38:12,active,"{""category"": ""rest"", ""detail_url"": ""https://csdl.vietnamtourism.gov.vn/rest/?item=2519"", ""email"": """", ""item_id"": ""2519"", ""source"": ""csdl.vietnamtourism.gov.vn""}",
434,Quán Bà Tú Lan,,"Số nhà 125, tổ 3, Đồng Văn, Huyện Đồng Văn, Hà Giang",19,nha_hang,0.0,0.0,0.0,,,021901663276042,,0.0,0,0,,2026-05-27 16:38:12,2026-05-27 16:38:12,active,"{""category"": ""rest"", ""detail_url"": ""https://csdl.vietnamtourism.gov.vn/rest/?item=2524"", ""email"": """", ""item_id"": ""2524"", ""source"": ""csdl.vietnamtourism.gov.vn""}",
435,Nhà hàng Hương Việt,,"01 Trần Hưng Đạo, Thành phố Nha Trang, Khánh Hoà",28,nha_hang,0.0,0.0,0.0,,,02583822471,,0.0,0,0,,2026-05-27 16:38:12,2026-05-27 16:38:12,active,"{""category"": ""rest"", ""detail_url"": ""https://csdl.vietnamtourism.gov.vn/rest/?item=2518"", ""email"": """", ""item_id"": ""2518"", ""source"": ""csdl.vietnamtourism.gov.vn""}",
436,Nhà hàng Biển Rừng,,"15 Chu Văn An, Diên Khánh, Huyện Diên Khánh, Khánh Hoà",28,nha_hang,0.0,0.0,0.0,,,02586282828,,0.0,0,0,,2026-05-27 16:38:12,2026-05-27 16:38:12,active,"{""category"": ""rest"", ""detail_url"": ""https://csdl.vietnamtourism.gov.vn/rest/?item=2517"", ""email"": """", ""item_id"": ""2517"", ""source"": ""csdl.vietnamtourism.gov.vn""}",
437,Cháo ấu tẩu Ngân Hà,,"161 Trần Hưng Đạo, Hà Giang 2, Thành phố Hà Giang, Hà Giang",19,nha_hang,0.0,0.0,0.0,,,,,0.0,0,0,,2026-05-27 16:38:12,2026-05-27 16:38:12,active,"{""category"": ""rest"", ""detail_url"": ""https://csdl.vietnamtourism.gov.vn/rest/?item=2523"", ""email"": """", ""item_id"": ""2523"", ""source"": ""csdl.vietnamtourism.gov.vn""}",
438,Thắng dền – Đặc sản Hà Giang,,"154 Trần Hưng Đạo, Hà Giang 1, Thành phố Hà Giang, Hà Giang",19,nha_hang,0.0,0.0,0.0,,,,,0.0,0,0,,2026-05-27 16:38:12,2026-05-27 16:38:12,active,"{""category"": ""rest"", ""detail_url"": ""https://csdl.vietnamtourism.gov.vn/rest/?item=2516"", ""email"": """", ""item_id"": ""2516"", ""source"": ""csdl.vietnamtourism.gov.vn""}",
439,Nhà hàng Lan Dũng,,"55 Trần Phú – 183 Cù Chính Lan, Thành phố Hòa Bình, Hoà Bình",26,nha_hang,0.0,0.0,0.0,,,02183853379,,0.0,0,0,,2026-05-27 16:38:12,2026-05-27 16:38:12,active,"{""category"": ""rest"", ""detail_url"": ""https://csdl.vietnamtourism.gov.vn/rest/?item=2511"", ""email"": ""nha.hang.lan.dung@gmail.com"", ""item_id"": ""2511"", ""source"": ""csdl.vietnamtourism.gov.vn""}",
440,Galbi Grill House,,"720 Đà Giang, Thành phố Hòa Bình, Hoà Bình",26,nha_hang,0.0,0.0,0.0,,,02180988916336,,0.0,0,0,,2026-05-27 16:38:12,2026-05-27 16:38:12,active,"{""category"": ""rest"", ""detail_url"": ""https://csdl.vietnamtourism.gov.vn/rest/?item=2510"", ""email"": """", ""item_id"": ""2510"", ""source"": ""csdl.vietnamtourism.gov.vn""}",
441,Nhà hàng Lạc Thịnh,,"Đối diện UBND phường Tân Thịnh, Thành phố Hòa Bình, Hoà Bình",26,nha_hang,0.0,0.0,0.0,,,02180978339666,,0.0,0,0,,2026-05-27 16:38:12,2026-05-27 16:38:12,active,"{""category"": ""rest"", ""detail_url"": ""https://csdl.vietnamtourism.gov.vn/rest/?item=2514"", ""email"": """", ""item_id"": ""2514"", ""source"": ""csdl.vietnamtourism.gov.vn""}",
442,Nhà hàng Cá Thác Bờ,,"Số 159 đường Đinh Tiên Hoàng, tổ 5, Thành phố Hòa Bình, Hoà Bình",26,nha_hang,0.0,0.0,0.0,,,02180896629688,,0.0,0,0,,2026-05-27 16:38:12,2026-05-27 16:38:12,active,"{""category"": ""rest"", ""detail_url"": ""https://csdl.vietnamtourism.gov.vn/rest/?item=2513"", ""email"": """", ""item_id"": ""2513"", ""source"": ""csdl.vietnamtourism.gov.vn""}",
443,Nhà hàng Gia Hân,,"Đà Giang, cạnh AP Plaza, Thành phố Hòa Bình, Hoà Bình",26,nha_hang,0.0,0.0,0.0,,,02180987236789,,0.0,0,0,,2026-05-27 16:38:12,2026-05-27 16:38:12,active,"{""category"": ""rest"", ""detail_url"": ""https://csdl.vietnamtourism.gov.vn/rest/?item=2515"", ""email"": """", ""item_id"": ""2515"", ""source"": ""csdl.vietnamtourism.gov.vn""}",
444,Nhà hàng Nam Huyền,,"Lý Thường Kiệt, phường Chăm Mát, Thành phố Hòa Bình, Hoà Bình",26,nha_hang,0.0,0.0,0.0,,,,,0.0,0,0,,2026-05-27 16:38:12,2026-05-27 16:38:12,active,"{""category"": ""rest"", ""detail_url"": ""https://csdl.vietnamtourism.gov.vn/rest/?item=2512"", ""email"": """", ""item_id"": ""2512"", ""source"": ""csdl.vietnamtourism.gov.vn""}",
445,Quán Như Ý,,"325 Trần Hưng Đạo, Thành phố Hòa Bình, Hoà Bình",26,nha_hang,0.0,0.0,0.0,,,,,0.0,0,0,,2026-05-27 16:38:12,2026-05-27 16:38:12,active,"{""category"": ""rest"", ""detail_url"": ""https://csdl.vietnamtourism.gov.vn/rest/?item=2509"", ""email"": """", ""item_id"": ""2509"", ""source"": ""csdl.vietnamtourism.gov.vn""}",
446,Trà sữa Tocotoco,,"21 Lạc Long Quân, Thành phố Hòa Bình, Hoà Bình",26,nha_hang,0.0,0.0,0.0,,,,,0.0,0,0,,2026-05-27 16:38:12,2026-05-27 16:38:12,active,"{""category"": ""rest"", ""detail_url"": ""https://csdl.vietnamtourism.gov.vn/rest/?item=2508"", ""email"": """", ""item_id"": ""2508"", ""source"": ""csdl.vietnamtourism.gov.vn""}",
447,Nhà hàng Việt Nam Home,,"125A Nguyễn Đình Chiểu, Mũi Né, Thành phố Phan Thiết, Bình Thuận",10,nha_hang,0.0,0.0,0.0,,,02520942830089,,0.0,0,0,,2026-05-27 16:38:12,2026-05-27 16:38:12,active,"{""category"": ""rest"", ""detail_url"": ""https://csdl.vietnamtourism.gov.vn/rest/?item=2507"", ""email"": ""contact@vietnamhomerestaurant.com"", ""item_id"": ""2507"", ""source"": ""csdl.vietnamtourism.gov.vn""}",
448,Vespa Quán,,"80 Hùng Vương, Phú Thủy, Thành phố Phan Thiết, Bình Thuận",10,nha_hang,0.0,0.0,0.0,,,02520949828393,,0.0,0,0,,2026-05-27 16:38:12,2026-05-27 16:38:12,active,"{""category"": ""rest"", ""detail_url"": ""https://csdl.vietnamtourism.gov.vn/rest/?item=2506"", ""email"": ""mailinh9984@gmail.com"", ""item_id"": ""2506"", ""source"": ""csdl.vietnamtourism.gov.vn""}",
449,Nhà hàng Năm Dư Mũi Né,,"3B Nguyễn Đình Chiểu, Mũi Né, Thành phố Phan Thiết, Bình Thuận",10,nha_hang,0.0,0.0,0.0,,,02520909903955,https://namdumuine.com,0.0,0,0,,2026-05-27 16:38:12,2026-05-27 16:38:12,active,"{""category"": ""rest"", ""detail_url"": ""https://csdl.vietnamtourism.gov.vn/rest/?item=2505"", ""email"": ""info@namdumuine.com"", ""item_id"": ""2505"", ""source"": ""csdl.vietnamtourism.gov.vn""}",
450,Nhà hàng Mũi Né Xưa,,"360 Nguyễn Thông, Thành phố Phan Thiết, Bình Thuận",10,nha_hang,0.0,0.0,0.0,,,02520901111666,,0.0,0,0,,2026-05-27 16:38:12,2026-05-27 16:38:12,active,"{""category"": ""rest"", ""detail_url"": ""https://csdl.vietnamtourism.gov.vn/rest/?item=2504"", ""email"": """", ""item_id"": ""2504"", ""source"": ""csdl.vietnamtourism.gov.vn""}",
451,Hạ Long Pearl farm,,"Vụng Tùng Sâu, đảo Bồ Hòn, vịnh Hạ Long, Bãi Cháy, Thành phố Hạ Long, Quảng Ninh",45,mua_sam,0.0,0.0,0.0,,,02033511519,,0.0,0,0,,2026-05-27 16:38:12,2026-05-27 16:38:12,active,"{""category"": ""shop"", ""detail_url"": ""https://csdl.vietnamtourism.gov.vn/shop/?item=737"", ""email"": """", ""item_id"": ""737"", ""source"": ""csdl.vietnamtourism.gov.vn""}",
452,Hạ Long Pearl farm II,,"Vụng Vông Viêng, vịnh Hạ Long, Bãi Cháy, Thành phố Hạ Long, Quảng Ninh",45,mua_sam,0.0,0.0,0.0,,,02033511519,,0.0,0,0,,2026-05-27 16:38:12,2026-05-27 16:38:12,active,"{""category"": ""shop"", ""detail_url"": ""https://csdl.vietnamtourism.gov.vn/shop/?item=738"", ""email"": """", ""item_id"": ""738"", ""source"": ""csdl.vietnamtourism.gov.vn""}",
453,Legend Pearl,,"Số nhà 238, Tổ 3, khu Cầu Trắng, Tuần Châu, Thành phố Hạ Long, Quảng Ninh",45,mua_sam,0.0,0.0,0.0,,,02033696188,,0.0,0,0,,2026-05-27 16:38:12,2026-05-27 16:38:12,active,"{""category"": ""shop"", ""detail_url"": ""https://csdl.vietnamtourism.gov.vn/shop/?item=739"", ""email"": """", ""item_id"": ""739"", ""source"": ""csdl.vietnamtourism.gov.vn""}",
454,Trung tâm Mỹ Ngọc,,"Số 7 Khu Đồn Điền, Thành phố Hạ Long, Quảng Ninh",45,mua_sam,0.0,0.0,0.0,,,02033511519,,0.0,0,0,,2026-05-27 16:38:12,2026-05-27 16:38:12,active,"{""category"": ""shop"", ""detail_url"": ""https://csdl.vietnamtourism.gov.vn/shop/?item=740"", ""email"": """", ""item_id"": ""740"", ""source"": ""csdl.vietnamtourism.gov.vn""}",
455,Trung tâm thương mại Vincom Plaza Hạ Long,,"Đường Trần Quốc Nghiễn, Thành phố Hạ Long, Quảng Ninh",45,mua_sam,0.0,0.0,0.0,,,02036281818,,0.0,0,0,,2026-05-27 16:38:12,2026-05-27 16:38:12,active,"{""category"": ""shop"", ""detail_url"": ""https://csdl.vietnamtourism.gov.vn/shop/?item=741"", ""email"": """", ""item_id"": ""741"", ""source"": ""csdl.vietnamtourism.gov.vn""}",
456,Việt Thành,,"Ô 8, Lô H, Khu hỗn hợp bán đảo 2, khu đô thị dịch vụ Hùng Thắng, Thành phố Hạ Long, Quảng Ninh",45,mua_sam,0.0,0.0,0.0,,,0908365616,,0.0,0,0,,2026-05-27 16:38:12,2026-05-27 16:38:12,active,"{""category"": ""shop"", ""detail_url"": ""https://csdl.vietnamtourism.gov.vn/shop/?item=742"", ""email"": """", ""item_id"": ""742"", ""source"": ""csdl.vietnamtourism.gov.vn""}",
457,Trung tâm Thương mại Vincom Plaza Móng Cái,,"Đường Đại lộ Hòa Bình, Móng Cái 1, Thành phố Móng Cái, Quảng Ninh",45,mua_sam,0.0,0.0,0.0,,,0385111666,,0.0,0,0,,2026-05-27 16:38:12,2026-05-27 16:38:12,active,"{""category"": ""shop"", ""detail_url"": ""https://csdl.vietnamtourism.gov.vn/shop/?item=743"", ""email"": """", ""item_id"": ""743"", ""source"": ""csdl.vietnamtourism.gov.vn""}",
458,Việt Hưng,,"Số 5, Đại lộ Hòa Bình, Móng Cái 1, Thành phố Móng Cái, Quảng Ninh",45,mua_sam,0.0,0.0,0.0,,,0904487085,,0.0,0,0,,2026-05-27 16:38:12,2026-05-27 16:38:12,active,"{""category"": ""shop"", ""detail_url"": ""https://csdl.vietnamtourism.gov.vn/shop/?item=744"", ""email"": """", ""item_id"": ""744"", ""source"": ""csdl.vietnamtourism.gov.vn""}",
459,Hải Dương Xanh,,"Số 31, Đại lộ Hoà Bình, Móng Cái 1, Thành phố Móng Cái, Quảng Ninh",45,mua_sam,0.0,0.0,0.0,,,0913393343,,0.0,0,0,,2026-05-27 16:38:12,2026-05-27 16:38:12,active,"{""category"": ""shop"", ""detail_url"": ""https://csdl.vietnamtourism.gov.vn/shop/?item=745"", ""email"": """", ""item_id"": ""745"", ""source"": ""csdl.vietnamtourism.gov.vn""}",
460,Việt Nhã,,"Số 13 Đại lộ Hoà Bình, Móng Cái 1, Thành phố Móng Cái, Quảng Ninh",45,mua_sam,0.0,0.0,0.0,,,0395538332,,0.0,0,0,,2026-05-27 16:38:12,2026-05-27 16:38:12,active,"{""category"": ""shop"", ""detail_url"": ""https://csdl.vietnamtourism.gov.vn/shop/?item=746"", ""email"": """", ""item_id"": ""746"", ""source"": ""csdl.vietnamtourism.gov.vn""}",
461,Trung tâm Thương mại Vincom + Uông Bí,,"Khu đô thị Yên Thanh, Thành phố Uông Bí, Quảng Ninh",45,mua_sam,0.0,0.0,0.0,,,0987453596,,0.0,0,0,,2026-05-27 16:38:12,2026-05-27 16:38:12,active,"{""category"": ""shop"", ""detail_url"": ""https://csdl.vietnamtourism.gov.vn/shop/?item=747"", ""email"": """", ""item_id"": ""747"", ""source"": ""csdl.vietnamtourism.gov.vn""}",
462,Trung tâm Thương mại Vincom Plaza Cẩm Phả,,"Tổ 4, Khu Diêm Thủy, Thành phố Cẩm Phả, Quảng Ninh",45,mua_sam,0.0,0.0,0.0,,,0904140290,,0.0,0,0,,2026-05-27 16:38:12,2026-05-27 16:38:12,active,"{""category"": ""shop"", ""detail_url"": ""https://csdl.vietnamtourism.gov.vn/shop/?item=748"", ""email"": """", ""item_id"": ""748"", ""source"": ""csdl.vietnamtourism.gov.vn""}",
463,Sao Việt,,"Số 1, Đại lộ Hoà Bình, Móng Cái 1, Thành phố Móng Cái, Quảng Ninh",45,mua_sam,0.0,0.0,0.0,,,0913393343,,0.0,0,0,,2026-05-27 16:38:12,2026-05-27 16:38:12,active,"{""category"": ""shop"", ""detail_url"": ""https://csdl.vietnamtourism.gov.vn/shop/?item=749"", ""email"": """", ""item_id"": ""749"", ""source"": ""csdl.vietnamtourism.gov.vn""}",
464,Siêu thị Coopmart Hải Phòng,,"01 Lê Hồng Phong, Quận Ngô Quyền, Thành phố Hải Phòng",24,mua_sam,0.0,0.0,0.0,,,02253833579,http://www.co-opmart.com.vn/,0.0,0,0,,2026-05-27 16:38:12,2026-05-27 16:38:12,active,"{""category"": ""shop"", ""detail_url"": ""https://csdl.vietnamtourism.gov.vn/shop/?item=736"", ""email"": ""hpmarketing@coopmart.vn"", ""item_id"": ""736"", ""source"": ""csdl.vietnamtourism.gov.vn""}",
465,Nem Lái Thiêu,,"số 80, Đt 745, Lái Thiêu, Thành phố Thuận An, Bình Dương",8,mua_sam,0.0,0.0,0.0,,,02743754131,,0.0,0,0,,2026-05-27 16:38:12,2026-05-27 16:38:12,active,"{""category"": ""shop"", ""detail_url"": ""https://csdl.vietnamtourism.gov.vn/shop/?item=726"", ""email"": """", ""item_id"": ""726"", ""source"": ""csdl.vietnamtourism.gov.vn""}",
466,Made4Home Center Garden,,"Đường 22 tháng 12, Thành phố Thuận An, Bình Dương",8,mua_sam,0.0,0.0,0.0,,,02740866720767,,0.0,0,0,,2026-05-27 16:38:12,2026-05-27 16:38:12,active,"{""category"": ""shop"", ""detail_url"": ""https://csdl.vietnamtourism.gov.vn/shop/?item=725"", ""email"": ""m4h.service02@gmail.com"", ""item_id"": ""725"", ""source"": ""csdl.vietnamtourism.gov.vn""}",
467,Trung tâm mua sắm Nguyễn Kim,,"253 đường Phạm Văn Thuận, Thành phố Biên Hòa, Đồng Nai",16,mua_sam,0.0,0.0,0.0,,,025118006800,,0.0,0,0,,2026-05-27 16:38:12,2026-05-27 16:38:12,active,"{""category"": ""shop"", ""detail_url"": ""https://csdl.vietnamtourism.gov.vn/shop/?item=727"", ""email"": """", ""item_id"": ""727"", ""source"": ""csdl.vietnamtourism.gov.vn""}",
468,Nhà Sách Siêu Thị Giá Sỉ,,"296/4 Ấp Dốc Mơ 3, Thống Nhất, Huyện Thống Nhất, Đồng Nai",16,mua_sam,0.0,0.0,0.0,,,02510988220341,,0.0,0,0,,2026-05-27 16:38:12,2026-05-27 16:38:12,active,"{""category"": ""shop"", ""detail_url"": ""https://csdl.vietnamtourism.gov.vn/shop/?item=728"", ""email"": """", ""item_id"": ""728"", ""source"": ""csdl.vietnamtourism.gov.vn""}",
469,MM Mega Market Biên Hòa,,"Nguyễn Ái Quốc, Thành phố Biên Hòa, Đồng Nai",16,mua_sam,0.0,0.0,0.0,,,025102518820419,,0.0,0,0,,2026-05-27 16:38:12,2026-05-27 16:38:12,active,"{""category"": ""shop"", ""detail_url"": ""https://csdl.vietnamtourism.gov.vn/shop/?item=730"", ""email"": """", ""item_id"": ""730"", ""source"": ""csdl.vietnamtourism.gov.vn""}",
470,Chợ An Bình,,"ĐT 923, An Bình, Quận Ninh Kiều, Thành phố Cần Thơ",59,mua_sam,0.0,0.0,0.0,,,,,0.0,0,0,,2026-05-27 16:38:12,2026-05-27 16:38:12,active,"{""category"": ""shop"", ""detail_url"": ""https://csdl.vietnamtourism.gov.vn/shop/?item=731"", ""email"": """", ""item_id"": ""731"", ""source"": ""csdl.vietnamtourism.gov.vn""}",
471,Chợ Tân An,,"71 Hai Bà Trưng, Ninh Kiều, Quận Ninh Kiều, Thành phố Cần Thơ",59,mua_sam,0.0,0.0,0.0,,,,,0.0,0,0,,2026-05-27 16:38:12,2026-05-27 16:38:12,active,"{""category"": ""shop"", ""detail_url"": ""https://csdl.vietnamtourism.gov.vn/shop/?item=732"", ""email"": """", ""item_id"": ""732"", ""source"": ""csdl.vietnamtourism.gov.vn""}",
472,Chợ An Lạc,,"12 – 22 Điện Biên Phủ, Ninh Kiều, Quận Ninh Kiều, Thành phố Cần Thơ",15,mua_sam,0.0,0.0,0.0,,,,,0.0,0,0,,2026-05-27 16:38:12,2026-05-27 16:38:12,active,"{""category"": ""shop"", ""detail_url"": ""https://csdl.vietnamtourism.gov.vn/shop/?item=733"", ""email"": """", ""item_id"": ""733"", ""source"": ""csdl.vietnamtourism.gov.vn""}",
473,Chợ Đầm,,"đường Phan Bội Châu, Thành phố Nha Trang, Khánh Hoà",28,mua_sam,0.0,0.0,0.0,,,025802583812388,,0.0,0,0,,2026-05-27 16:38:12,2026-05-27 16:38:12,active,"{""category"": ""shop"", ""detail_url"": ""https://csdl.vietnamtourism.gov.vn/shop/?item=721"", ""email"": """", ""item_id"": ""721"", ""source"": ""csdl.vietnamtourism.gov.vn""}",
474,Chợ Xóm Mới,,"49 Ngô Gia Tự, Nha Trang, Thành phố Nha Trang, Khánh Hoà",28,mua_sam,0.0,0.0,0.0,,,025802583515364,,0.0,0,0,,2026-05-27 16:38:12,2026-05-27 16:38:12,active,"{""category"": ""shop"", ""detail_url"": ""https://csdl.vietnamtourism.gov.vn/shop/?item=722"", ""email"": """", ""item_id"": ""722"", ""source"": ""csdl.vietnamtourism.gov.vn""}",
475,Siêu thị Co.op Mart Nha Trang,,"Số 2 Lê Hồng Phong, Thành phố Nha Trang, Khánh Hoà",28,mua_sam,0.0,0.0,0.0,,,,http://www.co-opmart.com.vn/,0.0,0,0,,2026-05-27 16:38:12,2026-05-27 16:38:12,active,"{""category"": ""shop"", ""detail_url"": ""https://csdl.vietnamtourism.gov.vn/shop/?item=723"", ""email"": ""cmnhatrang-mkt@coopmart.vn"", ""item_id"": ""723"", ""source"": ""csdl.vietnamtourism.gov.vn""}",
476,Công ty Âu Việt - Đặc sản Nha Trang,,"89 Quảng Đức, Thành phố Nha Trang, Khánh Hoà",28,mua_sam,0.0,0.0,0.0,,,02580942600680,,0.0,0,0,,2026-05-27 16:38:12,2026-05-27 16:38:12,active,"{""category"": ""shop"", ""detail_url"": ""https://csdl.vietnamtourism.gov.vn/shop/?item=724"", ""email"": """", ""item_id"": ""724"", ""source"": ""csdl.vietnamtourism.gov.vn""}",
477,Siêu thị hải đặc sản Hiền Nhi,,"1 đường Hoàng Hoa Thám, Thành phố Nha Trang, Khánh Hoà",28,mua_sam,0.0,0.0,0.0,,,025802583813878,,0.0,0,0,,2026-05-27 16:38:12,2026-05-27 16:38:12,active,"{""category"": ""shop"", ""detail_url"": ""https://csdl.vietnamtourism.gov.vn/shop/?item=720"", ""email"": """", ""item_id"": ""720"", ""source"": ""csdl.vietnamtourism.gov.vn""}",
478,Công ty TNHH MTV Thương mại Dịch vụ Diệp Bảo An,,"Khu phố 2, 62 đường Chiến Thắng, Phú Yên, Thành phố Tuy Hoà, Phú Yên",41,mua_sam,0.0,0.0,0.0,,,02570966522299,https://www.bomotnangphuyen.com,0.0,0,0,,2026-05-27 16:38:12,2026-05-27 16:38:12,active,"{""category"": ""shop"", ""detail_url"": ""https://csdl.vietnamtourism.gov.vn/shop/?item=699"", ""email"": ""anbaodiep@gmail.com"", ""item_id"": ""699"", ""source"": ""csdl.vietnamtourism.gov.vn""}",
479,Công ty TNHH sản xuất chế biên & thương mại Hà Trung,,"57B Nguyễn Chí Thanh, Sơn Hòa, Huyện Sơn Hòa, Phú Yên",41,mua_sam,0.0,0.0,0.0,,,02573861305,http://bomotnanghatrung.com/,0.0,0,0,,2026-05-27 16:38:12,2026-05-27 16:38:12,active,"{""category"": ""shop"", ""detail_url"": ""https://csdl.vietnamtourism.gov.vn/shop/?item=700"", ""email"": ""bomotnanghatrung.dspy@gmail.com"", ""item_id"": ""700"", ""source"": ""csdl.vietnamtourism.gov.vn""}",
480,DNTN Thủy sản Hùng Phong,,"121 Lê Duẩn, Thành phố Tuy Hoà, Phú Yên",41,mua_sam,0.0,0.0,0.0,,,02570987779900,https://thuysanhungphong.com/,0.0,0,0,,2026-05-27 16:38:12,2026-05-27 16:38:12,active,"{""category"": ""shop"", ""detail_url"": ""https://csdl.vietnamtourism.gov.vn/shop/?item=701"", ""email"": ""lequanghungphong@gmail.com"", ""item_id"": ""701"", ""source"": ""csdl.vietnamtourism.gov.vn""}",
481,Siêu Thị New Life,,"Khu Nam Trần Phú, Thành phố Thanh Hóa, Thanh Hoá",52,mua_sam,0.0,0.0,0.0,,,02370912518101,,0.0,0,0,,2026-05-27 16:38:12,2026-05-27 16:38:12,active,"{""category"": ""shop"", ""detail_url"": ""https://csdl.vietnamtourism.gov.vn/shop/?item=697"", ""email"": """", ""item_id"": ""697"", ""source"": ""csdl.vietnamtourism.gov.vn""}",
482,Chợ Hón Hải Tiến,,"Bãi biển Hải Tiến, Hoằng Tiến, Huyện Hoằng Hóa, Thanh Hoá",52,mua_sam,0.0,0.0,0.0,,,02370909098163,,0.0,0,0,,2026-05-27 16:38:12,2026-05-27 16:38:12,active,"{""category"": ""shop"", ""detail_url"": ""https://csdl.vietnamtourism.gov.vn/shop/?item=698"", ""email"": """", ""item_id"": ""698"", ""source"": ""csdl.vietnamtourism.gov.vn""}",
483,Chợ phiên Phố Đoàn,,", Pù Luông, Huyện Bá Thước, Thanh Hoá",52,mua_sam,0.0,0.0,0.0,,,,,0.0,0,0,,2026-05-27 16:38:12,2026-05-27 16:38:12,active,"{""category"": ""shop"", ""detail_url"": ""https://csdl.vietnamtourism.gov.vn/shop/?item=696"", ""email"": """", ""item_id"": ""696"", ""source"": ""csdl.vietnamtourism.gov.vn""}",
484,Siêu thị Coop Mart Cần Giuộc,,"Khu phố Thanh Ba, Cần Giuộc, Huyện Cần Giuộc, Tây Ninh",49,mua_sam,0.0,0.0,0.0,,,02723900910,,0.0,0,0,,2026-05-27 16:38:12,2026-05-27 16:38:12,active,"{""category"": ""shop"", ""detail_url"": ""https://csdl.vietnamtourism.gov.vn/shop/?item=692"", ""email"": """", ""item_id"": ""692"", ""source"": ""csdl.vietnamtourism.gov.vn""}",
485,Siêu thị Coop Mart Bến Lức,,"61 Quốc lộ 1 A, KP 4, Bến Lức, Huyện Bến Lức, Tây Ninh",49,mua_sam,0.0,0.0,0.0,,,02723630998,,0.0,0,0,,2026-05-27 16:38:12,2026-05-27 16:38:12,active,"{""category"": ""shop"", ""detail_url"": ""https://csdl.vietnamtourism.gov.vn/shop/?item=693"", ""email"": """", ""item_id"": ""693"", ""source"": ""csdl.vietnamtourism.gov.vn""}",
486,Cửa hàng đặc sản Long An,,"6 Nguyễn Văn Siêu, KP 3, Bến Lức, Huyện Bến Lức, Tây Ninh",49,mua_sam,0.0,0.0,0.0,,,02720944633933,,0.0,0,0,,2026-05-27 16:38:12,2026-05-27 16:38:12,active,"{""category"": ""shop"", ""detail_url"": ""https://csdl.vietnamtourism.gov.vn/shop/?item=694"", ""email"": """", ""item_id"": ""694"", ""source"": ""csdl.vietnamtourism.gov.vn""}",
487,Cơ sở sản xuất bánh tráng trộn Cô Út Long An,,"772 Quốc lộ 1A, Khánh Hậu, Thành phố Tân An, Tây Ninh",49,mua_sam,0.0,0.0,0.0,,,02720896699776,https://www.banhtrangtronlongan.com,0.0,0,0,,2026-05-27 16:38:12,2026-05-27 16:38:12,active,"{""category"": ""shop"", ""detail_url"": ""https://csdl.vietnamtourism.gov.vn/shop/?item=695"", ""email"": ""banhtrangtronlongan772@gmail.com"", ""item_id"": ""695"", ""source"": ""csdl.vietnamtourism.gov.vn""}",
488,Siêu thị Đặc Sản Nghệ Tĩnh,,"Tầng 1, chung cư Tân Phát - đường Lê Mao kéo dài, Thành phố Vinh, Nghệ An",37,mua_sam,0.0,0.0,0.0,,,02380826665666,http://dacsannghetinh.com.vn/,0.0,0,0,,2026-05-27 16:38:12,2026-05-27 16:38:12,active,"{""category"": ""shop"", ""detail_url"": ""https://csdl.vietnamtourism.gov.vn/shop/?item=689"", ""email"": ""congtydacsannghetinh@gmail.com"", ""item_id"": ""689"", ""source"": ""csdl.vietnamtourism.gov.vn""}",
489,Cửa hàng Đặc Sản Xứ Nghệ Thúy Liễu,,"160 Thăng Long, Vinh Hưng, Thành phố Vinh, Nghệ An",37,mua_sam,0.0,0.0,0.0,,,02380916563526,https://sites.google.com/site/cuahangdacsanngonnhatnghean/home/gioi-thieu-dhac-san-xu-nghe_thuy-lieu-1,0.0,0,0,,2026-05-27 16:38:12,2026-05-27 16:38:12,active,"{""category"": ""shop"", ""detail_url"": ""https://csdl.vietnamtourism.gov.vn/shop/?item=691"", ""email"": """", ""item_id"": ""691"", ""source"": ""csdl.vietnamtourism.gov.vn""}",
490,Chợ Bến Thủy,,"Nguyễn Văn Trỗi, Thành phố Vinh, Nghệ An",37,mua_sam,0.0,0.0,0.0,,,02380916515717,,0.0,0,0,,2026-05-27 16:38:12,2026-05-27 16:38:12,active,"{""category"": ""shop"", ""detail_url"": ""https://csdl.vietnamtourism.gov.vn/shop/?item=688"", ""email"": """", ""item_id"": ""688"", ""source"": ""csdl.vietnamtourism.gov.vn""}",
491,Cửa hàng HATIMARRT,,"75 Nguyễn Chí Thanh, Thành phố Hà Tĩnh, Hà Tĩnh",22,mua_sam,0.0,0.0,0.0,,,,,0.0,0,0,,2026-05-27 16:38:12,2026-05-27 16:38:12,active,"{""category"": ""shop"", ""detail_url"": ""https://csdl.vietnamtourism.gov.vn/shop/?item=685"", ""email"": """", ""item_id"": ""685"", ""source"": ""csdl.vietnamtourism.gov.vn""}",
492,Chợ mới thị xã Hồng Lĩnh,,", Bắc Hồng Lĩnh, Thị xã Hồng Lĩnh, Hà Tĩnh",22,mua_sam,0.0,0.0,0.0,,,02390943062994,,0.0,0,0,,2026-05-27 16:38:12,2026-05-27 16:38:12,active,"{""category"": ""shop"", ""detail_url"": ""https://csdl.vietnamtourism.gov.vn/shop/?item=686"", ""email"": """", ""item_id"": ""686"", ""source"": ""csdl.vietnamtourism.gov.vn""}",
493,Cơ sở sản xuất kẹo Cu Đơ Phong Nga,,"Bàu Láng, Huyện Thạch Hà, Hà Tĩnh",22,mua_sam,0.0,0.0,0.0,,,02390393845709,http://cudophongnga.com/,0.0,0,0,,2026-05-27 16:38:12,2026-05-27 16:38:12,active,"{""category"": ""shop"", ""detail_url"": ""https://csdl.vietnamtourism.gov.vn/shop/?item=687"", ""email"": ""cudophongnga@gmail.com"", ""item_id"": ""687"", ""source"": ""csdl.vietnamtourism.gov.vn""}",
494,Chợ Sa Nam,,", Vạn An, Huyện Nam Đàn, Nghệ An",37,mua_sam,0.0,0.0,0.0,,,02380326687997,,0.0,0,0,,2026-05-27 16:38:12,2026-05-27 16:38:12,active,"{""category"": ""shop"", ""detail_url"": ""https://csdl.vietnamtourism.gov.vn/shop/?item=690"", ""email"": """", ""item_id"": ""690"", ""source"": ""csdl.vietnamtourism.gov.vn""}",
495,Khoai deo Hải Ninh,,"Tiểu khu 5, Huyện Quảng Ninh, Quảng Trị",45,mua_sam,0.0,0.0,0.0,,,023209794534161,http://khoaideohaininh.vn/,0.0,0,0,,2026-05-27 16:38:12,2026-05-27 16:38:12,active,"{""category"": ""shop"", ""detail_url"": ""https://csdl.vietnamtourism.gov.vn/shop/?item=683"", ""email"": ""khoaideohaininhqb@gmail.com"", ""item_id"": ""683"", ""source"": ""csdl.vietnamtourism.gov.vn""}",
496,Siêu thị Thế Anh,,"230 Lý Thường Kiệt, Thành Phố Đồng Hới, Quảng Trị",46,mua_sam,0.0,0.0,0.0,,,023202323823717,,0.0,0,0,,2026-05-27 16:38:12,2026-05-27 16:38:12,active,"{""category"": ""shop"", ""detail_url"": ""https://csdl.vietnamtourism.gov.vn/shop/?item=681"", ""email"": """", ""item_id"": ""681"", ""source"": ""csdl.vietnamtourism.gov.vn""}",
497,Công ty TNHH Biển Hạnh Phúc,,"06 Quách Xuân Kỳ, Thành Phố Đồng Hới, Quảng Trị",46,mua_sam,0.0,0.0,0.0,,,02320376177373,https://bienhanhphuc.com/,0.0,0,0,,2026-05-27 16:38:12,2026-05-27 16:38:12,active,"{""category"": ""shop"", ""detail_url"": ""https://csdl.vietnamtourism.gov.vn/shop/?item=682"", ""email"": ""noahsark677@gmail.com"", ""item_id"": ""682"", ""source"": ""csdl.vietnamtourism.gov.vn""}",
498,Chợ Ba Đồn - Chợ trung tâm phía Bắc,,"Thị trấn Ba Đồn, Huyện Quảng Trạch, Quảng Trị",46,mua_sam,0.0,0.0,0.0,,,,,0.0,0,0,,2026-05-27 16:38:12,2026-05-27 16:38:12,active,"{""category"": ""shop"", ""detail_url"": ""https://csdl.vietnamtourism.gov.vn/shop/?item=684"", ""email"": """", ""item_id"": ""684"", ""source"": ""csdl.vietnamtourism.gov.vn""}",
499,Cửa hàng Đặc sản Quảng Trị,,"Quốc lộ 1A, Lai Phước, Nam Đông Hà, Thành phố Đông Hà",22,mua_sam,0.0,0.0,0.0,,,0909215234,https://dacsanquangtri.net/,0.0,0,0,,2026-05-27 16:38:12,2026-05-27 16:38:12,active,"{""category"": ""shop"", ""detail_url"": ""https://csdl.vietnamtourism.gov.vn/shop/?item=679"", ""email"": """", ""item_id"": ""679"", ""source"": ""csdl.vietnamtourism.gov.vn""}",
500,Chợ Diên Sanh,,"Làng Diên Sanh, Diên Sanh, Huyện Hải Lăng",22,mua_sam,0.0,0.0,0.0,,,,,0.0,0,0,,2026-05-27 16:38:12,2026-05-27 16:38:12,active,"{""category"": ""shop"", ""detail_url"": ""https://csdl.vietnamtourism.gov.vn/shop/?item=678"", ""email"": """", ""item_id"": ""678"", ""source"": ""csdl.vietnamtourism.gov.vn""}",
501,Chợ Khe Sanh,,"Khóm 3A, Khe Sanh, Huyện Hướng Hóa",0,mua_sam,0.0,0.0,0.0,,,,,0.0,0,0,,2026-05-27 16:38:12,2026-05-27 16:38:12,active,"{""category"": ""shop"", ""detail_url"": ""https://csdl.vietnamtourism.gov.vn/shop/?item=680"", ""email"": """", ""item_id"": ""680"", ""source"": ""csdl.vietnamtourism.gov.vn""}",
502,Trúc Chỉ Garden,,"05 đường Thạch Hãn, Thành phố Huế, Thành phố Huế",64,mua_sam,0.0,0.0,0.0,,,02340962901518,http://www.vietnamtrucchiart.com/,0.0,0,0,,2026-05-27 16:38:12,2026-05-27 16:38:12,active,"{""category"": ""shop"", ""detail_url"": ""https://csdl.vietnamtourism.gov.vn/shop/?item=677"", ""email"": ""trucchiart@gmail.com"", ""item_id"": ""677"", ""source"": ""csdl.vietnamtourism.gov.vn""}",
503,Marie's - Cỏ Bàng Xứ Huế,,"16 Đoàn Hữu Trưng, Thành phố Huế, Thành phố Huế",64,mua_sam,0.0,0.0,0.0,,,02340935115215,https://madebymaries.com/,0.0,0,0,,2026-05-27 16:38:12,2026-05-27 16:38:12,active,"{""category"": ""shop"", ""detail_url"": ""https://csdl.vietnamtourism.gov.vn/shop/?item=673"", ""email"": ""madebymaries@gmail.com"", ""item_id"": ""673"", ""source"": ""csdl.vietnamtourism.gov.vn""}",
504,Trà Đình Viên,,"16/65 Hoàng Quốc Việt, An Cựu, Thành phố Huế, Thành phố Huế",64,mua_sam,0.0,0.0,0.0,,,02340777151719,https://tradinhvien.com/,0.0,0,0,,2026-05-27 16:38:12,2026-05-27 16:38:12,active,"{""category"": ""shop"", ""detail_url"": ""https://csdl.vietnamtourism.gov.vn/shop/?item=674"", ""email"": """", ""item_id"": ""674"", ""source"": ""csdl.vietnamtourism.gov.vn""}",
505,Chợ An Cựu,,"Đường Hùng Vương, Thuận Hóa, Thành phố Huế, Thành phố Huế",64,mua_sam,0.0,0.0,0.0,,,02340378655312,,0.0,0,0,,2026-05-27 16:38:12,2026-05-27 16:38:12,active,"{""category"": ""shop"", ""detail_url"": ""https://csdl.vietnamtourism.gov.vn/shop/?item=675"", ""email"": """", ""item_id"": ""675"", ""source"": ""csdl.vietnamtourism.gov.vn""}",
506,Danang Souvenirs & Cafe,,"34 Bạch Đằng, Quận Hải Châu, Thành phố Đà Nẵng",60,mua_sam,0.0,0.0,0.0,,,02360918245579,,0.0,0,0,,2026-05-27 16:38:12,2026-05-27 16:38:12,active,"{""category"": ""shop"", ""detail_url"": ""https://csdl.vietnamtourism.gov.vn/shop/?item=672"", ""email"": """", ""item_id"": ""672"", ""source"": ""csdl.vietnamtourism.gov.vn""}",
507,Siêu Thị Joly Mart Đà Nẵng,,"31 Yên Bái, Quận Hải Châu, Thành phố Đà Nẵng",60,mua_sam,0.0,0.0,0.0,,,023602366268968,https://jolymart-dn.business.site/,0.0,0,0,,2026-05-27 16:38:12,2026-05-27 16:38:12,active,"{""category"": ""shop"", ""detail_url"": ""https://csdl.vietnamtourism.gov.vn/shop/?item=670"", ""email"": """", ""item_id"": ""670"", ""source"": ""csdl.vietnamtourism.gov.vn""}",
508,Siêu thị Danavi Mart,,"46 Phan Đình Phùng, Quận Hải Châu, Thành phố Đà Nẵng",60,mua_sam,0.0,0.0,0.0,,,023602363525111,https://www.sieuthidanavimart.com/,0.0,0,0,,2026-05-27 16:38:12,2026-05-27 16:38:12,active,"{""category"": ""shop"", ""detail_url"": ""https://csdl.vietnamtourism.gov.vn/shop/?item=671"", ""email"": ""danavimart46@gmail.com"", ""item_id"": ""671"", ""source"": ""csdl.vietnamtourism.gov.vn""}",
509,Siêu thị Big C Huế,,"174 Bà Triệu, Thuận Hóa, Thành phố Huế, Thành phố Huế",64,mua_sam,0.0,0.0,0.0,,,023402343936888,,0.0,0,0,,2026-05-27 16:38:12,2026-05-27 16:38:12,active,"{""category"": ""shop"", ""detail_url"": ""https://csdl.vietnamtourism.gov.vn/shop/?item=676"", ""email"": """", ""item_id"": ""676"", ""source"": ""csdl.vietnamtourism.gov.vn""}",
510,Vườn sim Bảy Gáo,,"Tổ 3, ấp Suối Mây, Thành phố Phú Quốc, An Giang",1,mua_sam,0.0,0.0,0.0,,,02963847347,,0.0,0,0,,2026-05-27 16:38:12,2026-05-27 16:38:12,active,"{""category"": ""shop"", ""detail_url"": ""https://csdl.vietnamtourism.gov.vn/shop/?item=667"", ""email"": ""cssxruoisimbaygao@gmail.com"", ""item_id"": ""667"", ""source"": ""csdl.vietnamtourism.gov.vn""}",
511,Ngọc trai Robinson Phú Quốc,,"16 Lý Tự Trọng, Phú Quốc, Thành phố Phú Quốc, An Giang",1,mua_sam,0.0,0.0,0.0,,,02960886978889,,0.0,0,0,,2026-05-27 16:38:12,2026-05-27 16:38:12,active,"{""category"": ""shop"", ""detail_url"": ""https://csdl.vietnamtourism.gov.vn/shop/?item=668"", ""email"": """", ""item_id"": ""668"", ""source"": ""csdl.vietnamtourism.gov.vn""}",
512,The Storytree Vietnam,,"2 Lê Lợi, Phú Quốc, Thành phố Phú Quốc, An Giang",1,mua_sam,0.0,0.0,0.0,,,02960764277660,,0.0,0,0,,2026-05-27 16:38:12,2026-05-27 16:38:12,active,"{""category"": ""shop"", ""detail_url"": ""https://csdl.vietnamtourism.gov.vn/shop/?item=669"", ""email"": """", ""item_id"": ""669"", ""source"": ""csdl.vietnamtourism.gov.vn""}",
513,Lotus Jewellery,,"82 Trần Phú, Thành phố Hội An, Quảng Nam",43,mua_sam,0.0,0.0,0.0,,,023502353917889,http://lotusjewellery-hoian.com/our_shop_in_hoi_an.html,0.0,0,0,,2026-05-27 16:38:12,2026-05-27 16:38:12,active,"{""category"": ""shop"", ""detail_url"": ""https://csdl.vietnamtourism.gov.vn/shop/?item=666"", ""email"": ""info@lotusjewellery-hoian.com"", ""item_id"": ""666"", ""source"": ""csdl.vietnamtourism.gov.vn""}",
514,Trung tâm thương mại Thi Phổ Center,,"Thôn Phước Thịnh, Mỏ Cày, Huyện Mộ Đức, Quảng Ngãi",44,mua_sam,0.0,0.0,0.0,,,025502553938939,https://thiphocenter.com/,0.0,0,0,,2026-05-27 16:38:12,2026-05-27 16:38:12,active,"{""category"": ""shop"", ""detail_url"": ""https://csdl.vietnamtourism.gov.vn/shop/?item=661"", ""email"": ""thiphocenter@gmail.com"", ""item_id"": ""661"", ""source"": ""csdl.vietnamtourism.gov.vn""}",
515,Đặc sản hải sản Lý Sơn Quảng Ngãi (Công ty TNHH MTV HT Sea Tour),,"Thôn Tây, An Vĩnh, Huyện Lý Sơn, Quảng Ngãi",44,mua_sam,0.0,0.0,0.0,,,02550985324907,https://haisanlyson.com.vn/,0.0,0,0,,2026-05-27 16:38:12,2026-05-27 16:38:12,active,"{""category"": ""shop"", ""detail_url"": ""https://csdl.vietnamtourism.gov.vn/shop/?item=662"", ""email"": ""sonlyson@gmail.com"", ""item_id"": ""662"", ""source"": ""csdl.vietnamtourism.gov.vn""}",
516,Siêu thị đặc sản Lý Sơn Xanh,,"Thôn Tây, Huyện Lý Sơn, Quảng Ngãi",44,mua_sam,0.0,0.0,0.0,,,02550936780000,,0.0,0,0,,2026-05-27 16:38:12,2026-05-27 16:38:12,active,"{""category"": ""shop"", ""detail_url"": ""https://csdl.vietnamtourism.gov.vn/shop/?item=663"", ""email"": """", ""item_id"": ""663"", ""source"": ""csdl.vietnamtourism.gov.vn""}",
517,Mộc Kim Bồng,,"Thôn Trung Hà, Thành phố Hội An, Quảng Nam",43,mua_sam,0.0,0.0,0.0,,,023502353934282,,0.0,0,0,,2026-05-27 16:38:12,2026-05-27 16:38:12,active,"{""category"": ""shop"", ""detail_url"": ""https://csdl.vietnamtourism.gov.vn/shop/?item=665"", ""email"": """", ""item_id"": ""665"", ""source"": ""csdl.vietnamtourism.gov.vn""}",
518,Cửa hàng hải sản khô Mận Khoa,,"58 Vũ Bảo, Thành phố Qui Nhơn, Gia Lai",18,mua_sam,0.0,0.0,0.0,,,02560971156877,https://quabinhdinh.vn/,0.0,0,0,,2026-05-27 16:38:12,2026-05-27 16:38:12,active,"{""category"": ""shop"", ""detail_url"": ""https://csdl.vietnamtourism.gov.vn/shop/?item=658"", ""email"": ""quabinhdinh.vn@gmail.com"", ""item_id"": ""658"", ""source"": ""csdl.vietnamtourism.gov.vn""}",
519,Đặc sản Bình Định Như Ý,,"156 Nguyễn Huệ, Thành phố Qui Nhơn, Gia Lai",18,mua_sam,0.0,0.0,0.0,,,025602563828379,,0.0,0,0,,2026-05-27 16:38:12,2026-05-27 16:38:12,active,"{""category"": ""shop"", ""detail_url"": ""https://csdl.vietnamtourism.gov.vn/shop/?item=659"", ""email"": """", ""item_id"": ""659"", ""source"": ""csdl.vietnamtourism.gov.vn""}",
520,Siêu thị đặc sản Phương Nghi,,"115 - 117 - 119 Tây Sơn, Thành phố Qui Nhơn, Gia Lai",18,mua_sam,0.0,0.0,0.0,,,025602563891122,,0.0,0,0,,2026-05-27 16:38:12,2026-05-27 16:38:12,active,"{""category"": ""shop"", ""detail_url"": ""https://csdl.vietnamtourism.gov.vn/shop/?item=660"", ""email"": """", ""item_id"": ""660"", ""source"": ""csdl.vietnamtourism.gov.vn""}",
521,"Cơ sở bánh gai, bánh gấc Tuyết Nga",,"Số 57, khu 2, Huyện Ninh Giang, Hải Dương",23,mua_sam,0.0,0.0,0.0,,,02203767282,,0.0,0,0,,2026-05-27 16:38:12,2026-05-27 16:38:12,active,"{""category"": ""shop"", ""detail_url"": ""https://csdl.vietnamtourism.gov.vn/shop/?item=656"", ""email"": """", ""item_id"": ""656"", ""source"": ""csdl.vietnamtourism.gov.vn""}",
522,Khu mua sắm Hoàng Gia,,"Trần Hưng Đạo, Thành phố Cà Mau, Cà Mau",11,mua_sam,0.0,0.0,0.0,,,,,0.0,0,0,,2026-05-27 16:38:12,2026-05-27 16:38:12,active,"{""category"": ""shop"", ""detail_url"": ""https://csdl.vietnamtourism.gov.vn/shop/?item=649"", ""email"": """", ""item_id"": ""649"", ""source"": ""csdl.vietnamtourism.gov.vn""}",
523,Khu thương mại Cửu Long Plaza Cà Mau,,"Quản Lộ - Phụng Hiệp, Thành phố Cà Mau, Cà Mau",11,mua_sam,0.0,0.0,0.0,,,02903575224,,0.0,0,0,,2026-05-27 16:38:12,2026-05-27 16:38:12,active,"{""category"": ""shop"", ""detail_url"": ""https://csdl.vietnamtourism.gov.vn/shop/?item=650"", ""email"": """", ""item_id"": ""650"", ""source"": ""csdl.vietnamtourism.gov.vn""}",
524,Khu kinh tế đêm Phú Thiên Kim,,", Thị xã Đồng Xoài, Bình Phước",9,mua_sam,0.0,0.0,0.0,,,02710962860475,,0.0,0,0,,2026-05-27 16:38:12,2026-05-27 16:38:12,active,"{""category"": ""shop"", ""detail_url"": ""https://csdl.vietnamtourism.gov.vn/shop/?item=653"", ""email"": """", ""item_id"": ""653"", ""source"": ""csdl.vietnamtourism.gov.vn""}",
525,Siêu thị chợ đêm Phước Bình,,", Thị xã Phước Long, Bình Phước",9,mua_sam,0.0,0.0,0.0,,,02710944422707,,0.0,0,0,,2026-05-27 16:38:12,2026-05-27 16:38:12,active,"{""category"": ""shop"", ""detail_url"": ""https://csdl.vietnamtourism.gov.vn/shop/?item=654"", ""email"": """", ""item_id"": ""654"", ""source"": ""csdl.vietnamtourism.gov.vn""}",
526,Siêu Thị Vinatex Bình Phước,,"1029 Phú Riềng Đỏ, Thị xã Đồng Xoài, Bình Phước",9,mua_sam,0.0,0.0,0.0,,,02710983037803,,0.0,0,0,,2026-05-27 16:38:12,2026-05-27 16:38:12,active,"{""category"": ""shop"", ""detail_url"": ""https://csdl.vietnamtourism.gov.vn/shop/?item=655"", ""email"": """", ""item_id"": ""655"", ""source"": ""csdl.vietnamtourism.gov.vn""}",
527,Siêu thị Coop Mart Tháp Mười,,"Vòng xoay Ngã tư Mỹ An, đường Hùng Vương, Tháp Mười, Huyện Tháp Mười",22,mua_sam,0.0,0.0,0.0,,,,,0.0,0,0,,2026-05-27 16:38:12,2026-05-27 16:38:12,active,"{""category"": ""shop"", ""detail_url"": ""https://csdl.vietnamtourism.gov.vn/shop/?item=639"", ""email"": """", ""item_id"": ""639"", ""source"": ""csdl.vietnamtourism.gov.vn""}",
528,Chợ Đêm Cà Mau,,"An Dương Vương, Thành phố Cà Mau, Cà Mau",11,mua_sam,0.0,0.0,0.0,,,,,0.0,0,0,,2026-05-27 16:38:12,2026-05-27 16:38:12,active,"{""category"": ""shop"", ""detail_url"": ""https://csdl.vietnamtourism.gov.vn/shop/?item=648"", ""email"": """", ""item_id"": ""648"", ""source"": ""csdl.vietnamtourism.gov.vn""}",
529,Cửa hàng Quà Đồng Tháp,,"35 Trần Phú, Thành phố Cao Lãnh",17,mua_sam,0.0,0.0,0.0,,,0989881723,,0.0,0,0,,2026-05-27 16:38:12,2026-05-27 16:38:12,active,"{""category"": ""shop"", ""detail_url"": ""https://csdl.vietnamtourism.gov.vn/shop/?item=643"", ""email"": """", ""item_id"": ""643"", ""source"": ""csdl.vietnamtourism.gov.vn""}",
530,Làng nghề nem Lai Vung,,", Lai Vung, Huyện Lai Vung",0,mua_sam,0.0,0.0,0.0,,,,,0.0,0,0,,2026-05-27 16:38:12,2026-05-27 16:38:12,active,"{""category"": ""shop"", ""detail_url"": ""https://csdl.vietnamtourism.gov.vn/shop/?item=646"", ""email"": """", ""item_id"": ""646"", ""source"": ""csdl.vietnamtourism.gov.vn""}",
531,Trung tâm thương mại Vincom Plaza Lê Thánh Tôn - Nha Trang,,"44-46 Lê Thánh Tôn, Thành phố Nha Trang, Khánh Hoà",28,mua_sam,0.0,0.0,0.0,,,025801213841987,https://vincom.com.vn/vi/tttm/vincom-plaza-le-thanh-ton-nha-trang,0.0,0,0,,2026-05-27 16:38:12,2026-05-27 16:38:12,active,"{""category"": ""shop"", ""detail_url"": ""https://csdl.vietnamtourism.gov.vn/shop/?item=521"", ""email"": """", ""item_id"": ""521"", ""source"": ""csdl.vietnamtourism.gov.vn""}",
532,Trung tâm thương mại Vincom Plaza Cam Ranh,,"2067 Đại lộ Hùng Vương, Thành phố Cam Ranh, Khánh Hoà",28,mua_sam,0.0,0.0,0.0,,,02580869570567,https://vincom.com.vn/vi/tttm/vincom-cam-ranh-khanh-hoa,0.0,0,0,,2026-05-27 16:38:12,2026-05-27 16:38:12,active,"{""category"": ""shop"", ""detail_url"": ""https://csdl.vietnamtourism.gov.vn/shop/?item=525"", ""email"": """", ""item_id"": ""525"", ""source"": ""csdl.vietnamtourism.gov.vn""}",
533,Trung tâm Thương mại Vincom Plaza Thái Nguyên - Nha Trang,,"60 Thái Nguyên, Thành phố Nha Trang, Khánh Hoà",51,mua_sam,0.0,0.0,0.0,,,02580905159690,https://vincom.com.vn/vi/tttm/vincom-plaza-thai-nguyen-nha-trang,0.0,0,0,,2026-05-27 16:38:12,2026-05-27 16:38:12,active,"{""category"": ""shop"", ""detail_url"": ""https://csdl.vietnamtourism.gov.vn/shop/?item=520"", ""email"": """", ""item_id"": ""520"", ""source"": ""csdl.vietnamtourism.gov.vn""}",
534,Cửa hàng - Công ty TNHH MTV ATC - Trầm hương Khánh Hòa,,"5C Lý Tự Trọng, Thành phố Nha Trang, Khánh Hoà",28,mua_sam,0.0,0.0,0.0,,,02580905638388,https://tramhuongkhanhhoa.com.vn/,0.0,0,0,,2026-05-27 16:38:12,2026-05-27 16:38:12,active,"{""category"": ""shop"", ""detail_url"": ""https://csdl.vietnamtourism.gov.vn/shop/?item=537"", ""email"": ""act@tramhuongkhanhhoa.com.vn"", ""item_id"": ""537"", ""source"": ""csdl.vietnamtourism.gov.vn""}",
535,Trung tâm thương mại Lotte Mart Nha Trang,,"58 đường 23/10, Thành phố Nha Trang, Khánh Hoà",28,mua_sam,0.0,0.0,0.0,,,02583812522,http://lottemart.com.vn/he-thong/sieu-thi-lotte-mart-nha-trang/,0.0,0,0,,2026-05-27 16:38:12,2026-05-27 16:38:12,active,"{""category"": ""shop"", ""detail_url"": ""https://csdl.vietnamtourism.gov.vn/shop/?item=535"", ""email"": ""info@lotte.vn"", ""item_id"": ""535"", ""source"": ""csdl.vietnamtourism.gov.vn""}",
536,Siêu thị GO! Nha Trang,,"Lô số 4, đường 19/5, khu đô thị Vĩnh Điềm Trung, Thành phố Nha Trang, Khánh Hoà",28,mua_sam,0.0,0.0,0.0,,,025802583894888,https://go-vietnam.vn/,0.0,0,0,,2026-05-27 16:38:12,2026-05-27 16:38:12,active,"{""category"": ""shop"", ""detail_url"": ""https://csdl.vietnamtourism.gov.vn/shop/?item=536"", ""email"": ""dvkh@go-vietnam.vn"", ""item_id"": ""536"", ""source"": ""csdl.vietnamtourism.gov.vn""}",
537,Trung tâm thương mại Nha Trang center,,"Số 20 Trần Phú, Thành phố Nha Trang, Khánh Hoà",28,mua_sam,0.0,0.0,0.0,,,02580983025775,http://www.nhatrangcenter.com/shoppingmall.html,0.0,0,0,,2026-05-27 16:38:12,2026-05-27 16:38:12,active,"{""category"": ""shop"", ""detail_url"": ""https://csdl.vietnamtourism.gov.vn/shop/?item=534"", ""email"": """", ""item_id"": ""534"", ""source"": ""csdl.vietnamtourism.gov.vn""}",
538,Siêu thị Vincom+Phan Rang,,"122 đường 16/4, Đông Hải, Thành phố Phan Rang-Tháp Chàm, Ninh Thuận",39,mua_sam,0.0,0.0,0.0,,,02593828696,https://vincom.com.vn/vi/tttm/vincom-phan-rang-ninh-thuan,0.0,0,0,,2026-05-27 16:38:12,2026-05-27 16:38:12,active,"{""category"": ""shop"", ""detail_url"": ""https://csdl.vietnamtourism.gov.vn/shop/?item=435"", ""email"": """", ""item_id"": ""435"", ""source"": ""csdl.vietnamtourism.gov.vn""}",
539,Chợ đêm Ninh Thuận,,"Đường Trần Quang Diệu, Thành phố Phan Rang-Tháp Chàm, Ninh Thuận",39,mua_sam,0.0,0.0,0.0,,,,,0.0,0,0,,2026-05-27 16:38:12,2026-05-27 16:38:12,active,"{""category"": ""shop"", ""detail_url"": ""https://csdl.vietnamtourism.gov.vn/shop/?item=446"", ""email"": """", ""item_id"": ""446"", ""source"": ""csdl.vietnamtourism.gov.vn""}",
540,"Cửa hàng nho, táo Thái Thuận",,"Thôn Lương Cang 2, Huyện Ninh Sơn, Ninh Thuận",39,mua_sam,0.0,0.0,0.0,,,02596557788,http://nhotaothaithuan.com/,0.0,0,0,,2026-05-27 16:38:12,2026-05-27 16:38:12,active,"{""category"": ""shop"", ""detail_url"": ""https://csdl.vietnamtourism.gov.vn/shop/?item=445"", ""email"": ""nongsanthaithuan@gmail.com"", ""item_id"": ""445"", ""source"": ""csdl.vietnamtourism.gov.vn""}",
541,Cơ sở sản xuất nước mắm Quang Minh,,"QL 1A, Huyện Thuận Nam, Ninh Thuận",39,mua_sam,0.0,0.0,0.0,,,02593761747,https://co-so-sx-nuoc-mam-quang-minh.business.site/,0.0,0,0,,2026-05-27 16:38:12,2026-05-27 16:38:12,active,"{""category"": ""shop"", ""detail_url"": ""https://csdl.vietnamtourism.gov.vn/shop/?item=444"", ""email"": """", ""item_id"": ""444"", ""source"": ""csdl.vietnamtourism.gov.vn""}",
542,Cửa hàng rượu nho nguyên chất Pha Lê,,"06 Lương Ngọc Quyến, Thành phố Phan Rang-Tháp Chàm, Ninh Thuận",39,mua_sam,0.0,0.0,0.0,,,02590912270227,,0.0,0,0,,2026-05-27 16:38:12,2026-05-27 16:38:12,active,"{""category"": ""shop"", ""detail_url"": ""https://csdl.vietnamtourism.gov.vn/shop/?item=443"", ""email"": ""thaihung20101@gmail.com"", ""item_id"": ""443"", ""source"": ""csdl.vietnamtourism.gov.vn""}",
543,Cửa hàng nông sản xanh Thảo Trang,,"Quốc lộ 1A, Long Bình, Phước Dinh, Huyện Ninh Phước, Ninh Thuận",9,mua_sam,0.0,0.0,0.0,,,02590901235357,,0.0,0,0,,2026-05-27 16:38:12,2026-05-27 16:38:12,active,"{""category"": ""shop"", ""detail_url"": ""https://csdl.vietnamtourism.gov.vn/shop/?item=442"", ""email"": ""nongsanninhthuanvg@gmail.com"", ""item_id"": ""442"", ""source"": ""csdl.vietnamtourism.gov.vn""}",
544,Siêu thị Co.opMart Thanh Hà,,"97 Trần Phú, Thành phố Phan Rang-Tháp Chàm, Ninh Thuận",39,mua_sam,0.0,0.0,0.0,,,02593826611,http://www.co-opmart.com.vn,0.0,0,0,,2026-05-27 16:38:12,2026-05-27 16:38:12,active,"{""category"": ""shop"", ""detail_url"": ""https://csdl.vietnamtourism.gov.vn/shop/?item=437"", ""email"": """", ""item_id"": ""437"", ""source"": ""csdl.vietnamtourism.gov.vn""}",
545,Cửa hàng vang nho Viết Nghi,,"88 Hải Thượng Lãn Ông, Thành phố Phan Rang-Tháp Chàm, Ninh Thuận",39,mua_sam,0.0,0.0,0.0,,,02593834996,http://vangvietnghi.com/,0.0,0,0,,2026-05-27 16:38:12,2026-05-27 16:38:12,active,"{""category"": ""shop"", ""detail_url"": ""https://csdl.vietnamtourism.gov.vn/shop/?item=439"", ""email"": ""vangvietnghi@yahoo.com.vn"", ""item_id"": ""439"", ""source"": ""csdl.vietnamtourism.gov.vn""}",
546,Trạm dừng chân Thiên Thảo,,"QL 1A, Huyện Ninh Phước, Ninh Thuận",39,mua_sam,0.0,0.0,0.0,,,,,0.0,0,0,,2026-05-27 16:38:12,2026-05-27 16:38:12,active,"{""category"": ""shop"", ""detail_url"": ""https://csdl.vietnamtourism.gov.vn/shop/?item=449"", ""email"": """", ""item_id"": ""449"", ""source"": ""csdl.vietnamtourism.gov.vn""}",
547,Chợ Phan Rang,,"Đường Thống Nhất, Phan Rang, Thành phố Phan Rang-Tháp Chàm, Ninh Thuận",39,mua_sam,0.0,0.0,0.0,,,,,0.0,0,0,,2026-05-27 16:38:12,2026-05-27 16:38:12,active,"{""category"": ""shop"", ""detail_url"": ""https://csdl.vietnamtourism.gov.vn/shop/?item=448"", ""email"": """", ""item_id"": ""448"", ""source"": ""csdl.vietnamtourism.gov.vn""}",
548,Chợ Đầm Nại,,"92 Đầm Nại, Ninh Chử, Huyện Ninh Hải, Ninh Thuận",39,mua_sam,0.0,0.0,0.0,,,,,0.0,0,0,,2026-05-27 16:38:12,2026-05-27 16:38:12,active,"{""category"": ""shop"", ""detail_url"": ""https://csdl.vietnamtourism.gov.vn/shop/?item=447"", ""email"": """", ""item_id"": ""447"", ""source"": ""csdl.vietnamtourism.gov.vn""}",
549,Siêu thị Lotte Mart Phan Thiết,,"Khu dân cư Hùng Vương 1, Phú Thủy, Thành phố Phan Thiết, Bình Thuận",10,mua_sam,0.0,0.0,0.0,,,02523939616,http://lottemart.com.vn,0.0,0,0,,2026-05-27 16:38:12,2026-05-27 16:38:12,active,"{""category"": ""shop"", ""detail_url"": ""https://csdl.vietnamtourism.gov.vn/shop/?item=44"", ""email"": ""info@lotte.vn"", ""item_id"": ""44"", ""source"": ""csdl.vietnamtourism.gov.vn""}",
550,Doanh nghiệp Tư nhân Ngọc Trai Phan Thiết (Long Beach Pearl),,"96 Nguyễn Đình Chiểu, Mũi Né, Thành phố Phan Thiết, Bình Thuận",10,mua_sam,0.0,0.0,0.0,,,0252374181209,https://longbeachpearl.com,0.0,0,0,,2026-05-27 16:38:12,2026-05-27 16:38:12,active,"{""category"": ""shop"", ""detail_url"": ""https://csdl.vietnamtourism.gov.vn/shop/?item=42"", ""email"": ""cskh@longbeachpearl.com"", ""item_id"": ""42"", ""source"": ""csdl.vietnamtourism.gov.vn""}",
551,Siêu thị Co.opmart Phan Thiết,,"01A Nguyễn Tất Thành, Thành phố Phan Thiết, Bình Thuận",10,mua_sam,0.0,0.0,0.0,,,02523835435,https://www.co-opmart.com.vn,0.0,0,0,,2026-05-27 16:38:12,2026-05-27 16:38:12,active,"{""category"": ""shop"", ""detail_url"": ""https://csdl.vietnamtourism.gov.vn/shop/?item=43"", ""email"": ""chamsockhachhang@coopmart.vn"", ""item_id"": ""43"", ""source"": ""csdl.vietnamtourism.gov.vn""}",
552,Công ty cổ phần nước mắm Phan Thiết PTFISACO,,"65 Nguyễn Thông, Thành phố Phan Thiết, Bình Thuận",10,mua_sam,0.0,0.0,0.0,,,02523812807381,https://www.ptfisaco.com.vn,0.0,0,0,,2026-05-27 16:38:12,2026-05-27 16:38:12,active,"{""category"": ""shop"", ""detail_url"": ""https://csdl.vietnamtourism.gov.vn/shop/?item=41"", ""email"": ""concavang.ptfisaco@gmail.com"", ""item_id"": ""41"", ""source"": ""csdl.vietnamtourism.gov.vn""}",
553,Cơ sở mua sắm FM Style Phan Thiết,,"177-179 Trần Hưng Đạo, Phú Thủy, Thành phố Phan Thiết, Bình Thuận",10,mua_sam,0.0,0.0,0.0,,,02520768010721,http://fmshop.vn/,0.0,0,0,,2026-05-27 16:38:12,2026-05-27 16:38:12,active,"{""category"": ""shop"", ""detail_url"": ""https://csdl.vietnamtourism.gov.vn/shop/?item=40"", ""email"": ""fmstyle177pt@gmail.com"", ""item_id"": ""40"", ""source"": ""csdl.vietnamtourism.gov.vn""}",
554,Cơ sở sản xuất Nước Mắm Hải Thắng,,"CS1: Trường Chinh, Phú Tài-CS2: 2/2 & 188 Nguyễn Thông, P.Phú Hài, Thành phố Phan Thiết, Bình Thuận",10,mua_sam,0.0,0.0,0.0,,,025238114173757,http://www.nuocmamhaithang.com,0.0,0,0,,2026-05-27 16:38:12,2026-05-27 16:38:12,active,"{""category"": ""shop"", ""detail_url"": ""https://csdl.vietnamtourism.gov.vn/shop/?item=39"", ""email"": ""haithangpt@gmail.com"", ""item_id"": ""39"", ""source"": ""csdl.vietnamtourism.gov.vn""}",
555,Siêu thị GO! Đà Lạt,,"Quảng trường trung tâm Đà Lạt, Đường Trần Quốc Toản, Thành phố Đà Lạt, Lâm Đồng",32,mua_sam,0.0,0.0,0.0,,,02633545088,https://go-vietnam.vn/store/go-da-lat-32.html,0.0,0,0,,2026-05-27 16:38:12,2026-05-27 16:38:12,active,"{""category"": ""shop"", ""detail_url"": ""https://csdl.vietnamtourism.gov.vn/shop/?item=425"", ""email"": """", ""item_id"": ""425"", ""source"": ""csdl.vietnamtourism.gov.vn""}",
556,Chợ Âm Phủ,,"Đường Nguyễn Thị Minh Khai, Thành phố Đà Lạt, Lâm Đồng",32,mua_sam,0.0,0.0,0.0,,,,,0.0,0,0,,2026-05-27 16:38:12,2026-05-27 16:38:12,active,"{""category"": ""shop"", ""detail_url"": ""https://csdl.vietnamtourism.gov.vn/shop/?item=426"", ""email"": """", ""item_id"": ""426"", ""source"": ""csdl.vietnamtourism.gov.vn""}",
557,Siêu thị L'angfarm Store,,"1B Hoàng Văn Thụ, Thành phố Đà Lạt, Lâm Đồng",32,mua_sam,0.0,0.0,0.0,,,026319009065,https://www.langfarm.com/,0.0,0,0,,2026-05-27 16:38:12,2026-05-27 16:38:12,active,"{""category"": ""shop"", ""detail_url"": ""https://csdl.vietnamtourism.gov.vn/shop/?item=408"", ""email"": ""info@langfarm.com"", ""item_id"": ""408"", ""source"": ""csdl.vietnamtourism.gov.vn""}",
558,Tranh thêu tay Hữu Hạnh,,"10 Trương Công Định, Thành phố Đà Lạt, Lâm Đồng",32,mua_sam,0.0,0.0,0.0,,,02630934122700,http://tranhtheuhuuhanh.com/,0.0,0,0,,2026-05-27 16:38:12,2026-05-27 16:38:12,active,"{""category"": ""shop"", ""detail_url"": ""https://csdl.vietnamtourism.gov.vn/shop/?item=411"", ""email"": ""vpgc.anc@gmail.com"", ""item_id"": ""411"", ""source"": ""csdl.vietnamtourism.gov.vn""}",
559,Chợ Đà Lạt,,"4 Nguyễn Thị Minh Khai, Thành phố Đà Lạt, Lâm Đồng",32,mua_sam,0.0,0.0,0.0,,,02633822618,,0.0,0,0,,2026-05-27 16:38:12,2026-05-27 16:38:12,active,"{""category"": ""shop"", ""detail_url"": ""https://csdl.vietnamtourism.gov.vn/shop/?item=424"", ""email"": """", ""item_id"": ""424"", ""source"": ""csdl.vietnamtourism.gov.vn""}",
560,Cửa hàng Đồ thêu XQ Đà Lạt Sử Quán,,"80 Mai Anh Đào, Thành phố Đà Lạt, Lâm Đồng",32,mua_sam,0.0,0.0,0.0,,,02633831343,http://xqvietnam.com/,0.0,0,0,,2026-05-27 16:38:12,2026-05-27 16:38:12,active,"{""category"": ""shop"", ""detail_url"": ""https://csdl.vietnamtourism.gov.vn/shop/?item=415"", ""email"": ""contact@XQVietnam.com"", ""item_id"": ""415"", ""source"": ""csdl.vietnamtourism.gov.vn""}",
561,Chợ đêm Pleiku,,"40 Nguyễn Thiện Thuật, Thành phố Pleiku",18,mua_sam,0.0,0.0,0.0,,,,,0.0,0,0,,2026-05-27 16:38:12,2026-05-27 16:38:12,active,"{""category"": ""shop"", ""detail_url"": ""https://csdl.vietnamtourism.gov.vn/shop/?item=356"", ""email"": """", ""item_id"": ""356"", ""source"": ""csdl.vietnamtourism.gov.vn""}",
562,Siêu thị Co.opMart Bảo Lộc,,"Tháp Nước, đường Trần Phú, 2 Bảo Lộc, Thành phố Bảo Lộc, Lâm Đồng",32,mua_sam,0.0,0.0,0.0,,,02633710610,http://www.co-opmart.com.vn,0.0,0,0,,2026-05-27 16:38:12,2026-05-27 16:38:12,active,"{""category"": ""shop"", ""detail_url"": ""https://csdl.vietnamtourism.gov.vn/shop/?item=418"", ""email"": ""cmbaoloc@coopmart.vn"", ""item_id"": ""418"", ""source"": ""csdl.vietnamtourism.gov.vn""}",
563,Trung tâm thương mại Vincom Plaza Kon Tum,,"02 Phan Đình Phùng, Thành phố Kon Tum, Kon Tum",30,mua_sam,0.0,0.0,0.0,,,02600848302610,https://vincom.com.vn/vi/tttm/vincom-plaza-kon-tum,0.0,0,0,,2026-05-27 16:38:12,2026-05-27 16:38:12,active,"{""category"": ""shop"", ""detail_url"": ""https://csdl.vietnamtourism.gov.vn/shop/?item=407"", ""email"": """", ""item_id"": ""407"", ""source"": ""csdl.vietnamtourism.gov.vn""}",
564,Siêu thị Co.opMart Pleiku,,"21 Cách Mạng Tháng 8, Thành phố Pleiku",18,mua_sam,0.0,0.0,0.0,,,,http://www.co-opmart.com.vn/,0.0,0,0,,2026-05-27 16:38:12,2026-05-27 16:38:12,active,"{""category"": ""shop"", ""detail_url"": ""https://csdl.vietnamtourism.gov.vn/shop/?item=359"", ""email"": ""pkmarketing@coopmart.vn"", ""item_id"": ""359"", ""source"": ""csdl.vietnamtourism.gov.vn""}",
565,Siêu thị Co.op Mart Chư Sê,,"912 Hùng Vương, Tổ Dân Phố 4, Chư Sê, Huyện Chư Sê",0,mua_sam,0.0,0.0,0.0,,,,http://www.co-opmart.com.vn/,0.0,0,0,,2026-05-27 16:38:12,2026-05-27 16:38:12,active,"{""category"": ""shop"", ""detail_url"": ""https://csdl.vietnamtourism.gov.vn/shop/?item=357"", ""email"": ""cmchuse-mkt@coopmart.vn"", ""item_id"": ""357"", ""source"": ""csdl.vietnamtourism.gov.vn""}",
566,Trung tâm thương mại Intimex,,"31 Nguyễn Tất Thành, Thành phố Buôn Ma Thuột, Đắc Lắk",22,mua_sam,0.0,0.0,0.0,,,02623959599,http://intimexhcm.com/index.php?vn/about/branch/4504,0.0,0,0,,2026-05-27 16:38:12,2026-05-27 16:38:12,active,"{""category"": ""shop"", ""detail_url"": ""https://csdl.vietnamtourism.gov.vn/shop/?item=310"", ""email"": ""cskh@intimexplaza.com.vn"", ""item_id"": ""310"", ""source"": ""csdl.vietnamtourism.gov.vn""}",
567,Siêu thị Co.opMart Buôn Ma Thuột,,"71 Nguyễn Tất Thành, Thành phố Buôn Ma Thuột, Đắc Lắk",22,mua_sam,0.0,0.0,0.0,,,02623957988,http://www.co-opmart.com.vn/,0.0,0,0,,2026-05-27 16:38:12,2026-05-27 16:38:12,active,"{""category"": ""shop"", ""detail_url"": ""https://csdl.vietnamtourism.gov.vn/shop/?item=311"", ""email"": ""bmtmarketing@coopmart.vn"", ""item_id"": ""311"", ""source"": ""csdl.vietnamtourism.gov.vn""}",
568,Chợ trung tâm Buôn Ma Thuột,,"Nguyễn Công Trứ, Thành phố Buôn Ma Thuột, Đắc Lắk",0,mua_sam,0.0,0.0,0.0,,,,,0.0,0,0,,2026-05-27 16:38:12,2026-05-27 16:38:12,active,"{""category"": ""shop"", ""detail_url"": ""https://csdl.vietnamtourism.gov.vn/shop/?item=312"", ""email"": """", ""item_id"": ""312"", ""source"": ""csdl.vietnamtourism.gov.vn""}",
569,Trung tâm thương mại Vincom Buôn Ma Thuột,,"Số 78 Lý Thường Kiệt, Buôn Ma Thuột, Thành phố Buôn Ma Thuột, Đắc Lắk",0,mua_sam,0.0,0.0,0.0,,,02623898988,https://vincom.com.vn/vi/tttm/vincom-plaza-buon-ma-thuot-dak-lak,0.0,0,0,,2026-05-27 16:38:12,2026-05-27 16:38:12,active,"{""category"": ""shop"", ""detail_url"": ""https://csdl.vietnamtourism.gov.vn/shop/?item=313"", ""email"": """", ""item_id"": ""313"", ""source"": ""csdl.vietnamtourism.gov.vn""}",
570,Siêu thị MM Mega Market Buôn Ma Thuột,,"Tổ dân phố 5, đường Đồng Khởi, Thành phố Buôn Ma Thuột, Đắc Lắk",0,mua_sam,0.0,0.0,0.0,,,02620979840931,https://online.mmvietnam.com/store/mm-buon-ma-thuot/,0.0,0,0,,2026-05-27 16:38:12,2026-05-27 16:38:12,active,"{""category"": ""shop"", ""detail_url"": ""https://csdl.vietnamtourism.gov.vn/shop/?item=314"", ""email"": """", ""item_id"": ""314"", ""source"": ""csdl.vietnamtourism.gov.vn""}",
571,Cửa hàng Quà Tặng - Lưu Niệm - Đặc sản Tây Nguyên Minh Tùng,,"83 Nguyễn Văn Cừ, Thành phố Buôn Ma Thuột, Đắc Lắk",0,mua_sam,0.0,0.0,0.0,,,02623957376,http://dacsantaynguyenminhtung.com/qua-tang-luu-niem-tay-nguyen-1,0.0,0,0,,2026-05-27 16:38:12,2026-05-27 16:38:12,active,"{""category"": ""shop"", ""detail_url"": ""https://csdl.vietnamtourism.gov.vn/shop/?item=316"", ""email"": """", ""item_id"": ""316"", ""source"": ""csdl.vietnamtourism.gov.vn""}",
572,Landmark 72,,"Lô E6, đường Phạm Hùng, Quận Nam Từ Liêm, Thành phố Hà Nội",21,mua_sam,0.0,0.0,0.0,,,02437723801,http://www.landmark72.com,0.0,0,0,,2026-05-27 16:38:12,2026-05-27 16:38:12,active,"{""category"": ""shop"", ""detail_url"": ""https://csdl.vietnamtourism.gov.vn/shop/?item=638"", ""email"": """", ""item_id"": ""638"", ""source"": ""csdl.vietnamtourism.gov.vn""}",
573,Rượu cần Y Miên,,"539 Nguyễn Văn Cừ, Tân Lập, Thành phố Buôn Ma Thuột, Đắc Lắk",0,mua_sam,0.0,0.0,0.0,,,02620982683627,https://www.ymien.com/,0.0,0,0,,2026-05-27 16:38:12,2026-05-27 16:38:12,active,"{""category"": ""shop"", ""detail_url"": ""https://csdl.vietnamtourism.gov.vn/shop/?item=272"", ""email"": """", ""item_id"": ""272"", ""source"": ""csdl.vietnamtourism.gov.vn""}",
574,Siêu thị Co.opmart Đắk Nông,,"Đường Huỳnh Thúc Kháng, Tổ dân phố 1, Thị xã Gia Nghĩa, Đắc Nông",14,mua_sam,0.0,0.0,0.0,,,02613555552,http://www.co-opmart.com.vn/,0.0,0,0,,2026-05-27 16:38:12,2026-05-27 16:38:12,active,"{""category"": ""shop"", ""detail_url"": ""https://csdl.vietnamtourism.gov.vn/shop/?item=317"", ""email"": """", ""item_id"": ""317"", ""source"": ""csdl.vietnamtourism.gov.vn""}",
575,Chợ Nhân Cơ,,"Nguyễn Tất Thành, Nhân Cơ, Huyện Đắk R'Lấp, Đắc Nông",22,mua_sam,0.0,0.0,0.0,,,,,0.0,0,0,,2026-05-27 16:38:12,2026-05-27 16:38:12,active,"{""category"": ""shop"", ""detail_url"": ""https://csdl.vietnamtourism.gov.vn/shop/?item=318"", ""email"": """", ""item_id"": ""318"", ""source"": ""csdl.vietnamtourism.gov.vn""}",
576,Nhà sách-Siêu thị Văn hóa Pleiku,,"06 Lê Lợi, Thành phố Pleiku",18,mua_sam,0.0,0.0,0.0,,,,,0.0,0,0,,2026-05-27 16:38:12,2026-05-27 16:38:12,active,"{""category"": ""shop"", ""detail_url"": ""https://csdl.vietnamtourism.gov.vn/shop/?item=355"", ""email"": """", ""item_id"": ""355"", ""source"": ""csdl.vietnamtourism.gov.vn""}",
577,Chợ đêm Đồng Xuân,,"Phố Đồng Xuân, Quận Hoàn Kiếm, Thành phố Hà Nội",21,mua_sam,0.0,0.0,0.0,,,,,0.0,0,0,,2026-05-27 16:38:12,2026-05-27 16:38:12,active,"{""category"": ""shop"", ""detail_url"": ""https://csdl.vietnamtourism.gov.vn/shop/?item=637"", ""email"": """", ""item_id"": ""637"", ""source"": ""csdl.vietnamtourism.gov.vn""}",
578,Chợ đêm phố cổ Hà Nội,,"Phố Hàng Ngang, Hàng Đào, Quận Hoàn Kiếm, Thành phố Hà Nội",21,mua_sam,0.0,0.0,0.0,,,,,0.0,0,0,,2026-05-27 16:38:12,2026-05-27 16:38:12,active,"{""category"": ""shop"", ""detail_url"": ""https://csdl.vietnamtourism.gov.vn/shop/?item=636"", ""email"": """", ""item_id"": ""636"", ""source"": ""csdl.vietnamtourism.gov.vn""}",
579,Trung tâm thương mại Soiva Vĩnh Phúc,,"đường Mê Linh, Thành phố Vĩnh Yên, Vĩnh Phúc",57,mua_sam,0.0,0.0,0.0,,,02113711882,,0.0,0,0,,2026-05-27 16:38:12,2026-05-27 16:38:12,active,"{""category"": ""shop"", ""detail_url"": ""https://csdl.vietnamtourism.gov.vn/shop/?item=635"", ""email"": """", ""item_id"": ""635"", ""source"": ""csdl.vietnamtourism.gov.vn""}",
580,Ivy Moda Vĩnh Phúc,,"189 Mê Linh, Thành phố Vĩnh Yên, Vĩnh Phúc",57,mua_sam,0.0,0.0,0.0,,,02113726333,https://ivymoda.com/,0.0,0,0,,2026-05-27 16:38:12,2026-05-27 16:38:12,active,"{""category"": ""shop"", ""detail_url"": ""https://csdl.vietnamtourism.gov.vn/shop/?item=634"", ""email"": """", ""item_id"": ""634"", ""source"": ""csdl.vietnamtourism.gov.vn""}",
581,Siêu thị điện máy HC Vĩnh Phúc,,"Ngã 5 Nguyễn Tất Thành, Thành phố Vĩnh Yên, Vĩnh Phúc",57,mua_sam,0.0,0.0,0.0,,,02113726818,http://hc.com.vn/,0.0,0,0,,2026-05-27 16:38:12,2026-05-27 16:38:12,active,"{""category"": ""shop"", ""detail_url"": ""https://csdl.vietnamtourism.gov.vn/shop/?item=633"", ""email"": """", ""item_id"": ""633"", ""source"": ""csdl.vietnamtourism.gov.vn""}",
582,Siêu thị MediaMart Vĩnh Phúc,,"Số 5 Nguyễn Tất Thành, Vĩnh Yên, Thành phố Vĩnh Yên, Vĩnh Phúc",57,mua_sam,0.0,0.0,0.0,,,02113539999,,0.0,0,0,,2026-05-27 16:38:12,2026-05-27 16:38:12,active,"{""category"": ""shop"", ""detail_url"": ""https://csdl.vietnamtourism.gov.vn/shop/?item=632"", ""email"": """", ""item_id"": ""632"", ""source"": ""csdl.vietnamtourism.gov.vn""}",
583,Trung tâm thương mại tổng hợp tranh đá quý Dũng Tân,,"Quốc lộ 3, TDP Khuynh Thạch, Thành phố Sông Công, Thái Nguyên",51,mua_sam,0.0,0.0,0.0,,,02083761881,,0.0,0,0,,2026-05-27 16:38:12,2026-05-27 16:38:12,active,"{""category"": ""shop"", ""detail_url"": ""https://csdl.vietnamtourism.gov.vn/shop/?item=631"", ""email"": """", ""item_id"": ""631"", ""source"": ""csdl.vietnamtourism.gov.vn""}",
584,Tương nếp Úc Kỳ,,"Xóm nam 1, Huyện Phú Bình, Thái Nguyên",51,mua_sam,0.0,0.0,0.0,,,0208669439,,0.0,0,0,,2026-05-27 16:38:12,2026-05-27 16:38:12,active,"{""category"": ""shop"", ""detail_url"": ""https://csdl.vietnamtourism.gov.vn/shop/?item=630"", ""email"": """", ""item_id"": ""630"", ""source"": ""csdl.vietnamtourism.gov.vn""}",
585,Rượu Hồ Lan,,"259, đường Quang Trung, tổ 12, Thành phố Thái Nguyên, Thái Nguyên",51,mua_sam,0.0,0.0,0.0,,,0208326222,,0.0,0,0,,2026-05-27 16:38:12,2026-05-27 16:38:12,active,"{""category"": ""shop"", ""detail_url"": ""https://csdl.vietnamtourism.gov.vn/shop/?item=629"", ""email"": """", ""item_id"": ""629"", ""source"": ""csdl.vietnamtourism.gov.vn""}",
586,Trái cây nhập khẩu EUS FRUIT,,"593 Lê Quý Đôn, Trần Lãm, Thành phố Thái Bình, Thái Bình",50,mua_sam,0.0,0.0,0.0,,,02277203888,https://www.eusfruit.vn,0.0,0,0,,2026-05-27 16:38:12,2026-05-27 16:38:12,active,"{""category"": ""shop"", ""detail_url"": ""https://csdl.vietnamtourism.gov.vn/shop/?item=628"", ""email"": """", ""item_id"": ""628"", ""source"": ""csdl.vietnamtourism.gov.vn""}",
587,Siêu thị hàng tiêu dùng Nhật Minh,,"192 Hai Bà Trưng, Thành phố Thái Bình, Thái Bình",50,mua_sam,0.0,0.0,0.0,,,02273888888,,0.0,0,0,,2026-05-27 16:38:12,2026-05-27 16:38:12,active,"{""category"": ""shop"", ""detail_url"": ""https://csdl.vietnamtourism.gov.vn/shop/?item=627"", ""email"": ""tttmnhatminh@gmail.com"", ""item_id"": ""627"", ""source"": ""csdl.vietnamtourism.gov.vn""}",
588,Siêu thị DOFA,,"102 Trần Hưng Đạo, Trần Hưng Đạo, Thành phố Thái Bình, Thái Bình",50,mua_sam,0.0,0.0,0.0,,,02270973282666,,0.0,0,0,,2026-05-27 16:38:12,2026-05-27 16:38:12,active,"{""category"": ""shop"", ""detail_url"": ""https://csdl.vietnamtourism.gov.vn/shop/?item=626"", ""email"": """", ""item_id"": ""626"", ""source"": ""csdl.vietnamtourism.gov.vn""}",
589,Siêu thị đặc sản Hòa Yên,,"307 Lê Duẩn, Thành phố Tuy Hoà, Phú Yên",41,mua_sam,0.0,0.0,0.0,,,02570916492394,https://www.dacsanhoayen.com/,0.0,0,0,,2026-05-27 16:38:12,2026-05-27 16:38:12,active,"{""category"": ""shop"", ""detail_url"": ""https://csdl.vietnamtourism.gov.vn/shop/?item=471"", ""email"": ""dacsanphuyen.hy@gmail.com"", ""item_id"": ""471"", ""source"": ""csdl.vietnamtourism.gov.vn""}",
590,Cửa hàng Yến Sào A Đồng,,"437 Trần Hưng Đạo, Thành phố Tuy Hoà, Phú Yên",41,mua_sam,0.0,0.0,0.0,,,02570903505047,https://www.yensaoadong.com/,0.0,0,0,,2026-05-27 16:38:12,2026-05-27 16:38:12,active,"{""category"": ""shop"", ""detail_url"": ""https://csdl.vietnamtourism.gov.vn/shop/?item=482"", ""email"": ""sale@yensaoadong.com"", ""item_id"": ""482"", ""source"": ""csdl.vietnamtourism.gov.vn""}",
591,Chợ Tuy Hòa,,"Ngã tư Trần Hưng Đạo và Lương Văn Chánh, Thành phố Tuy Hoà, Phú Yên",41,mua_sam,0.0,0.0,0.0,,,02570919119119,,0.0,0,0,,2026-05-27 16:38:12,2026-05-27 16:38:12,active,"{""category"": ""shop"", ""detail_url"": ""https://csdl.vietnamtourism.gov.vn/shop/?item=472"", ""email"": """", ""item_id"": ""472"", ""source"": ""csdl.vietnamtourism.gov.vn""}",
592,Trung tâm thương mại Vincom Phú Yên,,"Góc Đông Bắc ngã tư đường Hùng Vương và Trần Phú, Thành phố Tuy Hoà, Phú Yên",41,mua_sam,0.0,0.0,0.0,,,02573888868,https://vincom.com.vn/vi/tttm/vincom-plaza-tuy-hoa/vincom-plaza-tuy-hoa,0.0,0,0,,2026-05-27 16:38:12,2026-05-27 16:38:12,active,"{""category"": ""shop"", ""detail_url"": ""https://csdl.vietnamtourism.gov.vn/shop/?item=476"", ""email"": """", ""item_id"": ""476"", ""source"": ""csdl.vietnamtourism.gov.vn""}",
593,Siêu thị Co.opMart Tuy Hoà,,"Ô Phố B8 Khu Dân Dụng Duy Tân, đường Duy Tân, Thành phố Tuy Hoà, Phú Yên",41,mua_sam,0.0,0.0,0.0,,,02573818171,http://www.co-opmart.com.vn/,0.0,0,0,,2026-05-27 16:38:12,2026-05-27 16:38:12,active,"{""category"": ""shop"", ""detail_url"": ""https://csdl.vietnamtourism.gov.vn/shop/?item=475"", ""email"": """", ""item_id"": ""475"", ""source"": ""csdl.vietnamtourism.gov.vn""}",
594,Chợ đêm Sầm Sơn,,"Đường Nguyễn Du, Thành phố Sầm Sơn, Thanh Hoá",52,mua_sam,0.0,0.0,0.0,,,,,0.0,0,0,,2026-05-27 16:38:12,2026-05-27 16:38:12,active,"{""category"": ""shop"", ""detail_url"": ""https://csdl.vietnamtourism.gov.vn/shop/?item=579"", ""email"": """", ""item_id"": ""579"", ""source"": ""csdl.vietnamtourism.gov.vn""}",
595,Chợ hải sản Cô Giang,,"40 Cô Bắc, Thành phố Vũng Tàu, Bà Rịa - Vũng Tàu",62,mua_sam,0.0,0.0,0.0,,,,,0.0,0,0,,2026-05-27 16:38:12,2026-05-27 16:38:12,active,"{""category"": ""shop"", ""detail_url"": ""https://csdl.vietnamtourism.gov.vn/shop/?item=705"", ""email"": """", ""item_id"": ""705"", ""source"": ""csdl.vietnamtourism.gov.vn""}",
596,Vựa hải sản Thành Phát,,"334 Trần Phú, Thành phố Vũng Tàu, Bà Rịa - Vũng Tàu",62,mua_sam,0.0,0.0,0.0,,,02543550595,,0.0,0,0,,2026-05-27 16:38:12,2026-05-27 16:38:12,active,"{""category"": ""shop"", ""detail_url"": ""https://csdl.vietnamtourism.gov.vn/shop/?item=707"", ""email"": """", ""item_id"": ""707"", ""source"": ""csdl.vietnamtourism.gov.vn""}",
597,Ốc Tự Nhiên,,"32 Lê Quý Đôn, Vũng Tàu, Thành phố Vũng Tàu, Bà Rịa - Vũng Tàu",62,mua_sam,0.0,0.0,0.0,,,02540903376468,,0.0,0,0,,2026-05-27 16:38:12,2026-05-27 16:38:12,active,"{""category"": ""shop"", ""detail_url"": ""https://csdl.vietnamtourism.gov.vn/shop/?item=708"", ""email"": """", ""item_id"": ""708"", ""source"": ""csdl.vietnamtourism.gov.vn""}",
598,Chợ mới,,"Đường 30 tháng tư, Thành phố Vũng Tàu, Bà Rịa - Vũng Tàu",62,mua_sam,0.0,0.0,0.0,,,02546071118,,0.0,0,0,,2026-05-27 16:38:12,2026-05-27 16:38:12,active,"{""category"": ""shop"", ""detail_url"": ""https://csdl.vietnamtourism.gov.vn/shop/?item=712"", ""email"": """", ""item_id"": ""712"", ""source"": ""csdl.vietnamtourism.gov.vn""}",
599,Sơn mài mỹ nghệ Thùy Dương,,"Ngã ba Lê Lợi, Vũng Tàu, Thành phố Vũng Tàu, Bà Rịa - Vũng Tàu",62,mua_sam,0.0,0.0,0.0,,,,,0.0,0,0,,2026-05-27 16:38:12,2026-05-27 16:38:12,active,"{""category"": ""shop"", ""detail_url"": ""https://csdl.vietnamtourism.gov.vn/shop/?item=702"", ""email"": """", ""item_id"": ""702"", ""source"": ""csdl.vietnamtourism.gov.vn""}",
600,Co-op Mart Hồng Ngự,,"Khu nhà cao ốc KII, Hồng Ngự, Thị xã Hồng Ngự",22,mua_sam,0.0,0.0,0.0,,,,,0.0,0,0,,2026-05-27 16:38:12,2026-05-27 16:38:12,active,"{""category"": ""shop"", ""detail_url"": ""https://csdl.vietnamtourism.gov.vn/shop/?item=640"", ""email"": """", ""item_id"": ""640"", ""source"": ""csdl.vietnamtourism.gov.vn""}",
601,Công viên Văn Miếu,,", Thành phố Cao Lãnh",17,giai_tri,0.0,0.0,0.0,,,,,0.0,0,0,,2026-05-27 16:38:12,2026-05-27 16:38:12,active,"{""category"": ""vcgt"", ""detail_url"": ""https://csdl.vietnamtourism.gov.vn/vcgt/?item=5"", ""email"": """", ""item_id"": ""5"", ""source"": ""csdl.vietnamtourism.gov.vn""}",
602,Cà phê Đại Lộc,,"Số 96 đường Lê Lợi, Thành phố Long Xuyên",1,giai_tri,0.0,0.0,0.0,,,0939900519,,0.0,0,0,,2026-05-27 16:38:12,2026-05-27 16:38:12,active,"{""category"": ""vcgt"", ""detail_url"": ""https://csdl.vietnamtourism.gov.vn/vcgt/?item=8"", ""email"": """", ""item_id"": ""8"", ""source"": ""csdl.vietnamtourism.gov.vn""}",
603,Bảo tàng Quang Trung,,"Làng Kiên Mỹ, Tây Sơn, Huyện Tây Sơn, Gia Lai",18,giai_tri,0.0,0.0,0.0,,,02563880780,,0.0,0,0,,2026-05-27 16:38:12,2026-05-27 16:38:12,active,"{""category"": ""vcgt"", ""detail_url"": ""https://csdl.vietnamtourism.gov.vn/vcgt/?item=11"", ""email"": ""baotangquangtrung@gmail.com"", ""item_id"": ""11"", ""source"": ""csdl.vietnamtourism.gov.vn""}",
604,Bảo tàng Hải Phòng,,"Số 11 Đinh Tiên Hoàng, Hồng Bàng, Quận Hồng Bàng, Thành phố Hải Phòng",24,giai_tri,0.0,0.0,0.0,,,02253823451,,0.0,0,0,,2026-05-27 16:38:12,2026-05-27 16:38:12,active,"{""category"": ""vcgt"", ""detail_url"": ""https://csdl.vietnamtourism.gov.vn/vcgt/?item=14"", ""email"": """", ""item_id"": ""14"", ""source"": ""csdl.vietnamtourism.gov.vn""}",
605,FLC Zoo Safari Park,,"Khu số 4, Khu du lịch biển Nhơn Lý, Thành phố Qui Nhơn, Gia Lai",18,giai_tri,0.0,0.0,0.0,,,02563701195,,0.0,0,0,,2026-05-27 16:38:12,2026-05-27 16:38:12,active,"{""category"": ""vcgt"", ""detail_url"": ""https://csdl.vietnamtourism.gov.vn/vcgt/?item=20"", ""email"": ""kinhdoanh@flcfaros.vn"", ""item_id"": ""20"", ""source"": ""csdl.vietnamtourism.gov.vn""}",
606,Quảng trường nhạc nước Quy Nhơn,,"Đường biển Xuân Diệu, Thành phố Qui Nhơn, Gia Lai",18,giai_tri,0.0,0.0,0.0,,,,,0.0,0,0,,2026-05-27 16:38:12,2026-05-27 16:38:12,active,"{""category"": ""vcgt"", ""detail_url"": ""https://csdl.vietnamtourism.gov.vn/vcgt/?item=26"", ""email"": """", ""item_id"": ""26"", ""source"": ""csdl.vietnamtourism.gov.vn""}",
607,Công viên Đồi Dương,,"Bãi biển Đồi Dương, Thành phố Phan Thiết, Bình Thuận",10,giai_tri,0.0,0.0,0.0,,,02523846131,,0.0,0,0,,2026-05-27 16:38:12,2026-05-27 16:38:12,active,"{""category"": ""vcgt"", ""detail_url"": ""https://csdl.vietnamtourism.gov.vn/vcgt/?item=27"", ""email"": ""doiduongbeach@gmail.com"", ""item_id"": ""27"", ""source"": ""csdl.vietnamtourism.gov.vn""}",
608,Công viên Võ Văn Kiệt,,"Đại lộ Võ Văn Kiệt, Phú Thủy, Thành phố Phan Thiết, Bình Thuận",10,giai_tri,0.0,0.0,0.0,,,,,0.0,0,0,,2026-05-27 16:38:12,2026-05-27 16:38:12,active,"{""category"": ""vcgt"", ""detail_url"": ""https://csdl.vietnamtourism.gov.vn/vcgt/?item=30"", ""email"": ""cvvovankiet@gmail.com"", ""item_id"": ""30"", ""source"": ""csdl.vietnamtourism.gov.vn""}",
609,Lâu đài rượu vang,,"Km9, đường Nguyễn Thông, Thành phố Phan Thiết, Bình Thuận",10,giai_tri,0.0,0.0,0.0,,,02526516779,,0.0,0,0,,2026-05-27 16:38:12,2026-05-27 16:38:12,active,"{""category"": ""vcgt"", ""detail_url"": ""https://csdl.vietnamtourism.gov.vn/vcgt/?item=33"", ""email"": ""sealinkscity@gmail.com"", ""item_id"": ""33"", ""source"": ""csdl.vietnamtourism.gov.vn""}",
610,Cà phê Đồng Quê,,"51 rạch Cái Sơn, Thành phố Long Xuyên",1,giai_tri,0.0,0.0,0.0,,,0939069338,,0.0,0,0,,2026-05-27 16:38:12,2026-05-27 16:38:12,active,"{""category"": ""vcgt"", ""detail_url"": ""https://csdl.vietnamtourism.gov.vn/vcgt/?item=36"", ""email"": ""countrycoffee2015@gmail.com"", ""item_id"": ""36"", ""source"": ""csdl.vietnamtourism.gov.vn""}",
611,Công viên 29 tháng 3,,"Đường Điện Biên Phủ, Quận Thanh Khê, Thành phố Đà Nẵng",15,giai_tri,0.0,0.0,0.0,,,,,0.0,0,0,,2026-05-27 16:38:12,2026-05-27 16:38:12,active,"{""category"": ""vcgt"", ""detail_url"": ""https://csdl.vietnamtourism.gov.vn/vcgt/?item=39"", ""email"": """", ""item_id"": ""39"", ""source"": ""csdl.vietnamtourism.gov.vn""}",
612,Công viên Biển Đông,,"Đường Võ Nguyên Giáp, An Hải, Quận Sơn Trà, Thành phố Đà Nẵng",60,giai_tri,0.0,0.0,0.0,,,,,0.0,0,0,,2026-05-27 16:38:12,2026-05-27 16:38:12,active,"{""category"": ""vcgt"", ""detail_url"": ""https://csdl.vietnamtourism.gov.vn/vcgt/?item=42"", ""email"": """", ""item_id"": ""42"", ""source"": ""csdl.vietnamtourism.gov.vn""}",
613,Công viên Vườn tượng APEC,,"Nằm ở giao lộ đường Bạch Đằng và đường 2/9, Quận Hải Châu, Thành phố Đà Nẵng",60,giai_tri,0.0,0.0,0.0,,,,,0.0,0,0,,2026-05-27 16:38:12,2026-05-27 16:38:12,active,"{""category"": ""vcgt"", ""detail_url"": ""https://csdl.vietnamtourism.gov.vn/vcgt/?item=45"", ""email"": """", ""item_id"": ""45"", ""source"": ""csdl.vietnamtourism.gov.vn""}",
614,Đường sách cà phê Buôn Ma Thuột,,"Hẻm số 2 đường Phan Chu Trinh kéo ra đến đường Nguyễn Tất Thành, Buôn Ma Thuột, Thành phố Buôn Ma Thuột, Đắc Lắk",22,giai_tri,0.0,0.0,0.0,,,,,0.0,0,0,,2026-05-27 16:38:12,2026-05-27 16:38:12,active,"{""category"": ""vcgt"", ""detail_url"": ""https://csdl.vietnamtourism.gov.vn/vcgt/?item=48"", ""email"": """", ""item_id"": ""48"", ""source"": ""csdl.vietnamtourism.gov.vn""}",
615,Khu du lịch Suối Ong,,"568 Võ Văn Kiệt, Thành Nhất, Thành phố Buôn Ma Thuột, Đắc Lắk",22,giai_tri,0.0,0.0,0.0,,,0388234249,,0.0,0,0,,2026-05-27 16:38:12,2026-05-27 16:38:12,active,"{""category"": ""vcgt"", ""detail_url"": ""https://csdl.vietnamtourism.gov.vn/vcgt/?item=51"", ""email"": ""dulichsuoiong@gmail.com"", ""item_id"": ""51"", ""source"": ""csdl.vietnamtourism.gov.vn""}",
616,Quảng trường 10-3,,"Đường Lý Nam Đế, Buôn Ma Thuột, Thành phố Buôn Ma Thuột, Đắc Lắk",0,giai_tri,0.0,0.0,0.0,,,,,0.0,0,0,,2026-05-27 16:38:12,2026-05-27 16:38:12,active,"{""category"": ""vcgt"", ""detail_url"": ""https://csdl.vietnamtourism.gov.vn/vcgt/?item=54"", ""email"": """", ""item_id"": ""54"", ""source"": ""csdl.vietnamtourism.gov.vn""}",
617,Hồ Ea Snô,,"nằm trên địa phận xã Đắk Rồ, Huyện Krông Nô, Đắc Nông",22,giai_tri,0.0,0.0,0.0,,,,,0.0,0,0,,2026-05-27 16:38:12,2026-05-27 16:38:12,active,"{""category"": ""vcgt"", ""detail_url"": ""https://csdl.vietnamtourism.gov.vn/vcgt/?item=57"", ""email"": """", ""item_id"": ""57"", ""source"": ""csdl.vietnamtourism.gov.vn""}",
618,Khu du lịch hồ Doãn Văn,,"Thôn Doãn Văn, Huyện Tuy Đức, Đắc Nông",0,giai_tri,0.0,0.0,0.0,,,,,0.0,0,0,,2026-05-27 16:38:12,2026-05-27 16:38:12,active,"{""category"": ""vcgt"", ""detail_url"": ""https://csdl.vietnamtourism.gov.vn/vcgt/?item=60"", ""email"": """", ""item_id"": ""60"", ""source"": ""csdl.vietnamtourism.gov.vn""}",
619,Suối khoáng nóng Đak Mol,,"Thôn Đắk Sơn 1, Đắk Song, Huyện Đắk Song, Đắc Nông",0,giai_tri,0.0,0.0,0.0,,,,,0.0,0,0,,2026-05-27 16:38:12,2026-05-27 16:38:12,active,"{""category"": ""vcgt"", ""detail_url"": ""https://csdl.vietnamtourism.gov.vn/vcgt/?item=63"", ""email"": """", ""item_id"": ""63"", ""source"": ""csdl.vietnamtourism.gov.vn""}",
620,Khu du lịch sinh thái Xuân Thủy,,"hẻm 479, đường Lý Thái Tổ, Thành phố Pleiku",18,giai_tri,0.0,0.0,0.0,,,,,0.0,0,0,,2026-05-27 16:38:12,2026-05-27 16:38:12,active,"{""category"": ""vcgt"", ""detail_url"": ""https://csdl.vietnamtourism.gov.vn/vcgt/?item=66"", ""email"": """", ""item_id"": ""66"", ""source"": ""csdl.vietnamtourism.gov.vn""}",
621,Quảng trường Đại Đoàn Kết,,"142 Lê Lợi, Thành phố Pleiku",18,giai_tri,0.0,0.0,0.0,,,,,0.0,0,0,,2026-05-27 16:38:12,2026-05-27 16:38:12,active,"{""category"": ""vcgt"", ""detail_url"": ""https://csdl.vietnamtourism.gov.vn/vcgt/?item=69"", ""email"": """", ""item_id"": ""69"", ""source"": ""csdl.vietnamtourism.gov.vn""}",
622,Starlight Cinema,,"Tầng 5, tòa nhà Kim Center, 53 Quang Trung, Thành phố Pleiku",18,giai_tri,0.0,0.0,0.0,,,,,0.0,0,0,,2026-05-27 16:38:12,2026-05-27 16:38:12,active,"{""category"": ""vcgt"", ""detail_url"": ""https://csdl.vietnamtourism.gov.vn/vcgt/?item=72"", ""email"": """", ""item_id"": ""72"", ""source"": ""csdl.vietnamtourism.gov.vn""}",
623,Nhà vườn Đức Đường,,"Thôn Nam Sơn, Huyện Nghi Xuân, Hà Tĩnh",22,giai_tri,0.0,0.0,0.0,,,0913309376,,0.0,0,0,,2026-05-27 16:38:12,2026-05-27 16:38:12,active,"{""category"": ""vcgt"", ""detail_url"": ""https://csdl.vietnamtourism.gov.vn/vcgt/?item=75"", ""email"": ""ducduong.nxn@gmail.com"", ""item_id"": ""75"", ""source"": ""csdl.vietnamtourism.gov.vn""}",
624,Nông trại hoa hồng,,"Thôn Tân Sơn, Huyện Thạch Hà, Hà Tĩnh",22,giai_tri,0.0,0.0,0.0,,,0977159617,,0.0,0,0,,2026-05-27 16:38:12,2026-05-27 16:38:12,active,"{""category"": ""vcgt"", ""detail_url"": ""https://csdl.vietnamtourism.gov.vn/vcgt/?item=78"", ""email"": """", ""item_id"": ""78"", ""source"": ""csdl.vietnamtourism.gov.vn""}",
625,Rạp chiếu phim CGV Hà Tĩnh,,"Tầng 3, Trung tâm Thương mại Vincom Plaza Hà Tĩnh, góc ngã tư Hàm Nghi và Hà Huy Tập, Thành phố Hà Tĩnh, Hà Tĩnh",22,giai_tri,0.0,0.0,0.0,,,,,0.0,0,0,,2026-05-27 16:38:12,2026-05-27 16:38:12,active,"{""category"": ""vcgt"", ""detail_url"": ""https://csdl.vietnamtourism.gov.vn/vcgt/?item=81"", ""email"": """", ""item_id"": ""81"", ""source"": ""csdl.vietnamtourism.gov.vn""}",
626,Lotte Cinema Nha Trang,,"Tầng 5 TTTM Maximart 60 Thái Nguyên, Thành phố Nha Trang, Khánh Hoà",51,giai_tri,0.0,0.0,0.0,,,02583824881,,0.0,0,0,,2026-05-27 16:38:12,2026-05-27 16:38:12,active,"{""category"": ""vcgt"", ""detail_url"": ""https://csdl.vietnamtourism.gov.vn/vcgt/?item=84"", ""email"": """", ""item_id"": ""84"", ""source"": ""csdl.vietnamtourism.gov.vn""}",
627,Vinpearl Land Nha Trang,,"Đảo Hòn Tre, Thành phố Nha Trang, Khánh Hoà",28,giai_tri,0.0,0.0,0.0,,,025819006677,,0.0,0,0,,2026-05-27 16:38:12,2026-05-27 16:38:12,active,"{""category"": ""vcgt"", ""detail_url"": ""https://csdl.vietnamtourism.gov.vn/vcgt/?item=87"", ""email"": """", ""item_id"": ""87"", ""source"": ""csdl.vietnamtourism.gov.vn""}",
628,Wonder Park Nha Trang,,"Đại lộ Nguyễn Tất Thành, Thành phố Nha Trang, Khánh Hoà",28,giai_tri,0.0,0.0,0.0,,,02582710399,,0.0,0,0,,2026-05-27 16:38:12,2026-05-27 16:38:12,active,"{""category"": ""vcgt"", ""detail_url"": ""https://csdl.vietnamtourism.gov.vn/vcgt/?item=90"", ""email"": """", ""item_id"": ""90"", ""source"": ""csdl.vietnamtourism.gov.vn""}",
629,Khu du lịch Epic,,"tỉnh lộ 677, Thôn 13, Huyện Kon Rẫy, Kon Tum",30,giai_tri,0.0,0.0,0.0,,,0976582727,,0.0,0,0,,2026-05-27 16:38:12,2026-05-27 16:38:12,active,"{""category"": ""vcgt"", ""detail_url"": ""https://csdl.vietnamtourism.gov.vn/vcgt/?item=96"", ""email"": """", ""item_id"": ""96"", ""source"": ""csdl.vietnamtourism.gov.vn""}",
630,Miệt vườn Kon Tum,,"Thôn Phương Quý, Thành phố Kon Tum, Kon Tum",30,giai_tri,0.0,0.0,0.0,,,,,0.0,0,0,,2026-05-27 16:38:12,2026-05-27 16:38:12,active,"{""category"": ""vcgt"", ""detail_url"": ""https://csdl.vietnamtourism.gov.vn/vcgt/?item=99"", ""email"": """", ""item_id"": ""99"", ""source"": ""csdl.vietnamtourism.gov.vn""}",
631,Rạp chiếu phim Cinemax,,"73 Lê Hồng Phong, Thành phố Kon Tum, Kon Tum",30,giai_tri,0.0,0.0,0.0,,,0866222877,,0.0,0,0,,2026-05-27 16:38:12,2026-05-27 16:38:12,active,"{""category"": ""vcgt"", ""detail_url"": ""https://csdl.vietnamtourism.gov.vn/vcgt/?item=102"", ""email"": """", ""item_id"": ""102"", ""source"": ""csdl.vietnamtourism.gov.vn""}",
632,Bảo tàng Lâm Đồng,,"4 Hùng Vương, Thành phố Đà Lạt, Lâm Đồng",32,giai_tri,0.0,0.0,0.0,,,02633812624,,0.0,0,0,,2026-05-27 16:38:12,2026-05-27 16:38:12,active,"{""category"": ""vcgt"", ""detail_url"": ""https://csdl.vietnamtourism.gov.vn/vcgt/?item=105"", ""email"": ""baotangld@gmail.com"", ""item_id"": ""105"", ""source"": ""csdl.vietnamtourism.gov.vn""}",
633,Khu du lịch Thúy Thuận,,"Tổ 13, thôn 1 đường vào Tà Nung, Thành phố Đà Lạt, Lâm Đồng",32,giai_tri,0.0,0.0,0.0,,,0972850679,,0.0,0,0,,2026-05-27 16:38:12,2026-05-27 16:38:12,active,"{""category"": ""vcgt"", ""detail_url"": ""https://csdl.vietnamtourism.gov.vn/vcgt/?item=108"", ""email"": """", ""item_id"": ""108"", ""source"": ""csdl.vietnamtourism.gov.vn""}",
634,Sunny Farm,,"Dốc số 7, Thành phố Đà Lạt, Lâm Đồng",32,giai_tri,0.0,0.0,0.0,,,,,0.0,0,0,,2026-05-27 16:38:12,2026-05-27 16:38:12,active,"{""category"": ""vcgt"", ""detail_url"": ""https://csdl.vietnamtourism.gov.vn/vcgt/?item=111"", ""email"": """", ""item_id"": ""111"", ""source"": ""csdl.vietnamtourism.gov.vn""}",
635,Bảo tàng Xô Viết Nghệ Tĩnh,,"số 10 Đào Tấn, Thành phố Vinh, Nghệ An",37,giai_tri,0.0,0.0,0.0,,,,,0.0,0,0,,2026-05-27 16:38:12,2026-05-27 16:38:12,active,"{""category"": ""vcgt"", ""detail_url"": ""https://csdl.vietnamtourism.gov.vn/vcgt/?item=114"", ""email"": """", ""item_id"": ""114"", ""source"": ""csdl.vietnamtourism.gov.vn""}",
636,Galaxy Cinema Vinh,,"Lầu 5, Trung tâm giải trí City Hub, số 1 Lê Hồng Phong, Thành phố Vinh, Nghệ An",37,giai_tri,0.0,0.0,0.0,,,,,0.0,0,0,,2026-05-27 16:38:12,2026-05-27 16:38:12,active,"{""category"": ""vcgt"", ""detail_url"": ""https://csdl.vietnamtourism.gov.vn/vcgt/?item=117"", ""email"": """", ""item_id"": ""117"", ""source"": ""csdl.vietnamtourism.gov.vn""}",
637,Lotte Cinema Vinh,,"Lầu 5, tòa nhà Mường Thanh VRC số 1 Phan Bội Châu, Thành phố Vinh, Nghệ An",37,giai_tri,0.0,0.0,0.0,,,,,0.0,0,0,,2026-05-27 16:38:12,2026-05-27 16:38:12,active,"{""category"": ""vcgt"", ""detail_url"": ""https://csdl.vietnamtourism.gov.vn/vcgt/?item=120"", ""email"": """", ""item_id"": ""120"", ""source"": ""csdl.vietnamtourism.gov.vn""}",
638,Công viên nước TTC Resort,,"Biển Ninh Chữ, Đường Yên Ninh, Thành phố Phan Rang-Tháp Chàm, Ninh Thuận",39,giai_tri,0.0,0.0,0.0,,,02593874047,,0.0,0,0,,2026-05-27 16:38:12,2026-05-27 16:38:12,active,"{""category"": ""vcgt"", ""detail_url"": ""https://csdl.vietnamtourism.gov.vn/vcgt/?item=123"", ""email"": ""sales.ninhthuan@ttchotels.com"", ""item_id"": ""123"", ""source"": ""csdl.vietnamtourism.gov.vn""}",
639,Farm Nam Hoa Viên,,"Nằm cách thành phố Phan Rang- Tháp Chàm khoảng 10 km về hướng Nam, Phước Dinh, Huyện Ninh Phước, Ninh Thuận",39,giai_tri,0.0,0.0,0.0,,,,,0.0,0,0,,2026-05-27 16:38:12,2026-05-27 16:38:12,active,"{""category"": ""vcgt"", ""detail_url"": ""https://csdl.vietnamtourism.gov.vn/vcgt/?item=126"", ""email"": """", ""item_id"": ""126"", ""source"": ""csdl.vietnamtourism.gov.vn""}",
640,Khu Du Lịch Tanyoli,,"Km 19, thôn Sơn Hải, Huyện Thuận Nam, Ninh Thuận",39,giai_tri,0.0,0.0,0.0,,,0901820168,,0.0,0,0,,2026-05-27 16:38:12,2026-05-27 16:38:12,active,"{""category"": ""vcgt"", ""detail_url"": ""https://csdl.vietnamtourism.gov.vn/vcgt/?item=129"", ""email"": ""salesmarketing.tanyoli@gmail.com"", ""item_id"": ""129"", ""source"": ""csdl.vietnamtourism.gov.vn""}",
641,Không gian Hồn Xưa,,"đường vào Di tích danh thắng quốc gia Gành Đá Đĩa, Tuy An Bắc, Huyện Tuy An, Phú Yên",41,giai_tri,0.0,0.0,0.0,,,,,0.0,0,0,,2026-05-27 16:38:12,2026-05-27 16:38:12,active,"{""category"": ""vcgt"", ""detail_url"": ""https://csdl.vietnamtourism.gov.vn/vcgt/?item=132"", ""email"": """", ""item_id"": ""132"", ""source"": ""csdl.vietnamtourism.gov.vn""}",
642,Phim trường Bambi,,"thôn Xuân Hòa, Thành phố Tuy Hoà, Phú Yên",41,giai_tri,0.0,0.0,0.0,,,,,0.0,0,0,,2026-05-27 16:38:12,2026-05-27 16:38:12,active,"{""category"": ""vcgt"", ""detail_url"": ""https://csdl.vietnamtourism.gov.vn/vcgt/?item=135"", ""email"": """", ""item_id"": ""135"", ""source"": ""csdl.vietnamtourism.gov.vn""}",
643,Rạp chiếu phim CGV Vincom Phú Yên,,"Tầng 4, Trung tâm Thương mại Vincom Plaza, góc ngã tư Hùng Vương và Trần Phú, Thành phố Tuy Hoà, Phú Yên",41,giai_tri,0.0,0.0,0.0,,,,,0.0,0,0,,2026-05-27 16:38:12,2026-05-27 16:38:12,active,"{""category"": ""vcgt"", ""detail_url"": ""https://csdl.vietnamtourism.gov.vn/vcgt/?item=138"", ""email"": """", ""item_id"": ""138"", ""source"": ""csdl.vietnamtourism.gov.vn""}",
644,Công viên OZO,,"nằm trong quần thể VQG Phong Nha-Kẻ Bàng, Huyện Bố Trạch, Quảng Trị",46,giai_tri,0.0,0.0,0.0,,,02323854688,,0.0,0,0,,2026-05-27 16:38:12,2026-05-27 16:38:12,active,"{""category"": ""vcgt"", ""detail_url"": ""https://csdl.vietnamtourism.gov.vn/vcgt/?item=141"", ""email"": ""ozoparkquangbinh@gmail.com"", ""item_id"": ""141"", ""source"": ""csdl.vietnamtourism.gov.vn""}",
645,Đồi cát Quang Phú,,"cách trung tâm thành phố Đồng Hới khoảng 10km về phía Đông Bắc, Thành Phố Đồng Hới, Quảng Trị",46,giai_tri,0.0,0.0,0.0,,,,,0.0,0,0,,2026-05-27 16:38:12,2026-05-27 16:38:12,active,"{""category"": ""vcgt"", ""detail_url"": ""https://csdl.vietnamtourism.gov.vn/vcgt/?item=144"", ""email"": """", ""item_id"": ""144"", ""source"": ""csdl.vietnamtourism.gov.vn""}",
646,Suối Nước Moọc,,"cách thành phố Đồng Hới khoảng 70km, Phong Nha, Huyện Bố Trạch, Quảng Trị",46,giai_tri,0.0,0.0,0.0,,,,,0.0,0,0,,2026-05-27 16:38:12,2026-05-27 16:38:12,active,"{""category"": ""vcgt"", ""detail_url"": ""https://csdl.vietnamtourism.gov.vn/vcgt/?item=147"", ""email"": """", ""item_id"": ""147"", ""source"": ""csdl.vietnamtourism.gov.vn""}",
647,Công viên Quảng trường 24-3,,"Đường Hùng Vương, Bàn Thạch, Thành phố Tam Kỳ, Quảng Nam",43,giai_tri,0.0,0.0,0.0,,,,,0.0,0,0,,2026-05-27 16:38:12,2026-05-27 16:38:12,active,"{""category"": ""vcgt"", ""detail_url"": ""https://csdl.vietnamtourism.gov.vn/vcgt/?item=150"", ""email"": """", ""item_id"": ""150"", ""source"": ""csdl.vietnamtourism.gov.vn""}",
648,Nhà biểu diễn nghệ thuật cổ truyền Hội An,,"66 Bạch Đằng, Thành phố Hội An, Quảng Nam",43,giai_tri,0.0,0.0,0.0,,,02353861159,,0.0,0,0,,2026-05-27 16:38:12,2026-05-27 16:38:12,active,"{""category"": ""vcgt"", ""detail_url"": ""https://csdl.vietnamtourism.gov.vn/vcgt/?item=153"", ""email"": """", ""item_id"": ""153"", ""source"": ""csdl.vietnamtourism.gov.vn""}",
649,Nhà trưng bày Mỹ Sơn,,"nằm cạnh suối khe Thẻ, cách khu di tích Mỹ Sơn khoảng 02 km về hướng Tây Bắc, Huyện Duy Xuyên, Quảng Nam",43,giai_tri,0.0,0.0,0.0,,,,,0.0,0,0,,2026-05-27 16:38:12,2026-05-27 16:38:12,active,"{""category"": ""vcgt"", ""detail_url"": ""https://csdl.vietnamtourism.gov.vn/vcgt/?item=156"", ""email"": """", ""item_id"": ""156"", ""source"": ""csdl.vietnamtourism.gov.vn""}",
650,Biển Khe Hai,,"cách quốc lộ 1A khoảng 3 km về phía Đông, Huyện Bình Sơn, Quảng Ngãi",44,giai_tri,0.0,0.0,0.0,,,,,0.0,0,0,,2026-05-27 16:38:12,2026-05-27 16:38:12,active,"{""category"": ""vcgt"", ""detail_url"": ""https://csdl.vietnamtourism.gov.vn/vcgt/?item=159"", ""email"": """", ""item_id"": ""159"", ""source"": ""csdl.vietnamtourism.gov.vn""}",
651,Cánh đồng muối Sa Huỳnh,,"cách trung tâm thành phố chừng 60km, Sa Huỳnh, Huyện Đức Phổ, Quảng Ngãi",44,giai_tri,0.0,0.0,0.0,,,,,0.0,0,0,,2026-05-27 16:38:12,2026-05-27 16:38:12,active,"{""category"": ""vcgt"", ""detail_url"": ""https://csdl.vietnamtourism.gov.vn/vcgt/?item=162"", ""email"": """", ""item_id"": ""162"", ""source"": ""csdl.vietnamtourism.gov.vn""}",
652,Rạp chiếu phim CGV Vincom Quảng Ngãi,,"Vincom Quảng Ngãi, 26 Lê Thánh Tôn, Thành phố Quảng Ngãi, Quảng Ngãi",44,giai_tri,0.0,0.0,0.0,,,,,0.0,0,0,,2026-05-27 16:38:12,2026-05-27 16:38:12,active,"{""category"": ""vcgt"", ""detail_url"": ""https://csdl.vietnamtourism.gov.vn/vcgt/?item=165"", ""email"": """", ""item_id"": ""165"", ""source"": ""csdl.vietnamtourism.gov.vn""}",
653,Đồi cát vàng Nhĩ Hạ,,"Thôn Nhĩ Hạ, Huyện Gio Linh",22,giai_tri,0.0,0.0,0.0,,,,,0.0,0,0,,2026-05-27 16:38:12,2026-05-27 16:38:12,active,"{""category"": ""vcgt"", ""detail_url"": ""https://csdl.vietnamtourism.gov.vn/vcgt/?item=168"", ""email"": """", ""item_id"": ""168"", ""source"": ""csdl.vietnamtourism.gov.vn""}",
654,Khu du lịch Suối nước nóng Klu,,"Nằm trên Quốc lộ 9, cách thành phố Đông Hà khoảng 50 km về phía Tây, Đakrông, Huyện Đa Krông",22,giai_tri,0.0,0.0,0.0,,,,,0.0,0,0,,2026-05-27 16:38:12,2026-05-27 16:38:12,active,"{""category"": ""vcgt"", ""detail_url"": ""https://csdl.vietnamtourism.gov.vn/vcgt/?item=171"", ""email"": """", ""item_id"": ""171"", ""source"": ""csdl.vietnamtourism.gov.vn""}",
655,Khu lâm viên Cọ Dầu,,"Đường Hùng Vương, Thành phố Đông Hà",22,giai_tri,0.0,0.0,0.0,,,,,0.0,0,0,,2026-05-27 16:38:12,2026-05-27 16:38:12,active,"{""category"": ""vcgt"", ""detail_url"": ""https://csdl.vietnamtourism.gov.vn/vcgt/?item=174"", ""email"": """", ""item_id"": ""174"", ""source"": ""csdl.vietnamtourism.gov.vn""}",
656,Bảo tàng tỉnh Thanh Hóa,,"206 Trường Thi, Thành phố Thanh Hóa, Thanh Hoá",52,giai_tri,0.0,0.0,0.0,,,02373854526,,0.0,0,0,,2026-05-27 16:38:12,2026-05-27 16:38:12,active,"{""category"": ""vcgt"", ""detail_url"": ""https://csdl.vietnamtourism.gov.vn/vcgt/?item=177"", ""email"": ""baotangtth@gmail.com"", ""item_id"": ""177"", ""source"": ""csdl.vietnamtourism.gov.vn""}",
657,Công viên Thanh Quảng,,"Đường Lê Hoàn, Thành phố Thanh Hóa, Thanh Hoá",52,giai_tri,0.0,0.0,0.0,,,,,0.0,0,0,,2026-05-27 16:38:12,2026-05-27 16:38:12,active,"{""category"": ""vcgt"", ""detail_url"": ""https://csdl.vietnamtourism.gov.vn/vcgt/?item=180"", ""email"": """", ""item_id"": ""180"", ""source"": ""csdl.vietnamtourism.gov.vn""}",
658,Nhà hát Ca múa kịch Lam Sơn,,"22 Phan Chu Trinh, Thành phố Thanh Hóa, Thanh Hoá",52,giai_tri,0.0,0.0,0.0,,,02373711512,,0.0,0,0,,2026-05-27 16:38:12,2026-05-27 16:38:12,active,"{""category"": ""vcgt"", ""detail_url"": ""https://csdl.vietnamtourism.gov.vn/vcgt/?item=183"", ""email"": ""nhahatcamuakichlamson@gmail.com"", ""item_id"": ""183"", ""source"": ""csdl.vietnamtourism.gov.vn""}",
659,Không gian lưu niệm Lê Bá Đảng,,"Thôn Kim Sơn, Thị xã Hương Thủy, Thành phố Huế",64,giai_tri,0.0,0.0,0.0,,,02346274771,,0.0,0,0,,2026-05-27 16:38:12,2026-05-27 16:38:12,active,"{""category"": ""vcgt"", ""detail_url"": ""https://csdl.vietnamtourism.gov.vn/vcgt/?item=186"", ""email"": """", ""item_id"": ""186"", ""source"": ""csdl.vietnamtourism.gov.vn""}",
660,Nhà hát Duyệt Thị Đường,,"Đường Đoàn Thị Điểm, Thành phố Huế, Thành phố Huế",64,giai_tri,0.0,0.0,0.0,,,,,0.0,0,0,,2026-05-27 16:38:12,2026-05-27 16:38:12,active,"{""category"": ""vcgt"", ""detail_url"": ""https://csdl.vietnamtourism.gov.vn/vcgt/?item=189"", ""email"": """", ""item_id"": ""189"", ""source"": ""csdl.vietnamtourism.gov.vn""}",
661,Rạp chiếu phim Cinestar Huế,,"25 Hai Bà Trưng, Thành phố Huế, Thành phố Huế",64,giai_tri,0.0,0.0,0.0,,,,,0.0,0,0,,2026-05-27 16:38:12,2026-05-27 16:38:12,active,"{""category"": ""vcgt"", ""detail_url"": ""https://csdl.vietnamtourism.gov.vn/vcgt/?item=192"", ""email"": """", ""item_id"": ""192"", ""source"": ""csdl.vietnamtourism.gov.vn""}",
662,Phố văn hóa - nghệ thuật Quy Nhơn,,"nằm trên đường Lê Đức Thọ, Thành phố Qui Nhơn, Gia Lai",18,giai_tri,0.0,0.0,0.0,,,,,0.0,0,0,,2026-05-27 16:38:12,2026-05-27 16:38:12,active,"{""category"": ""vcgt"", ""detail_url"": ""https://csdl.vietnamtourism.gov.vn/vcgt/?item=195"", ""email"": """", ""item_id"": ""195"", ""source"": ""csdl.vietnamtourism.gov.vn""}",
663,Quảng trường Nguyễn Tất Thành,,"nằm trên đại lộ Nguyễn Tất Thành, Thành phố Qui Nhơn, Gia Lai",18,giai_tri,0.0,0.0,0.0,,,,,0.0,0,0,,2026-05-27 16:38:12,2026-05-27 16:38:12,active,"{""category"": ""vcgt"", ""detail_url"": ""https://csdl.vietnamtourism.gov.vn/vcgt/?item=198"", ""email"": """", ""item_id"": ""198"", ""source"": ""csdl.vietnamtourism.gov.vn""}",
664,Rạp phim Starlight Quy Nhơn,,"Tầng 8 An Phú Thịnh Plaza, 52A Tăng Bạt Hổ, Quy Nhơn, Thành phố Qui Nhơn, Gia Lai",18,giai_tri,0.0,0.0,0.0,,,,,0.0,0,0,,2026-05-27 16:38:12,2026-05-27 16:38:12,active,"{""category"": ""vcgt"", ""detail_url"": ""https://csdl.vietnamtourism.gov.vn/vcgt/?item=201"", ""email"": """", ""item_id"": ""201"", ""source"": ""csdl.vietnamtourism.gov.vn""}",
665,Huyền thoại Làng chài,,"360 Nguyễn Thông, Thành phố Phan Thiết, Bình Thuận",10,giai_tri,0.0,0.0,0.0,,,0901111666,,0.0,0,0,,2026-05-27 16:38:12,2026-05-27 16:38:12,active,"{""category"": ""vcgt"", ""detail_url"": ""https://csdl.vietnamtourism.gov.vn/vcgt/?item=204"", ""email"": """", ""item_id"": ""204"", ""source"": ""csdl.vietnamtourism.gov.vn""}",
666,Rạp chiếu phim 19-4,,"30 Nguyễn Du, Phan Thiết, Thành phố Phan Thiết, Bình Thuận",10,giai_tri,0.0,0.0,0.0,,,02523819941,,0.0,0,0,,2026-05-27 16:38:12,2026-05-27 16:38:12,active,"{""category"": ""vcgt"", ""detail_url"": ""https://csdl.vietnamtourism.gov.vn/vcgt/?item=207"", ""email"": """", ""item_id"": ""207"", ""source"": ""csdl.vietnamtourism.gov.vn""}",
667,Rạp chiếu phim Lotte,,"Tầng 6, Lotte Mart Phan Thiết, KDC Hùng Vương I, Phú Thủy, Thành phố Phan Thiết, Bình Thuận",10,giai_tri,0.0,0.0,0.0,,,,,0.0,0,0,,2026-05-27 16:38:12,2026-05-27 16:38:12,active,"{""category"": ""vcgt"", ""detail_url"": ""https://csdl.vietnamtourism.gov.vn/vcgt/?item=210"", ""email"": """", ""item_id"": ""210"", ""source"": ""csdl.vietnamtourism.gov.vn""}",
668,Bến du thuyền - DHC Marina,,"Đường Trần Hưng Đạo, Quận Sơn Trà, Thành phố Đà Nẵng",60,giai_tri,0.0,0.0,0.0,,,,,0.0,0,0,,2026-05-27 16:38:12,2026-05-27 16:38:12,active,"{""category"": ""vcgt"", ""detail_url"": ""https://csdl.vietnamtourism.gov.vn/vcgt/?item=213"", ""email"": """", ""item_id"": ""213"", ""source"": ""csdl.vietnamtourism.gov.vn""}",
669,Công viên suối khoáng nóng núi Thần tài,,"Thôn Phú Túc, Huyện Hòa Vang, Thành phố Đà Nẵng",60,giai_tri,0.0,0.0,0.0,,,02363729999,,0.0,0,0,,2026-05-27 16:38:12,2026-05-27 16:38:12,active,"{""category"": ""vcgt"", ""detail_url"": ""https://csdl.vietnamtourism.gov.vn/vcgt/?item=216"", ""email"": ""sales@nuithantai.vn"", ""item_id"": ""216"", ""source"": ""csdl.vietnamtourism.gov.vn""}",
670,Trung tâm giải trí Helio - Helio Center,,"Khu công viên Đông Nam Đài tưởng niệm, Đường 2/9, Hòa Cường, Quận Hải Châu, Thành phố Đà Nẵng",60,giai_tri,0.0,0.0,0.0,,,,,0.0,0,0,,2026-05-27 16:38:12,2026-05-27 16:38:12,active,"{""category"": ""vcgt"", ""detail_url"": ""https://csdl.vietnamtourism.gov.vn/vcgt/?item=219"", ""email"": """", ""item_id"": ""219"", ""source"": ""csdl.vietnamtourism.gov.vn""}",
671,Bảo tàng Thế giới Cà phê,,"Đường Nguyễn Đình Chiểu, Thành phố Buôn Ma Thuột, Đắc Lắk",0,giai_tri,0.0,0.0,0.0,,,0905375665,,0.0,0,0,,2026-05-27 16:38:12,2026-05-27 16:38:12,active,"{""category"": ""vcgt"", ""detail_url"": ""https://csdl.vietnamtourism.gov.vn/vcgt/?item=222"", ""email"": """", ""item_id"": ""222"", ""source"": ""csdl.vietnamtourism.gov.vn""}",
672,Công viên nước Đắk Lắk,,"11 Nguyễn Chí Thanh, Thành phố Buôn Ma Thuột, Đắc Lắk",22,giai_tri,0.0,0.0,0.0,,,02623950381,,0.0,0,0,,2026-05-27 16:38:12,2026-05-27 16:38:12,active,"{""category"": ""vcgt"", ""detail_url"": ""https://csdl.vietnamtourism.gov.vn/vcgt/?item=225"", ""email"": """", ""item_id"": ""225"", ""source"": ""csdl.vietnamtourism.gov.vn""}",
673,Làng cà phê Trung Nguyên,,"163 Lý Thái Tổ, Thành phố Buôn Ma Thuột, Đắc Lắk",22,giai_tri,0.0,0.0,0.0,,,02623958868,,0.0,0,0,,2026-05-27 16:38:12,2026-05-27 16:38:12,active,"{""category"": ""vcgt"", ""detail_url"": ""https://csdl.vietnamtourism.gov.vn/vcgt/?item=228"", ""email"": """", ""item_id"": ""228"", ""source"": ""csdl.vietnamtourism.gov.vn""}",
674,Hồ trung tâm Gia Nghĩa,,"Đường Ngô Mây, Thị xã Gia Nghĩa, Đắc Nông",14,giai_tri,0.0,0.0,0.0,,,,,0.0,0,0,,2026-05-27 16:38:12,2026-05-27 16:38:12,active,"{""category"": ""vcgt"", ""detail_url"": ""https://csdl.vietnamtourism.gov.vn/vcgt/?item=231"", ""email"": """", ""item_id"": ""231"", ""source"": ""csdl.vietnamtourism.gov.vn""}",
675,Khu du lịch Phước Sơn,,"thôn 13, Huyện Đắk R'Lấp, Đắc Nông",0,giai_tri,0.0,0.0,0.0,,,,,0.0,0,0,,2026-05-27 16:38:12,2026-05-27 16:38:12,active,"{""category"": ""vcgt"", ""detail_url"": ""https://csdl.vietnamtourism.gov.vn/vcgt/?item=234"", ""email"": """", ""item_id"": ""234"", ""source"": ""csdl.vietnamtourism.gov.vn""}",
676,Khu du lịch Tà Đùng,,"Hồ Tà Đùng, Tà Đùng, Huyện Đăk Glong, Đắc Nông",14,giai_tri,0.0,0.0,0.0,,,,,0.0,0,0,,2026-05-27 16:38:12,2026-05-27 16:38:12,active,"{""category"": ""vcgt"", ""detail_url"": ""https://csdl.vietnamtourism.gov.vn/vcgt/?item=237"", ""email"": """", ""item_id"": ""237"", ""source"": ""csdl.vietnamtourism.gov.vn""}",
677,Bảo tàng Gia Lai,,"20 Phan Đình Phùng, Pleiku, Thành phố Pleiku",18,giai_tri,0.0,0.0,0.0,,,,,0.0,0,0,,2026-05-27 16:38:12,2026-05-27 16:38:12,active,"{""category"": ""vcgt"", ""detail_url"": ""https://csdl.vietnamtourism.gov.vn/vcgt/?item=240"", ""email"": """", ""item_id"": ""240"", ""source"": ""csdl.vietnamtourism.gov.vn""}",
678,Công viên Văn hóa Đồng Xanh,,"Thôn 5, An Phú, Thành phố Pleiku",18,giai_tri,0.0,0.0,0.0,,,,,0.0,0,0,,2026-05-27 16:38:12,2026-05-27 16:38:12,active,"{""category"": ""vcgt"", ""detail_url"": ""https://csdl.vietnamtourism.gov.vn/vcgt/?item=243"", ""email"": """", ""item_id"": ""243"", ""source"": ""csdl.vietnamtourism.gov.vn""}",
679,Touch Cinema,,"212 Nguyễn Tất Thành, Thành phố Pleiku",18,giai_tri,0.0,0.0,0.0,,,,,0.0,0,0,,2026-05-27 16:38:12,2026-05-27 16:38:12,active,"{""category"": ""vcgt"", ""detail_url"": ""https://csdl.vietnamtourism.gov.vn/vcgt/?item=246"", ""email"": """", ""item_id"": ""246"", ""source"": ""csdl.vietnamtourism.gov.vn""}",
680,Bảo tàng Hà Tĩnh,,"221 Nguyễn Huy Tự, Thành phố Hà Tĩnh, Hà Tĩnh",22,giai_tri,0.0,0.0,0.0,,,02393856616,,0.0,0,0,,2026-05-27 16:38:12,2026-05-27 16:38:12,active,"{""category"": ""vcgt"", ""detail_url"": ""https://csdl.vietnamtourism.gov.vn/vcgt/?item=249"", ""email"": """", ""item_id"": ""249"", ""source"": ""csdl.vietnamtourism.gov.vn""}",
681,Công viên nước Vinpearl Water Park Hà Tĩnh,,"Thuộc xã Thịnh Lộc, Huyện Lộc Hà, Hà Tĩnh",22,giai_tri,0.0,0.0,0.0,,,,,0.0,0,0,,2026-05-27 16:38:12,2026-05-27 16:38:12,active,"{""category"": ""vcgt"", ""detail_url"": ""https://csdl.vietnamtourism.gov.vn/vcgt/?item=252"", ""email"": """", ""item_id"": ""252"", ""source"": ""csdl.vietnamtourism.gov.vn""}",
682,Khu du lịch Đồng Nôi,,"nằm cách biển Thiên Cầm 1km, Thiên Cầm, Huyện Cẩm Xuyên, Hà Tĩnh",22,giai_tri,0.0,0.0,0.0,,,,,0.0,0,0,,2026-05-27 16:38:12,2026-05-27 16:38:12,active,"{""category"": ""vcgt"", ""detail_url"": ""https://csdl.vietnamtourism.gov.vn/vcgt/?item=255"", ""email"": """", ""item_id"": ""255"", ""source"": ""csdl.vietnamtourism.gov.vn""}",
683,Nhà hát múa rối nước Nha Trang,,"46 Trần Phú, Thành phố Nha Trang, Khánh Hoà",28,giai_tri,0.0,0.0,0.0,,,,,0.0,0,0,,2026-05-27 16:38:12,2026-05-27 16:38:12,active,"{""category"": ""vcgt"", ""detail_url"": ""https://csdl.vietnamtourism.gov.vn/vcgt/?item=258"", ""email"": """", ""item_id"": ""258"", ""source"": ""csdl.vietnamtourism.gov.vn""}",
684,Rạp phim Platinum Cineplex - Nha Trang Center,,"20 Trần Phú, Thành phố Nha Trang, Khánh Hoà",28,giai_tri,0.0,0.0,0.0,,,,,0.0,0,0,,2026-05-27 16:38:12,2026-05-27 16:38:12,active,"{""category"": ""vcgt"", ""detail_url"": ""https://csdl.vietnamtourism.gov.vn/vcgt/?item=261"", ""email"": """", ""item_id"": ""261"", ""source"": ""csdl.vietnamtourism.gov.vn""}",
685,Viện Hải dương học,,"1 Cầu Đá, Thành phố Nha Trang, Khánh Hoà",28,giai_tri,0.0,0.0,0.0,,,,,0.0,0,0,,2026-05-27 16:38:12,2026-05-27 16:38:12,active,"{""category"": ""vcgt"", ""detail_url"": ""https://csdl.vietnamtourism.gov.vn/vcgt/?item=264"", ""email"": """", ""item_id"": ""264"", ""source"": ""csdl.vietnamtourism.gov.vn""}",
686,Công Viên Giọt Nước,,"198 Phan Đình Phùng, Thành phố Kon Tum, Kon Tum",30,giai_tri,0.0,0.0,0.0,,,,,0.0,0,0,,2026-05-27 16:38:12,2026-05-27 16:38:12,active,"{""category"": ""vcgt"", ""detail_url"": ""https://csdl.vietnamtourism.gov.vn/vcgt/?item=267"", ""email"": """", ""item_id"": ""267"", ""source"": ""csdl.vietnamtourism.gov.vn""}",
687,Vườn Hoa Long Loi,,"thôn Kon Trang Long Loi, Đăk Hà, Huyện Đắk Hà, Kon Tum",30,giai_tri,0.0,0.0,0.0,,,,,0.0,0,0,,2026-05-27 16:38:12,2026-05-27 16:38:12,active,"{""category"": ""vcgt"", ""detail_url"": ""https://csdl.vietnamtourism.gov.vn/vcgt/?item=270"", ""email"": """", ""item_id"": ""270"", ""source"": ""csdl.vietnamtourism.gov.vn""}",
688,Vườn hoa Măng Đen,,"Đường Võ Nguyên Giáp, Măng Đen, Huyện Kon Plông, Kon Tum",30,giai_tri,0.0,0.0,0.0,,,,,0.0,0,0,,2026-05-27 16:38:12,2026-05-27 16:38:12,active,"{""category"": ""vcgt"", ""detail_url"": ""https://csdl.vietnamtourism.gov.vn/vcgt/?item=273"", ""email"": """", ""item_id"": ""273"", ""source"": ""csdl.vietnamtourism.gov.vn""}",
689,C Bowling Đà Lạt,,"Quảng Trường Lâm Viên, Thành phố Đà Lạt, Lâm Đồng",32,giai_tri,0.0,0.0,0.0,,,,,0.0,0,0,,2026-05-27 16:38:12,2026-05-27 16:38:12,active,"{""category"": ""vcgt"", ""detail_url"": ""https://csdl.vietnamtourism.gov.vn/vcgt/?item=276"", ""email"": """", ""item_id"": ""276"", ""source"": ""csdl.vietnamtourism.gov.vn""}",
690,Quảng trường Lâm Viên,,"Đường Trần Quốc Toản, Thành phố Đà Lạt, Lâm Đồng",32,giai_tri,0.0,0.0,0.0,,,,,0.0,0,0,,2026-05-27 16:38:12,2026-05-27 16:38:12,active,"{""category"": ""vcgt"", ""detail_url"": ""https://csdl.vietnamtourism.gov.vn/vcgt/?item=279"", ""email"": """", ""item_id"": ""279"", ""source"": ""csdl.vietnamtourism.gov.vn""}",
691,Rạp phim CineStar Đà Lạt,,"Đường Trần Quốc Toản, Thành phố Đà Lạt, Lâm Đồng",32,giai_tri,0.0,0.0,0.0,,,,,0.0,0,0,,2026-05-27 16:38:12,2026-05-27 16:38:12,active,"{""category"": ""vcgt"", ""detail_url"": ""https://csdl.vietnamtourism.gov.vn/vcgt/?item=282"", ""email"": """", ""item_id"": ""282"", ""source"": ""csdl.vietnamtourism.gov.vn""}",
692,Công viên Trung tâm Thành phố Vinh,,"Số 2 Lê Mao, Thành phố Vinh, Nghệ An",37,giai_tri,0.0,0.0,0.0,,,,,0.0,0,0,,2026-05-27 16:38:12,2026-05-27 16:38:12,active,"{""category"": ""vcgt"", ""detail_url"": ""https://csdl.vietnamtourism.gov.vn/vcgt/?item=285"", ""email"": """", ""item_id"": ""285"", ""source"": ""csdl.vietnamtourism.gov.vn""}",
693,Quảng trường Hồ Chí Minh,,"Số 2 Đường Vương Thúc Mậu, Trường Vinh, Thành phố Vinh, Nghệ An",37,giai_tri,0.0,0.0,0.0,,,02383590498,,0.0,0,0,,2026-05-27 16:38:12,2026-05-27 16:38:12,active,"{""category"": ""vcgt"", ""detail_url"": ""https://csdl.vietnamtourism.gov.vn/vcgt/?item=288"", ""email"": ""phongnghiepvuqt@gmail.com"", ""item_id"": ""288"", ""source"": ""csdl.vietnamtourism.gov.vn""}",
694,Rạp chiếu phim 12-9,,"Số 22 Đường Quang Trung, Thành Vinh, Thành phố Vinh, Nghệ An",37,giai_tri,0.0,0.0,0.0,,,,,0.0,0,0,,2026-05-27 16:38:12,2026-05-27 16:38:12,active,"{""category"": ""vcgt"", ""detail_url"": ""https://csdl.vietnamtourism.gov.vn/vcgt/?item=291"", ""email"": """", ""item_id"": ""291"", ""source"": ""csdl.vietnamtourism.gov.vn""}",
695,Chợ đêm Ninh Thuận,,"đường Trần Quang Diệu, Thành phố Phan Rang-Tháp Chàm, Ninh Thuận",39,giai_tri,0.0,0.0,0.0,,,,,0.0,0,0,,2026-05-27 16:38:12,2026-05-27 16:38:12,active,"{""category"": ""vcgt"", ""detail_url"": ""https://csdl.vietnamtourism.gov.vn/vcgt/?item=294"", ""email"": """", ""item_id"": ""294"", ""source"": ""csdl.vietnamtourism.gov.vn""}",
696,Công viên biển Bình Sơn,,"Ngã tư giao lộ đường 16/4 và đường Yên Ninh, Thành phố Phan Rang-Tháp Chàm, Ninh Thuận",39,giai_tri,0.0,0.0,0.0,,,,,0.0,0,0,,2026-05-27 16:38:12,2026-05-27 16:38:12,active,"{""category"": ""vcgt"", ""detail_url"": ""https://csdl.vietnamtourism.gov.vn/vcgt/?item=297"", ""email"": """", ""item_id"": ""297"", ""source"": ""csdl.vietnamtourism.gov.vn""}",
697,Tháp Chàm Farm,,"980/10 đường 21 Tháng 8 thuộc khu phố 1, Đô Vinh, Thành phố Phan Rang-Tháp Chàm, Ninh Thuận",39,giai_tri,0.0,0.0,0.0,,,,,0.0,0,0,,2026-05-27 16:38:12,2026-05-27 16:38:12,active,"{""category"": ""vcgt"", ""detail_url"": ""https://csdl.vietnamtourism.gov.vn/vcgt/?item=300"", ""email"": """", ""item_id"": ""300"", ""source"": ""csdl.vietnamtourism.gov.vn""}",
698,Hội đua ngựa Gò Thì Thùng,,"thôn Xuân Thành, Huyện Tuy An, Phú Yên",41,giai_tri,0.0,0.0,0.0,,,,,0.0,0,0,,2026-05-27 16:38:12,2026-05-27 16:38:12,active,"{""category"": ""vcgt"", ""detail_url"": ""https://csdl.vietnamtourism.gov.vn/vcgt/?item=303"", ""email"": """", ""item_id"": ""303"", ""source"": ""csdl.vietnamtourism.gov.vn""}",
699,Quảng trường 1 tháng 4,,"270 Nguyễn Huệ, Thành phố Tuy Hoà, Phú Yên",41,giai_tri,0.0,0.0,0.0,,,,,0.0,0,0,,2026-05-27 16:38:12,2026-05-27 16:38:12,active,"{""category"": ""vcgt"", ""detail_url"": ""https://csdl.vietnamtourism.gov.vn/vcgt/?item=306"", ""email"": """", ""item_id"": ""306"", ""source"": ""csdl.vietnamtourism.gov.vn""}",
700,Quảng trường Nghinh Phong,,"nằm ở ngã tư Nguyễn Hữu Thọ và Độc Lập, Thành phố Tuy Hoà, Phú Yên",41,giai_tri,0.0,0.0,0.0,,,,,0.0,0,0,,2026-05-27 16:38:12,2026-05-27 16:38:12,active,"{""category"": ""vcgt"", ""detail_url"": ""https://csdl.vietnamtourism.gov.vn/vcgt/?item=309"", ""email"": """", ""item_id"": ""309"", ""source"": ""csdl.vietnamtourism.gov.vn""}",
701,Chợ đêm Đồng Hới,,"Số 1 Nguyễn Văn Trỗi, Thành Phố Đồng Hới, Quảng Trị",46,giai_tri,0.0,0.0,0.0,,,,,0.0,0,0,,2026-05-27 16:38:12,2026-05-27 16:38:12,active,"{""category"": ""vcgt"", ""detail_url"": ""https://csdl.vietnamtourism.gov.vn/vcgt/?item=312"", ""email"": """", ""item_id"": ""312"", ""source"": ""csdl.vietnamtourism.gov.vn""}",
702,Phố đi bộ Đồng Hới,,"đường Phan Bội Châu thuộc phường Đồng Hải và đường Đồng Hải, phường Hải Thành, Thành Phố Đồng Hới, Quảng Trị",46,giai_tri,0.0,0.0,0.0,,,,,0.0,0,0,,2026-05-27 16:38:12,2026-05-27 16:38:12,active,"{""category"": ""vcgt"", ""detail_url"": ""https://csdl.vietnamtourism.gov.vn/vcgt/?item=315"", ""email"": """", ""item_id"": ""315"", ""source"": ""csdl.vietnamtourism.gov.vn""}",
703,Quảng trường biển Bảo Ninh,,"Đường Võ Nguyên Giáp, Thành Phố Đồng Hới, Quảng Trị",46,giai_tri,0.0,0.0,0.0,,,,,0.0,0,0,,2026-05-27 16:38:12,2026-05-27 16:38:12,active,"{""category"": ""vcgt"", ""detail_url"": ""https://csdl.vietnamtourism.gov.vn/vcgt/?item=318"", ""email"": """", ""item_id"": ""318"", ""source"": ""csdl.vietnamtourism.gov.vn""}",
704,Chợ đêm Nguyễn Hoàng Hội An,,"đường Nguyễn Hoàng, Thành phố Hội An, Quảng Nam",43,giai_tri,0.0,0.0,0.0,,,,,0.0,0,0,,2026-05-27 16:38:12,2026-05-27 16:38:12,active,"{""category"": ""vcgt"", ""detail_url"": ""https://csdl.vietnamtourism.gov.vn/vcgt/?item=321"", ""email"": """", ""item_id"": ""321"", ""source"": ""csdl.vietnamtourism.gov.vn""}",
705,Công viên Ấn tượng Hội An,,"200 đường Nguyễn Tri Phương, Thành phố Hội An, Quảng Nam",43,giai_tri,0.0,0.0,0.0,,,,,0.0,0,0,,2026-05-27 16:38:12,2026-05-27 16:38:12,active,"{""category"": ""vcgt"", ""detail_url"": ""https://csdl.vietnamtourism.gov.vn/vcgt/?item=324"", ""email"": """", ""item_id"": ""324"", ""source"": ""csdl.vietnamtourism.gov.vn""}",
706,Lotte Cinema Hội An,,"Đường Lạc Long Quân, Thành phố Hội An, Quảng Nam",43,giai_tri,0.0,0.0,0.0,,,02353769989,,0.0,0,0,,2026-05-27 16:38:12,2026-05-27 16:38:12,active,"{""category"": ""vcgt"", ""detail_url"": ""https://csdl.vietnamtourism.gov.vn/vcgt/?item=327"", ""email"": """", ""item_id"": ""327"", ""source"": ""csdl.vietnamtourism.gov.vn""}",
707,Công viên Ba Tơ,,"Số 1 Tôn Đức Thắng, Thành phố Quảng Ngãi, Quảng Ngãi",44,giai_tri,0.0,0.0,0.0,,,,,0.0,0,0,,2026-05-27 16:38:12,2026-05-27 16:38:12,active,"{""category"": ""vcgt"", ""detail_url"": ""https://csdl.vietnamtourism.gov.vn/vcgt/?item=330"", ""email"": """", ""item_id"": ""330"", ""source"": ""csdl.vietnamtourism.gov.vn""}",
708,Làng bích họa Bình An,,"thôn Thọ An, Huyện Bình Sơn, Quảng Ngãi",44,giai_tri,0.0,0.0,0.0,,,,,0.0,0,0,,2026-05-27 16:38:12,2026-05-27 16:38:12,active,"{""category"": ""vcgt"", ""detail_url"": ""https://csdl.vietnamtourism.gov.vn/vcgt/?item=333"", ""email"": """", ""item_id"": ""333"", ""source"": ""csdl.vietnamtourism.gov.vn""}",
709,Rạp chiếu phim Galaxy Thuận Thiên,,"302 Phan Đình Phùng, Thành phố Quảng Ngãi, Quảng Ngãi",44,giai_tri,0.0,0.0,0.0,,,,,0.0,0,0,,2026-05-27 16:38:12,2026-05-27 16:38:12,active,"{""category"": ""vcgt"", ""detail_url"": ""https://csdl.vietnamtourism.gov.vn/vcgt/?item=336"", ""email"": """", ""item_id"": ""336"", ""source"": ""csdl.vietnamtourism.gov.vn""}",
710,Bảo tàng tỉnh Quảng Trị,,"Số 8 Nguyễn Huệ, Đông Hà, Thành phố Đông Hà",64,giai_tri,0.0,0.0,0.0,,,,,0.0,0,0,,2026-05-27 16:38:12,2026-05-27 16:38:12,active,"{""category"": ""vcgt"", ""detail_url"": ""https://csdl.vietnamtourism.gov.vn/vcgt/?item=339"", ""email"": """", ""item_id"": ""339"", ""source"": ""csdl.vietnamtourism.gov.vn""}",
711,Chợ đêm Đông Hà,,"Khu phố 6, Thành phố Đông Hà",22,giai_tri,0.0,0.0,0.0,,,,,0.0,0,0,,2026-05-27 16:38:12,2026-05-27 16:38:12,active,"{""category"": ""vcgt"", ""detail_url"": ""https://csdl.vietnamtourism.gov.vn/vcgt/?item=342"", ""email"": """", ""item_id"": ""342"", ""source"": ""csdl.vietnamtourism.gov.vn""}",
712,Công viên Fidel,,"167 Trần Hưng Đạo, Đông Hà, Thành phố Đông Hà",22,giai_tri,0.0,0.0,0.0,,,,,0.0,0,0,,2026-05-27 16:38:12,2026-05-27 16:38:12,active,"{""category"": ""vcgt"", ""detail_url"": ""https://csdl.vietnamtourism.gov.vn/vcgt/?item=345"", ""email"": """", ""item_id"": ""345"", ""source"": ""csdl.vietnamtourism.gov.vn""}",
713,Bãi biển Sầm Sơn,,"Đường Hồ Xuân Hương, Thành phố Sầm Sơn, Thanh Hoá",52,giai_tri,0.0,0.0,0.0,,,,,0.0,0,0,,2026-05-27 16:38:12,2026-05-27 16:38:12,active,"{""category"": ""vcgt"", ""detail_url"": ""https://csdl.vietnamtourism.gov.vn/vcgt/?item=348"", ""email"": """", ""item_id"": ""348"", ""source"": ""csdl.vietnamtourism.gov.vn""}",
714,Công viên Hội An,,"Nằm trên 2 tuyến đường Lê Hoàn và Đại lộ Lê Lợi kéo dài, Thành phố Thanh Hóa, Thanh Hoá",52,giai_tri,0.0,0.0,0.0,,,,,0.0,0,0,,2026-05-27 16:38:12,2026-05-27 16:38:12,active,"{""category"": ""vcgt"", ""detail_url"": ""https://csdl.vietnamtourism.gov.vn/vcgt/?item=351"", ""email"": """", ""item_id"": ""351"", ""source"": ""csdl.vietnamtourism.gov.vn""}",
715,Quảng trường Lam Sơn,,"Đường Phan Chu Trinh, Thành phố Thanh Hóa, Thanh Hoá",52,giai_tri,0.0,0.0,0.0,,,,,0.0,0,0,,2026-05-27 16:38:12,2026-05-27 16:38:12,active,"{""category"": ""vcgt"", ""detail_url"": ""https://csdl.vietnamtourism.gov.vn/vcgt/?item=354"", ""email"": """", ""item_id"": ""354"", ""source"": ""csdl.vietnamtourism.gov.vn""}",
716,Bảo tàng Cổ vật Cung đình Huế,,"Số 3 Lê Trực, Thành phố Huế, Thành phố Huế",64,giai_tri,0.0,0.0,0.0,,,,,0.0,0,0,,2026-05-27 16:38:12,2026-05-27 16:38:12,active,"{""category"": ""vcgt"", ""detail_url"": ""https://csdl.vietnamtourism.gov.vn/vcgt/?item=357"", ""email"": """", ""item_id"": ""357"", ""source"": ""csdl.vietnamtourism.gov.vn""}",
717,Phố đi bộ Nguyễn Đình Chiểu,,"Đường Nguyễn Đình Chiểu, Thành phố Huế, Thành phố Huế",64,giai_tri,0.0,0.0,0.0,,,,,0.0,0,0,,2026-05-27 16:38:12,2026-05-27 16:38:12,active,"{""category"": ""vcgt"", ""detail_url"": ""https://csdl.vietnamtourism.gov.vn/vcgt/?item=360"", ""email"": """", ""item_id"": ""360"", ""source"": ""csdl.vietnamtourism.gov.vn""}",
718,Trung tâm giải trí Starlight Huế,,"Số 6 Trần Hưng Đạo, Thành phố Huế, Thành phố Huế",64,giai_tri,0.0,0.0,0.0,,,,,0.0,0,0,,2026-05-27 16:38:12,2026-05-27 16:38:12,active,"{""category"": ""vcgt"", ""detail_url"": ""https://csdl.vietnamtourism.gov.vn/vcgt/?item=363"", ""email"": """", ""item_id"": ""363"", ""source"": ""csdl.vietnamtourism.gov.vn""}",
719,Công viên Sa Đéc,,"Đường Tôn Đức Thắng, Thành phố Sa Đéc",22,giai_tri,0.0,0.0,0.0,,,,,0.0,0,0,,2026-05-27 16:38:12,2026-05-27 16:38:12,active,"{""category"": ""vcgt"", ""detail_url"": ""https://csdl.vietnamtourism.gov.vn/vcgt/?item=364"", ""email"": """", ""item_id"": ""364"", ""source"": ""csdl.vietnamtourism.gov.vn""}",
720,Công viên nước Phương Nam,,"ĐH 69, Tân Khánh Trung, Huyện Lấp Vò",22,giai_tri,0.0,0.0,0.0,,,,,0.0,0,0,,2026-05-27 16:38:12,2026-05-27 16:38:12,active,"{""category"": ""vcgt"", ""detail_url"": ""https://csdl.vietnamtourism.gov.vn/vcgt/?item=366"", ""email"": """", ""item_id"": ""366"", ""source"": ""csdl.vietnamtourism.gov.vn""}",
721,Sa Nhiên Garden,,"22 Sa Nhiên, Ấp Khánh Hòa, Thành phố Sa Đéc",28,giai_tri,0.0,0.0,0.0,,,0908151708,,0.0,0,0,,2026-05-27 16:38:12,2026-05-27 16:38:12,active,"{""category"": ""vcgt"", ""detail_url"": ""https://csdl.vietnamtourism.gov.vn/vcgt/?item=368"", ""email"": """", ""item_id"": ""368"", ""source"": ""csdl.vietnamtourism.gov.vn""}",
722,Khu du lịch sinh thái Mỹ Phước Thành,,"266 Tôn Đức Thắng, Mỹ Trà, Thành phố Cao Lãnh",17,giai_tri,0.0,0.0,0.0,,,0917511132,,0.0,0,0,,2026-05-27 16:38:12,2026-05-27 16:38:12,active,"{""category"": ""vcgt"", ""detail_url"": ""https://csdl.vietnamtourism.gov.vn/vcgt/?item=370"", ""email"": """", ""item_id"": ""370"", ""source"": ""csdl.vietnamtourism.gov.vn""}",
723,Vườn sinh thái Nam Hương,,"19 Lê Lợi, khóm 2, Tân Hồng, Huyện Tân Hồng",0,giai_tri,0.0,0.0,0.0,,,0918338482,,0.0,0,0,,2026-05-27 16:38:12,2026-05-27 16:38:12,active,"{""category"": ""vcgt"", ""detail_url"": ""https://csdl.vietnamtourism.gov.vn/vcgt/?item=374"", ""email"": """", ""item_id"": ""374"", ""source"": ""csdl.vietnamtourism.gov.vn""}",
724,Trung tâm thương mại Vincom Plaza Hạ Long,,"Đường Trần Quốc Nghiễn, Thành phố Hạ Long, Quảng Ninh",45,giai_tri,0.0,0.0,0.0,,,02036281818,,0.0,0,0,,2026-05-27 16:38:12,2026-05-27 16:38:12,active,"{""category"": ""vcgt"", ""detail_url"": ""https://csdl.vietnamtourism.gov.vn/vcgt/?item=375"", ""email"": """", ""item_id"": ""375"", ""source"": ""csdl.vietnamtourism.gov.vn""}",
725,Trung tâm thương mại Vincom Plaza Cẩm Phả,,"Tổ 4, Khu Diêm Thủy, Thành phố Cẩm Phả, Quảng Ninh",45,giai_tri,0.0,0.0,0.0,,,0904140290,,0.0,0,0,,2026-05-27 16:38:12,2026-05-27 16:38:12,active,"{""category"": ""vcgt"", ""detail_url"": ""https://csdl.vietnamtourism.gov.vn/vcgt/?item=376"", ""email"": ""V.cskh-vcpcampha@vincom.com.vn"", ""item_id"": ""376"", ""source"": ""csdl.vietnamtourism.gov.vn""}",
726,Cà phê Le Petit,,"135 Trần Hưng Đạo, Thành phố Tây Ninh",49,giai_tri,0.0,0.0,0.0,,,02766289555,,0.0,0,0,,2026-05-27 16:38:12,2026-05-27 16:38:12,active,"{""category"": ""vcgt"", ""detail_url"": ""https://csdl.vietnamtourism.gov.vn/vcgt/?item=378"", ""email"": """", ""item_id"": ""378"", ""source"": ""csdl.vietnamtourism.gov.vn""}",
727,Khu du lịch sinh thái Phú Hữu,,"Đường tỉnh 925, ấp Phú Nghĩa, Phú Hữu, Huyện Châu Thành, Hậu Giang",25,giai_tri,0.0,0.0,0.0,,,,,0.0,0,0,,2026-05-27 16:38:12,2026-05-27 16:38:12,active,"{""category"": ""vcgt"", ""detail_url"": ""https://csdl.vietnamtourism.gov.vn/vcgt/?item=384"", ""email"": """", ""item_id"": ""384"", ""source"": ""csdl.vietnamtourism.gov.vn""}",
728,Khu Văn hóa Hồ Sen,,"Đường Hồ Xuân Hương, Thành phố Vị Thanh, Hậu Giang",25,giai_tri,0.0,0.0,0.0,,,0922787343,,0.0,0,0,,2026-05-27 16:38:12,2026-05-27 16:38:12,active,"{""category"": ""vcgt"", ""detail_url"": ""https://csdl.vietnamtourism.gov.vn/vcgt/?item=385"", ""email"": """", ""item_id"": ""385"", ""source"": ""csdl.vietnamtourism.gov.vn""}",
729,CGV Vincom Plaza Tây Ninh,,"4 Đặng Ngọc Chinh, Khu phố 1, Tân Ninh, Thành phố Tây Ninh",49,giai_tri,0.0,0.0,0.0,,,,,0.0,0,0,,2026-05-27 16:38:12,2026-05-27 16:38:12,active,"{""category"": ""vcgt"", ""detail_url"": ""https://csdl.vietnamtourism.gov.vn/vcgt/?item=386"", ""email"": """", ""item_id"": ""386"", ""source"": ""csdl.vietnamtourism.gov.vn""}",
730,DoveZi Coffee,,"258 Nguyễn Văn Rốp, Thành phố Tây Ninh",49,giai_tri,0.0,0.0,0.0,,,0961189957,,0.0,0,0,,2026-05-27 16:38:12,2026-05-27 16:38:12,active,"{""category"": ""vcgt"", ""detail_url"": ""https://csdl.vietnamtourism.gov.vn/vcgt/?item=390"", ""email"": """", ""item_id"": ""390"", ""source"": ""csdl.vietnamtourism.gov.vn""}",
731,Quảng trường Hòa Bình,,"3 Xô Viết Nghệ Tĩnh, Thành phố Vị Thanh, Hậu Giang",25,giai_tri,0.0,0.0,0.0,,,,,0.0,0,0,,2026-05-27 16:38:12,2026-05-27 16:38:12,active,"{""category"": ""vcgt"", ""detail_url"": ""https://csdl.vietnamtourism.gov.vn/vcgt/?item=391"", ""email"": """", ""item_id"": ""391"", ""source"": ""csdl.vietnamtourism.gov.vn""}",
732,Khu di tích lịch sử Giồng Bớm,,"ấp 7, xã Phong Thạnh Tây, thị xã Giá Rai, Thị xã Giá Rai, Bạc Liêu",2,giai_tri,0.0,0.0,0.0,,,,,0.0,0,0,,2026-05-27 16:38:12,2026-05-27 16:38:12,active,"{""category"": ""vcgt"", ""detail_url"": ""https://csdl.vietnamtourism.gov.vn/vcgt/?item=392"", ""email"": """", ""item_id"": ""392"", ""source"": ""csdl.vietnamtourism.gov.vn""}",
733,EDEN Sky Bar & Café,,"81 Hoàng Lê Kha, Tân Ninh, Thành phố Tây Ninh",49,giai_tri,0.0,0.0,0.0,,,,,0.0,0,0,,2026-05-27 16:38:12,2026-05-27 16:38:12,active,"{""category"": ""vcgt"", ""detail_url"": ""https://csdl.vietnamtourism.gov.vn/vcgt/?item=393"", ""email"": """", ""item_id"": ""393"", ""source"": ""csdl.vietnamtourism.gov.vn""}",
734,Chợ đêm Hà Tiên,,"Trước công viên Đông Hồ Ấn Nguyệt, Hà Tiên, Thị xã Hà Tiên, An Giang",1,giai_tri,0.0,0.0,0.0,,,,,0.0,0,0,,2026-05-27 16:38:12,2026-05-27 16:38:12,active,"{""category"": ""vcgt"", ""detail_url"": ""https://csdl.vietnamtourism.gov.vn/vcgt/?item=394"", ""email"": """", ""item_id"": ""394"", ""source"": ""csdl.vietnamtourism.gov.vn""}",
735,Holiday Club Tây Ninh,,"796 Cách Mạng Tháng 8, Thành phố Tây Ninh",49,giai_tri,0.0,0.0,0.0,,,0966277029,,0.0,0,0,,2026-05-27 16:38:12,2026-05-27 16:38:12,active,"{""category"": ""vcgt"", ""detail_url"": ""https://csdl.vietnamtourism.gov.vn/vcgt/?item=395"", ""email"": """", ""item_id"": ""395"", ""source"": ""csdl.vietnamtourism.gov.vn""}",
736,Karaoke Hồng Tuyết,,"224 Huỳnh Công Giản, KP1, Thành phố Tây Ninh",49,giai_tri,0.0,0.0,0.0,,,0968797957,,0.0,0,0,,2026-05-27 16:38:12,2026-05-27 16:38:12,active,"{""category"": ""vcgt"", ""detail_url"": ""https://csdl.vietnamtourism.gov.vn/vcgt/?item=396"", ""email"": """", ""item_id"": ""396"", ""source"": ""csdl.vietnamtourism.gov.vn""}",
737,Karaoke Vui Vui,,"139 Nguyễn Văn Rốp, Thành phố Tây Ninh",49,giai_tri,0.0,0.0,0.0,,,0934563139,,0.0,0,0,,2026-05-27 16:38:12,2026-05-27 16:38:12,active,"{""category"": ""vcgt"", ""detail_url"": ""https://csdl.vietnamtourism.gov.vn/vcgt/?item=397"", ""email"": """", ""item_id"": ""397"", ""source"": ""csdl.vietnamtourism.gov.vn""}",
738,Phòng trưng bày nghệ thuật Phu Quoc Gallery of Contemporary Art (GoCA),,"Tổ 2, ấp Ông Lang, Thành phố Phú Quốc, An Giang",1,giai_tri,0.0,0.0,0.0,,,0899000109,,0.0,0,0,,2026-05-27 16:38:12,2026-05-27 16:38:12,active,"{""category"": ""vcgt"", ""detail_url"": ""https://csdl.vietnamtourism.gov.vn/vcgt/?item=398"", ""email"": ""phuquocgoca@gmail.com"", ""item_id"": ""398"", ""source"": ""csdl.vietnamtourism.gov.vn""}",
739,Di tích Lịch sử - Văn hóa cấp Quốc gia Đền thờ Chủ tịch Hồ Chí Minh,,"Ấp bà Chăng, Huyện Vĩnh Lợi, Bạc Liêu",2,giai_tri,0.0,0.0,0.0,,,,,0.0,0,0,,2026-05-27 16:38:12,2026-05-27 16:38:12,active,"{""category"": ""vcgt"", ""detail_url"": ""https://csdl.vietnamtourism.gov.vn/vcgt/?item=399"", ""email"": """", ""item_id"": ""399"", ""source"": ""csdl.vietnamtourism.gov.vn""}",
740,You're My Angel Coffee.TEA.Dessert,,"222 Võ Thị Sáu, Thành phố Tây Ninh",49,giai_tri,0.0,0.0,0.0,,,02766559601,,0.0,0,0,,2026-05-27 16:38:12,2026-05-27 16:38:12,active,"{""category"": ""vcgt"", ""detail_url"": ""https://csdl.vietnamtourism.gov.vn/vcgt/?item=400"", ""email"": """", ""item_id"": ""400"", ""source"": ""csdl.vietnamtourism.gov.vn""}",
741,Bảo tàng Cội Nguồn,,"149 Trần Hưng Đạo, KP 7, Phú Quốc, Thành phố Phú Quốc, An Giang",1,giai_tri,0.0,0.0,0.0,,,02963980206,,0.0,0,0,,2026-05-27 16:38:12,2026-05-27 16:38:12,active,"{""category"": ""vcgt"", ""detail_url"": ""https://csdl.vietnamtourism.gov.vn/vcgt/?item=401"", ""email"": """", ""item_id"": ""401"", ""source"": ""csdl.vietnamtourism.gov.vn""}",
742,RITA Cafe,,"đường Trần Huỳnh, Thành phố Bạc Liêu, Bạc Liêu",2,giai_tri,0.0,0.0,0.0,,,02910889020268,,0.0,0,0,,2026-05-27 16:38:12,2026-05-27 16:38:12,active,"{""category"": ""vcgt"", ""detail_url"": ""https://csdl.vietnamtourism.gov.vn/vcgt/?item=402"", ""email"": ""capherita@gmail.com"", ""item_id"": ""402"", ""source"": ""csdl.vietnamtourism.gov.vn""}",
743,"Siêu quần thể nghỉ dưỡng, vui chơi, giải trí Phú Quốc United Center",,"Khu Bãi Dài, Phú Quốc, Thành phố Phú Quốc, An Giang",1,giai_tri,0.0,0.0,0.0,,,,,0.0,0,0,,2026-05-27 16:38:12,2026-05-27 16:38:12,active,"{""category"": ""vcgt"", ""detail_url"": ""https://csdl.vietnamtourism.gov.vn/vcgt/?item=403"", ""email"": """", ""item_id"": ""403"", ""source"": ""csdl.vietnamtourism.gov.vn""}",
744,268 Club,,"268 Lộ Tập Đoàn, Đạo Thạnh, Thành phố Mỹ Tho, Đồng Tháp",17,giai_tri,0.0,0.0,0.0,,,0971505677,,0.0,0,0,,2026-05-27 16:38:12,2026-05-27 16:38:12,active,"{""category"": ""vcgt"", ""detail_url"": ""https://csdl.vietnamtourism.gov.vn/vcgt/?item=404"", ""email"": """", ""item_id"": ""404"", ""source"": ""csdl.vietnamtourism.gov.vn""}",
745,Công viên Sun World Hòn Thơm,,"Đảo Hòn Thơm, Phú Quốc, Thành phố Phú Quốc, An Giang",1,giai_tri,0.0,0.0,0.0,,,0886045888,,0.0,0,0,,2026-05-27 16:38:12,2026-05-27 16:38:12,active,"{""category"": ""vcgt"", ""detail_url"": ""https://csdl.vietnamtourism.gov.vn/vcgt/?item=405"", ""email"": ""honthomnaturepark@sunword.vn"", ""item_id"": ""405"", ""source"": ""csdl.vietnamtourism.gov.vn""}",
746,Bao Minh Coffee,,"02 Thủ Khoa Huân, Mỹ Tho, Thành phố Mỹ Tho, Đồng Tháp",17,giai_tri,0.0,0.0,0.0,,,,,0.0,0,0,,2026-05-27 16:38:12,2026-05-27 16:38:12,active,"{""category"": ""vcgt"", ""detail_url"": ""https://csdl.vietnamtourism.gov.vn/vcgt/?item=406"", ""email"": """", ""item_id"": ""406"", ""source"": ""csdl.vietnamtourism.gov.vn""}",
747,CGV GO! Mỹ Tho,,"545 Lê Văn Phẩm, Đạo Thạnh, Thành phố Mỹ Tho, Đồng Tháp",17,giai_tri,0.0,0.0,0.0,,,02733888921,,0.0,0,0,,2026-05-27 16:38:12,2026-05-27 16:38:12,active,"{""category"": ""vcgt"", ""detail_url"": ""https://csdl.vietnamtourism.gov.vn/vcgt/?item=407"", ""email"": """", ""item_id"": ""407"", ""source"": ""csdl.vietnamtourism.gov.vn""}",
748,Đại Việt Bookstore & Coffee,,"16 Thiên Hộ Dương, Mỹ Tho, Thành phố Mỹ Tho, Đồng Tháp",17,giai_tri,0.0,0.0,0.0,,,0908888490,,0.0,0,0,,2026-05-27 16:38:12,2026-05-27 16:38:12,active,"{""category"": ""vcgt"", ""detail_url"": ""https://csdl.vietnamtourism.gov.vn/vcgt/?item=408"", ""email"": """", ""item_id"": ""408"", ""source"": ""csdl.vietnamtourism.gov.vn""}",
749,Công viên khu lấn biển Rạch Giá,,", Rạch Giá, Thành phố Rạch Giá, An Giang",1,giai_tri,0.0,0.0,0.0,,,,,0.0,0,0,,2026-05-27 16:38:12,2026-05-27 16:38:12,active,"{""category"": ""vcgt"", ""detail_url"": ""https://csdl.vietnamtourism.gov.vn/vcgt/?item=409"", ""email"": """", ""item_id"": ""409"", ""source"": ""csdl.vietnamtourism.gov.vn""}",
750,Cafe villa 42,,"Cao Văn Lầu - Khóm Đầu Lộ A, Thành phố Bạc Liêu, Bạc Liêu",2,giai_tri,0.0,0.0,0.0,,,0911880052,,0.0,0,0,,2026-05-27 16:38:12,2026-05-27 16:38:12,active,"{""category"": ""vcgt"", ""detail_url"": ""https://csdl.vietnamtourism.gov.vn/vcgt/?item=410"", ""email"": """", ""item_id"": ""410"", ""source"": ""csdl.vietnamtourism.gov.vn""}",
