maDiaDiem,tenDiaDiem,moTa,diaChi,maTinhThanh,tenTinhThanh,loaiDiaDiem,viDo,kinhDo,giaVe,gioMoCua,gioDongCua,dienThoai,website,danhGiaTrungBinh,soLuotDanhGia,soLuotXem,maNguoiTao,tenNguoiTao,ngayTao,lanCapNhatCuoi,trangThai,dacDiem,tienNghi
50541,Library Hai Phong,Địa điểm library tại Hai Phong,"Hai Phong, Việt Nam",87,Hải Phòng,dia_danh,21.281272813893217,107.02116597278852,,,,,,5.0,5,0,,,2025-11-04 13:38:22,2025-11-04 14:18:46,active,"{""category"": ""library"", ""source"": """", ""image_url"": null, ""province"": null}",
50336,Lăng Chủ tịch Hồ Chí Minh và Quảng trường Ba Đình,"Nơi an nghỉ của Chủ tịch Hồ Chí Minh, là biểu tượng lịch sử và chính trị quan trọng nhất của Việt Nam.","Số 2 Hùng Vương, Điện Biên, Ba Đình, Hà Nội",79,Hà Nội,dia_danh,21.03673,105.834689,,7:30 - 10:30,,,,4.6,5,1,,,2025-11-02 18:33:16,2025-11-04 14:18:46,active,"Công trình kiến trúc vĩ đại, nghi lễ thượng cờ",
50338,Phố Cổ Hà Nội (Khu 36 phố phường),"Khu vực buôn bán sầm uất với kiến trúc cổ kính, là nơi tập trung tinh hoa ẩm thực và văn hóa truyền thống Hà Nội.","Các phố Hàng Ngang, Hàng Đào, Mã Mây, Tạ Hiện (Quận Hoàn Kiếm)",79,Hà Nội,dia_danh,21.033575,105.851944,,Cả ngày,,,,4.6,5,1,,,2025-11-02 18:33:16,2025-11-04 14:18:47,active,"Kiến trúc nhà ống cổ, chợ đêm, phố bia Tạ Hiện","Ẩm thực đường phố, mua sắm"
50374,Dốc Thẩm Mã,"Dốc Thẩm Mã là một trong những con dốc nổi tiếng và hiểm trở nhất trên cung đường Hạnh Phúc, thuộc Cao nguyên đá Đồng Văn, Hà Giang. Với 9 khúc cua tay áo liên tiếp, dốc uốn lượn mềm mại như dải lụa vắt ngang sườn núi, tạo nên một cảnh quan hùng vĩ và ngoạn mục. Đây là điểm dừng chân lý tưởng để du khách chiêm ngưỡng vẻ đẹp của núi rừng Đông Bắc, chụp ảnh check-in và trải nghiệm cảm giác chinh phục những cung đường đèo thách thức, đặc biệt là vào mùa hoa tam giác mạch hoặc mùa lúa chín.","Quốc lộ 4C, xã Pải Lủng, huyện Đồng Văn, tỉnh Hà Giang, Việt Nam",80,Hà Giang,dia_danh,22.79918,105.01985,,00:00,24:00,,,4.6,5,0,,,2025-11-02 19:15:58,2025-11-04 14:18:45,active,"9 khúc cua tay áo, cảnh quan núi đá hùng vĩ, điểm check-in nổi tiếng, cung đường đèo hiểm trở, tầm nhìn bao quát thung lũng.","Chỗ dừng chân ngắm cảnh, quán nước nhỏ và hàng bán đồ lưu niệm của người dân địa phương."
50424,Seaside Nha Trang,Thông tin về Seaside Nha Trang tại Thanh Hoa. Đây là một địa điểm nổi tiếng với nhiều hoạt động và trải nghiệm thú vị.,"Thanh Hoa, Việt Nam",130,Thanh Hóa,nha_hang,19.785064041756776,105.67558263585232,,,,,,4.6,5,0,,,2025-11-04 13:34:48,2025-11-04 14:18:47,active,"{""category"": ""traditional_restaurant"", ""source"": """", ""image_url"": null, ""province"": null}",
50445,Ho Bai Bien,Thông tin về Ho Bai Bien tại Quang Tri. Đây là một địa điểm nổi tiếng với nhiều hoạt động và trải nghiệm thú vị.,"Quang Tri, Việt Nam",131,Thừa Thiên Huế,dia_danh,16.73530480505683,107.33833541299605,30000.0,,,,,4.6,5,0,,,2025-11-04 13:34:54,2025-11-04 14:18:46,active,"{""category"": ""waterfall"", ""source"": """", ""image_url"": null, ""province"": null}",
50540,River Hai Phong,Địa điểm river tại Hai Phong,"Hai Phong, Việt Nam",87,Hải Phòng,dia_danh,21.177979201657404,106.45157347511405,,,,,,4.6,5,0,,,2025-11-04 13:38:22,2025-11-04 14:18:47,active,"{""category"": ""river"", ""source"": """", ""image_url"": null, ""province"": null}",
50559,Bien Thanh Thanh Hoa,Điểm đến waterfall tại Thanh Hoa,"Thanh Hoa, Việt Nam",130,Thanh Hóa,dia_danh,19.906482596468543,106.12200781529938,30000.0,,,,,4.6,5,0,,,2025-11-04 13:38:28,2025-11-04 14:18:46,active,"{""category"": ""waterfall"", ""source"": """", ""image_url"": null, ""province"": null}",
50342,Nhà thờ Lớn Hà Nội,"Công trình kiến trúc Gothic cổ kính được xây dựng từ cuối thế kỷ 19, là nơi sinh hoạt tôn giáo và điểm check-in nổi tiếng.","40 Nhà Chung, Hàng Trống, Hoàn Kiếm, Hà Nội",79,Hà Nội,dia_danh,21.026362,105.851083,,Tham quan bên ngoài: Cả ngày,,,,4.5,0,0,,,2025-11-02 18:33:16,2025-11-02 18:33:16,active,"Kiến trúc Gothic, khu vực cà phê",Các dịch vụ giải trí xung quanh
50343,Hoàng thành Thăng Long,"Di sản Văn hóa Thế giới, khu di tích lịch sử quan trọng, chứng kiến thăng trầm của các triều đại phong kiến Việt Nam.","19 Hoàng Diệu, Điện Biên, Ba Đình, Hà Nội",79,Hà Nội,dia_danh,21.037861,105.836066,30000.0,08:00 - 17:00,,+84 24 3734 5440,http://www.hoangthanhthanglong.vn/,4.5,0,0,,,2025-11-02 18:33:16,2025-11-02 18:33:16,active,"Khu di tích khảo cổ, Cột cờ Hà Nội, Đoan Môn",Khu vực trưng bày
50349,Làng cổ Đường Lâm,"Làng cổ đầu tiên được Nhà nước công nhận là Di tích lịch sử văn hóa quốc gia, nổi tiếng với kiến trúc nhà cổ bằng đá ong.","Thị xã Sơn Tây, Hà Nội (cách trung tâm khoảng 44km)",79,Hà Nội,dia_danh,21.146914,105.421596,20000.0,08:00 - 17:00,,,,4.5,0,0,,,2025-11-02 18:33:16,2025-11-02 18:33:16,active,"Nhà cổ đá ong, Đình Mông Phụ, chùa Mía","Homestay, dịch vụ ăn uống"
50353,Chùa Hương,"Quần thể văn hóa - tôn giáo lớn, nổi tiếng với chuyến đi thuyền qua suối Yến và lễ hội chùa Hương đầu năm.","Xã Hương Sơn, huyện Mỹ Đức, Hà Nội (cách trung tâm khoảng 60km)",79,Hà Nội,dia_danh,20.672937,105.748366,80000.0,06:00 - 18:00,,,,4.5,0,0,,,2025-11-02 18:33:16,2025-11-02 18:33:16,active,"Du thuyền trên suối Yến, lễ hội đầu năm","Nhà hàng, cáp treo"
50356,Bảo tàng Phụ nữ Việt Nam,"Nơi trưng bày các hiện vật, hình ảnh về vai trò và đóng góp của phụ nữ Việt Nam trong lịch sử và đời sống.","36 Lý Thường Kiệt, Hàng Bài, Hoàn Kiếm, Hà Nội",79,Hà Nội,dia_danh,21.018861,105.854298,40000.0,08:00 - 17:00,,+84 24 3825 9180,http://www.vnwm.org.vn/,4.5,0,0,,,2025-11-02 18:33:16,2025-11-02 18:33:16,active,"Trưng bày theo chủ đề: Gia đình, Phụ nữ trong chiến tranh","Quầy lưu niệm, quán cà phê"
50357,Nhà Hát Lớn Hà Nội,"Công trình kiến trúc tân cổ điển tuyệt đẹp, là trung tâm biểu diễn nghệ thuật lớn của thủ đô.","1 Tràng Tiền, Phan Chu Trinh, Hoàn Kiếm, Hà Nội",79,Hà Nội,dia_danh,21.021021,105.856012,,Thay đổi theo chương trình,,+84 24 3933 0100,http://hanoioperahouse.org.vn/,4.5,0,0,,,2025-11-02 18:33:16,2025-11-02 18:33:16,active,"Kiến trúc Pháp, biểu diễn Opera, múa, hòa nhạc","Quầy bar, phòng chờ"
50359,Đền Quán Thánh,"Một trong Tứ trấn Thăng Long, thờ Huyền Thiên Trấn Vũ, bảo vệ phía Bắc kinh thành.","Đường Thanh Niên, Quán Thánh, Ba Đình, Hà Nội",79,Hà Nội,dia_danh,21.045431,105.836366,10000.0,08:00 - 17:00,,,,4.5,0,0,,,2025-11-02 18:33:16,2025-11-02 18:33:16,active,"Kiến trúc đền cổ, tượng Trấn Vũ bằng đồng",
50364,Phố Sách Đinh Lễ,"Con phố nhỏ nổi tiếng với các nhà sách lớn và nhỏ, là địa điểm lý tưởng cho những người yêu thích đọc sách.","Phố Đinh Lễ, Tràng Tiền, Hoàn Kiếm, Hà Nội",79,Hà Nội,dia_danh,21.026402,105.855322,,08:00 - 21:00,,,,4.5,0,0,,,2025-11-02 18:33:16,2025-11-02 18:33:16,active,"Đa dạng các loại sách, không gian yên tĩnh","Quán cà phê, tiện ích xung quanh"
50366,Cột cờ Hà Nội,"Di tích lịch sử nằm trong khuôn viên Bảo tàng Lịch sử Quân sự Việt Nam, là biểu tượng kiên cường của Thủ đô.","Điện Biên Phủ, Điện Bàn, Ba Đình, Hà Nội",79,Hà Nội,dia_danh,21.033611,105.842778,30000.0,08:00 - 17:00,,+84 24 3734 3291,,4.5,0,0,,,2025-11-02 18:33:16,2025-11-02 18:33:16,active,Kiến trúc độc đáo,
50409,Seaside Da Lat,Thông tin về Seaside Da Lat tại Hanoi. Đây là một địa điểm nổi tiếng với nhiều hoạt động và trải nghiệm thú vị.,"Hanoi, Việt Nam",79,Hà Nội,dia_danh,20.784231173154883,106.29933222821812,,,,,,4.5,0,0,,,2025-11-04 13:34:43,2025-11-04 13:34:43,active,"{""category"": ""cafe"", ""source"": """", ""image_url"": null, ""province"": null}",
50459,Bãi biển Mỹ Khê,Bãi biển đẹp nhất Việt Nam,"Da Nang, Việt Nam",86,Đà Nẵng,dia_danh,16.0567,108.2456,,,,,,4.5,0,0,,,2025-11-04 13:36:16,2025-11-04 13:36:16,active,"{""category"": ""beach"", ""source"": """", ""image_url"": null, ""province"": null}",
50506,Bien Lich,Điểm đến historical site tại Binh Thuan,"Binh Thuan, Việt Nam",113,Lâm Đồng,dia_danh,11.232576987553074,108.2073274404244,,,,,,4.5,0,0,,,2025-11-04 13:36:31,2025-11-04 13:36:31,active,"{""category"": ""historical_site"", ""source"": """", ""image_url"": null, ""province"": null}",
50508,Quan An Ngon,Nhà hàng phở nổi tiếng nhất Hà Nội,"Hanoi, Việt Nam",79,Hà Nội,nha_hang,21.0255,105.8542,,,,,,4.5,0,0,,,2025-11-04 13:38:11,2025-11-04 13:38:11,active,"{""category"": ""traditional_restaurant"", ""source"": """", ""image_url"": null, ""province"": null}",
50511,Hồ Gươm,Hồ nước nổi tiếng ở trung tâm Hà Nội với Tháp Rùa cổ kính,"Hanoi, Việt Nam",79,Hà Nội,dia_danh,21.0285,105.8542,,,,,,4.5,0,0,,,2025-11-04 13:38:12,2025-11-04 13:38:12,active,"{""category"": ""attraction"", ""source"": """", ""image_url"": null, ""province"": null}",
50512,One Pillar Pagoda,Chùa Một Cột với kiến trúc độc đáo,"Hanoi, Việt Nam",79,Hà Nội,dia_danh,21.0356,105.8322,,,,,,4.5,0,0,,,2025-11-04 13:38:13,2025-11-04 13:38:13,active,"{""category"": ""unique_pagoda"", ""source"": """", ""image_url"": null, ""province"": null}",
50514,Pub Sunrise,Địa điểm bar tại Hanoi,"Hanoi, Việt Nam",79,Hà Nội,dia_danh,21.033728179523887,106.17597156961752,,,,,,4.5,0,0,,,2025-11-04 13:38:13,2025-11-04 13:38:13,active,"{""category"": ""bar"", ""source"": """", ""image_url"": null, ""province"": null}",
50516,Oriental Spa,Spa châu Á toàn diện,"Hanoi, Việt Nam",79,Hà Nội,dia_danh,21.0255,105.8542,,,,,,4.5,0,0,,,2025-11-04 13:38:14,2025-11-04 13:38:14,active,"{""category"": ""holistic_spa"", ""source"": """", ""image_url"": null, ""province"": null}",
50574,Port Nghe An,Địa điểm port tại Nghe An,"Nghe An, Việt Nam",115,Nghệ An,dia_danh,19.16520534480633,105.66762958221864,,,,,,4.5,0,0,,,2025-11-04 13:38:32,2025-11-04 13:38:32,active,"{""category"": ""port"", ""source"": """", ""image_url"": null, ""province"": null}",
50594,Beach Ha Tinh,Địa điểm beach tại Ha Tinh,"Ha Tinh, Việt Nam",105,Hà Tĩnh,dia_danh,18.61347168097641,105.89282162886772,,,,,,4.5,0,0,,,2025-11-04 13:38:39,2025-11-04 13:38:39,active,"{""category"": ""beach"", ""source"": """", ""image_url"": null, ""province"": null}",
50603,Bar Mountain,Địa điểm cafe tại Ha Tinh,"Ha Tinh, Việt Nam",105,Hà Tĩnh,dia_danh,18.77405453562064,105.40707905925836,,,,,,4.5,0,0,,,2025-11-04 13:38:42,2025-11-04 13:38:42,active,"{""category"": ""cafe"", ""source"": """", ""image_url"": null, ""province"": null}",
50371,Dinh thự Vua Mèo (Dinh thự Họ Vương),"Dinh thự Vua Mèo, hay còn gọi là Dinh thự Họ Vương, là một công trình kiến trúc cổ độc đáo nằm giữa thung lũng Sà Phìn, huyện Đồng Văn, tỉnh Hà Giang. Đây là nơi ở và làm việc của vua Mèo Vương Chính Đức, người đứng đầu cộng đồng người Mông ở vùng cao nguyên đá Đồng Văn đầu thế kỷ 20. Dinh thự được xây dựng từ năm 1919 đến 1929, với sự kết hợp hài hòa giữa kiến trúc Pháp, kiến trúc Mông và kiến trúc Trung Hoa (nhà Thanh). Vật liệu xây dựng chủ yếu là đá xanh, gỗ quý và ngói âm dương, tạo nên một vẻ đẹp uy nghi, vững chãi nhưng cũng rất tinh tế. Công trình này đã được công nhận là Di tích kiến trúc nghệ thuật cấp Quốc gia, thu hút du khách bởi giá trị lịch sử và kiến trúc độc đáo.","Xã Sà Phìn, huyện Đồng Văn, tỉnh Hà Giang, Việt Nam",80,Hà Giang,dia_danh,22.832852,104.987838,20000.0,07:00,17:00,,,4.4,6000,0,,,2025-11-02 19:15:00,2025-11-02 19:15:00,active,"Kiến trúc độc đáo (Pháp, Mông, Trung Hoa), vật liệu đá xanh, gỗ quý, di tích quốc gia, lịch sử vua Mèo Vương Chính Đức.","Bãi đỗ xe, nhà vệ sinh, quầy bán đồ lưu niệm."
50375,Rừng thông Yên Minh,"Rừng thông Yên Minh là một điểm đến thơ mộng nằm trên cung đường khám phá Hà Giang, được mệnh danh là 'Đà Lạt thu nhỏ' của vùng cao nguyên đá. Với những hàng thông xanh rì, cao vút trải dài bạt ngàn trên các sườn đồi, nơi đây mang đến một không gian trong lành, yên bình và mát mẻ quanh năm. Du khách đến đây có thể tản bộ dưới tán thông, hít thở không khí trong lành, ngắm nhìn khung cảnh hùng vĩ của núi rừng và chụp những bức ảnh tuyệt đẹp. Đây là điểm dừng chân lý tưởng để nghỉ ngơi, thư giãn trước khi tiếp tục hành trình khám phá các địa danh khác của Hà Giang.","Quốc lộ 4C, thị trấn Yên Minh, huyện Yên Minh, tỉnh Hà Giang, Việt Nam",80,Hà Giang,dia_danh,,105.15,,00:00,23:59,,,4.4,5,0,,,2025-11-02 19:16:27,2025-11-04 14:18:47,active,"Rừng thông bạt ngàn, không khí trong lành, cảnh quan thơ mộng, 'Đà Lạt thu nhỏ' của Hà Giang, điểm dừng chân lý tưởng.","Bãi đỗ xe tự phát ven đường, có thể có các quán nước nhỏ của người dân địa phương."
50527,L'Occitane Spa,Spa cao cấp phong cách Pháp,"Hanoi, Việt Nam",79,Hà Nội,dia_danh,21.0255,105.8542,,,,,,4.4,5,0,,,2025-11-04 13:38:18,2025-11-04 14:18:47,active,"{""category"": ""luxury_spa"", ""source"": """", ""image_url"": null, ""province"": null}",
50339,Nhà tù Hỏa Lò,Di tích lịch sử ghi dấu những năm tháng đấu tranh kiên cường của các chiến sĩ cách mạng Việt Nam.,"1 Hỏa Lò, Trần Hưng Đạo, Hoàn Kiếm, Hà Nội",79,Hà Nội,dia_danh,21.023223,105.845459,30000.0,08:00 - 17:00,,+84 24 3934 2253,https://hoalo.vn/,4.4,0,0,,,2025-11-02 18:33:16,2025-11-02 18:33:16,active,"Di tích kiến trúc Pháp, trưng bày hiện vật chiến tranh","Phòng trưng bày, quầy lưu niệm"
50345,Vườn Quốc gia Ba Vì,"Khu du lịch sinh thái nổi tiếng gần Hà Nội, với không khí mát mẻ, trong lành, thích hợp cho trekking, cắm trại và nghỉ dưỡng.","Xã Tản Lĩnh, Ba Vì, Hà Nội (cách trung tâm khoảng 50km)",79,Hà Nội,khach_san,21.056073,105.321798,60000.0,07:30 - 17:00,,+84 24 3388 1205,https://vuonquocgiabavi.com.vn/,4.4,0,0,,,2025-11-02 18:33:16,2025-11-02 18:33:16,active,"Leo núi, nhà thờ đổ, vườn xương rồng, đỉnh Vua","Homestay, cắm trại, nhà hàng"
50350,Thủy cung Vinpearl Aquarium Times City,"Thủy cung hiện đại nằm trong lòng đất, trưng bày hàng ngàn loài sinh vật biển và có khu vực sinh vật nước ngọt, bò sát.","Tầng B1, TTTM Vincom Mega Mall, 458 Minh Khai, Hai Bà Trưng",79,Hà Nội,giai_tri,21.002811,105.862417,170000.0,09:30 - 22:00,,,https://aquarium.vinpearlland.com/,4.4,0,0,,,2025-11-02 18:33:16,2025-11-02 18:33:16,active,"Đường hầm đại dương, show nàng tiên cá","Nhà hàng, khu mua sắm"
50352,Cầu Long Biên,"Cây cầu lịch sử do Pháp xây dựng, là biểu tượng kiến trúc gắn liền với lịch sử kháng chiến và vẻ đẹp cổ kính của Hà Nội.",Giữa các quận Hoàn Kiếm và Long Biên,79,Hà Nội,dia_danh,21.050519,105.864784,,Cả ngày,,,,4.4,0,0,,,2025-11-02 18:33:16,2025-11-02 18:33:16,active,"Kiến trúc thép cổ, ngắm sông Hồng","Quán cà phê, dịch vụ nhỏ"
50358,Bảo tàng Mỹ thuật Việt Nam,"Nơi lưu giữ các tác phẩm nghệ thuật tiêu biểu từ thời tiền sử đến hiện đại, đặc biệt là nghệ thuật dân gian và tranh sơn mài.","66 Nguyễn Thái Học, Điện Biên, Ba Đình, Hà Nội",79,Hà Nội,dia_danh,21.031572,105.839818,40000.0,08:30 - 17:00,,+84 24 3823 3084,http://vnfineartmuseum.org.vn/,4.4,0,0,,,2025-11-02 18:33:16,2025-11-02 18:33:16,active,"Tranh sơn mài, điêu khắc, hội họa","Phòng trưng bày, quầy lưu niệm"
50363,Làng Văn hóa - Du lịch các dân tộc Việt Nam,"Nơi tái hiện kiến trúc và văn hóa của 54 dân tộc, thích hợp cho việc tìm hiểu văn hóa và nghỉ dưỡng.","Đồng Mô, Sơn Tây, Hà Nội (cách trung tâm khoảng 40km)",79,Hà Nội,dia_danh,21.077618,105.353396,30000.0,08:00 - 17:00,,+84 24 3837 3110,http://langvanhoa.gov.vn/,4.4,0,0,,,2025-11-02 18:33:16,2025-11-02 18:33:16,active,"Khu làng dân tộc, Biển Hồ Đồng Mô","Nhà sàn nghỉ dưỡng, nhà hàng"
50365,Khu Bảo tồn Thiên nhiên Sóc Sơn,"Khu rừng nguyên sinh gần Hà Nội, nơi có nhiều đỉnh núi và các đền thờ linh thiêng như Đền Sóc, Chùa Non Nước.","Huyện Sóc Sơn, Hà Nội",79,Hà Nội,dia_danh,21.282914,105.855216,,Cả ngày,,,,4.4,0,0,,,2025-11-02 18:33:16,2025-11-02 18:33:16,active,"Trekking, cắm trại, đền Gióng","Các homestay, dịch vụ ăn uống nhỏ"
50414,Atm Hai Phong,Thông tin về Atm Hai Phong tại Hai Phong. Đây là một địa điểm nổi tiếng với nhiều hoạt động và trải nghiệm thú vị.,"Hai Phong, Việt Nam",87,Hải Phòng,dia_danh,20.987995847179747,106.78174737737687,,,,,,4.4,0,0,,,2025-11-04 13:34:45,2025-11-04 13:34:45,active,"{""category"": ""atm"", ""source"": """", ""image_url"": null, ""province"": null}",
50417,Đảo Cát Bà,Thông tin về Đảo Cát Bà tại Quang Ninh. Đây là một địa điểm nổi tiếng với nhiều hoạt động và trải nghiệm thú vị.,"Quang Ninh, Việt Nam",123,Quảng Ninh,dia_danh,20.7267,107.0456,,,,,,4.4,0,0,,,2025-11-04 13:34:46,2025-11-04 13:34:46,active,"{""category"": ""nature"", ""source"": """", ""image_url"": null, ""province"": null}",
50429,Saigon Nha Hang,Thông tin về Saigon Nha Hang tại Nghe An. Đây là một địa điểm nổi tiếng với nhiều hoạt động và trải nghiệm thú vị.,"Nghe An, Việt Nam",115,Nghệ An,dia_danh,18.66340404581485,105.30871102768252,,,,,,4.4,0,0,,,2025-11-04 13:34:49,2025-11-04 13:34:49,active,"{""category"": ""buffet"", ""source"": """", ""image_url"": null, ""province"": null}",
50433,Nha Hang Hanoi,Thông tin về Nha Hang Hanoi tại Ha Tinh. Đây là một địa điểm nổi tiếng với nhiều hoạt động và trải nghiệm thú vị.,"Ha Tinh, Việt Nam",105,Hà Tĩnh,nha_hang,18.543107481649784,105.435164640761,,,,,,4.4,0,0,,,2025-11-04 13:34:51,2025-11-04 13:34:51,active,"{""category"": ""bbq_restaurant"", ""source"": """", ""image_url"": null, ""province"": null}",
50440,Nha Trang Terrace,Thông tin về Nha Trang Terrace tại Quang Binh. Đây là một địa điểm nổi tiếng với nhiều hoạt động và trải nghiệm thú vị.,"Quang Binh, Việt Nam",105,Hà Tĩnh,dia_danh,17.45369169971501,106.28202490559936,,,,,,4.4,0,0,,,2025-11-04 13:34:53,2025-11-04 13:34:53,active,"{""category"": ""cafe"", ""source"": """", ""image_url"": null, ""province"": null}",
50449,Bao Tang Van,Thông tin về Bao Tang Van tại Thua Thien Hue. Đây là một địa điểm nổi tiếng với nhiều hoạt động và trải nghiệm thú vị.,"Thua Thien Hue, Việt Nam",131,Thừa Thiên Huế,dia_danh,16.103211134219404,108.01131284118873,,,,,,4.4,0,0,,,2025-11-04 13:34:56,2025-11-04 13:34:56,active,"{""category"": ""natural_attraction"", ""source"": """", ""image_url"": null, ""province"": null}",
50458,Atm Da Nang,Địa điểm atm tại Da Nang,"Da Nang, Việt Nam",86,Đà Nẵng,dia_danh,15.64040916630503,108.19028065346616,,,,,,4.4,0,0,,,2025-11-04 13:36:16,2025-11-04 13:36:16,active,"{""category"": ""atm"", ""source"": """", ""image_url"": null, ""province"": null}",
50465,Atm Quang Nam,Địa điểm atm tại Quang Nam,"Quang Nam, Việt Nam",86,Đà Nẵng,dia_danh,15.991299853944504,107.96957747184828,,,,,,4.4,0,0,,,2025-11-04 13:36:18,2025-11-04 13:36:18,active,"{""category"": ""atm"", ""source"": """", ""image_url"": null, ""province"": null}",
50473,Riverside Saigon,Nhà hàng cafe tại Quang Ngai,"Quang Ngai, Việt Nam",94,Bình Định,dia_danh,14.777483692587122,109.13446170805744,,,,,,4.4,0,0,,,2025-11-04 13:36:20,2025-11-04 13:36:20,active,"{""category"": ""cafe"", ""source"": """", ""image_url"": null, ""province"": null}",
50477,Cho Hoa,Điểm đến mountain tại Binh Dinh,"Binh Dinh, Việt Nam",94,Bình Định,dia_danh,13.40946100776284,108.83328708275,,,,,,4.4,0,0,,,2025-11-04 13:36:22,2025-11-04 13:36:22,active,"{""category"": ""mountain"", ""source"": """", ""image_url"": null, ""province"": null}",
50482,Nha Hat Tu Binh Duong,Điểm đến shopping center tại Binh Duong,"Binh Duong, Việt Nam",95,Bình Dương,mua_sam,11.428734511089322,106.3473212384986,,,,,,4.4,0,0,,,2025-11-04 13:36:23,2025-11-04 13:36:23,active,"{""category"": ""shopping_center"", ""source"": """", ""image_url"": null, ""province"": null}",
50515,Cha Ca La Vong,Nhà hàng chả cá lã Vọng lịch sử,"Hanoi, Việt Nam",79,Hà Nội,nha_hang,21.0255,105.8542,,,,,,4.4,0,0,,,2025-11-04 13:38:14,2025-11-04 13:38:14,active,"{""category"": ""specialty_restaurant"", ""source"": """", ""image_url"": null, ""province"": null}",
50517,Spa Luxury,Địa điểm massage tại Hanoi,"Hanoi, Việt Nam",79,Hà Nội,dia_danh,21.11625197943972,105.5885378160672,,,,,,4.4,0,0,,,2025-11-04 13:38:14,2025-11-04 13:38:14,active,"{""category"": ""massage"", ""source"": """", ""image_url"": null, ""province"": null}",
50518,Serene Spa,Spa truyền thống Việt Nam,"Hanoi, Việt Nam",79,Hà Nội,dia_danh,21.0255,105.8542,,,,,,4.4,0,0,,,2025-11-04 13:38:15,2025-11-04 13:38:15,active,"{""category"": ""traditional_spa"", ""source"": """", ""image_url"": null, ""province"": null}",
50521,Phố Cổ Hà Nội,Khu phố cổ với 36 phố phường truyền thống,"Hanoi, Việt Nam",79,Hà Nội,dia_danh,21.0347,105.8328,,,,,,4.4,0,0,,,2025-11-04 13:38:15,2025-11-04 13:38:15,active,"{""category"": ""cultural"", ""source"": """", ""image_url"": null, ""province"": null}",
50528,Vincom Center Ba Trieu,Vincom Center Bà Triệu,"Hanoi, Việt Nam",79,Hà Nội,mua_sam,21.0255,105.8542,,,,,,4.4,0,0,,,2025-11-04 13:38:18,2025-11-04 13:38:18,active,"{""category"": ""shopping_mall"", ""source"": """", ""image_url"": null, ""province"": null}",
50533,Dien Vuon,Điểm đến natural attraction tại Hanoi,"Hanoi, Việt Nam",79,Hà Nội,dia_danh,21.05195955390477,105.67465106231415,,,,,,4.4,0,0,,,2025-11-04 13:38:19,2025-11-04 13:38:19,active,"{""category"": ""natural_attraction"", ""source"": """", ""image_url"": null, ""province"": null}",
50539,Hoi An Terrace,Nhà hàng pub tại Hai Phong,"Hai Phong, Việt Nam",87,Hải Phòng,dia_danh,21.180242732967333,106.78720374496714,,,,,,4.4,0,0,,,2025-11-04 13:38:21,2025-11-04 13:38:21,active,"{""category"": ""pub"", ""source"": """", ""image_url"": null, ""province"": null}",
50576,Pub River,Địa điểm pub tại Nghe An,"Nghe An, Việt Nam",115,Nghệ An,dia_danh,18.33215470504646,105.87000300792552,,,,,,4.4,0,0,,,2025-11-04 13:38:33,2025-11-04 13:38:33,active,"{""category"": ""pub"", ""source"": """", ""image_url"": null, ""province"": null}",
50592,Club Ha Tinh,Địa điểm club tại Ha Tinh,"Ha Tinh, Việt Nam",105,Hà Tĩnh,dia_danh,18.33121876038317,106.12562347653822,,,,,,4.4,0,0,,,2025-11-04 13:38:38,2025-11-04 13:38:38,active,"{""category"": ""club"", ""source"": """", ""image_url"": null, ""province"": null}",
50344,Làng Gốm Bát Tràng,"Làng nghề truyền thống nổi tiếng với các sản phẩm gốm sứ tinh xảo, du khách có thể tự tay làm gốm và mua sắm.","Xã Bát Tràng, Gia Lâm, Hà Nội (cách trung tâm khoảng 13km)",79,Hà Nội,dia_danh,20.975416,105.901584,50000.0,08:00 - 18:00,,,,4.3,0,0,,,2025-11-02 18:33:16,2025-11-02 18:33:16,active,"Làng nghề truyền thống, trải nghiệm thủ công","Chợ gốm, quán ăn"
50346,Chùa Một Cột,"Ngôi chùa có kiến trúc độc đáo, hình dáng như một đóa sen vươn lên từ mặt nước, là biểu tượng Phật giáo của Thủ đô.","Phố Chùa Một Cột, Đội Cấn, Ba Đình, Hà Nội",79,Hà Nội,dia_danh,21.036139,105.834079,,08:00 - 17:00,,,,4.3,0,0,,,2025-11-02 18:33:16,2025-11-02 18:33:16,active,Kiến trúc độc đáo,
50351,Lotte Observation Deck (Lotte Sky 72),"Đài quan sát trên tầng 65 của tòa nhà Lotte Center, là nơi lý tưởng để ngắm toàn cảnh thành phố Hà Nội từ trên cao.","54 Liễu Giai, Cống Vị, Ba Đình, Hà Nội",79,Hà Nội,giai_tri,21.037805,105.815049,230000.0,09:00 - 22:00,,+84 24 3333 6000,https://www.lottecenterhanoi.com/,4.3,0,0,,,2025-11-02 18:33:16,2025-11-02 18:33:16,active,"Kính thiên văn, sàn kính, sky bar","Nhà hàng, khu mua sắm"
50354,Hồ Quan Sơn,"Được ví là 'Hạ Long trên cạn' của Hà Nội, với cảnh quan non nước hữu tình, thích hợp cho chèo thuyền và thư giãn.","Huyện Mỹ Đức, Hà Nội (cách trung tâm khoảng 50km)",79,Hà Nội,khach_san,20.730331,105.745427,15000.0,07:00 - 18:00,,,,4.3,0,0,,,2025-11-02 18:33:16,2025-11-02 18:33:16,active,"Chèo thuyền, ngắm cảnh, cắm trại",Dịch vụ thuyền bè
50355,Công viên Thống Nhất,"Một trong những công viên lớn nhất Hà Nội, với Hồ Bảy Mẫu, thích hợp cho các hoạt động thể thao, giải trí nhẹ nhàng.","Trần Nhân Tông, Lê Đại Hành, Hai Bà Trưng, Hà Nội",79,Hà Nội,giai_tri,21.006935,105.845941,,05:00 - 22:00,,,,4.3,0,0,,,2025-11-02 18:33:16,2025-11-02 18:33:16,active,"Chạy bộ, đạp vịt, khu vui chơi trẻ em","Quán nước, khu tập thể thao"
50362,Đồi Bù (Sóc Sơn/Lương Sơn),"Địa điểm du lịch mạo hiểm nổi tiếng gần Hà Nội, nơi tổ chức các hoạt động dù lượn và cắm trại ngắm cảnh.","Xã Nam Phương Tiến, Chương Mỹ, Hà Nội (Gần khu vực Hoà Bình)",79,Hà Nội,khach_san,20.90045,105.51352,1200.0,Cả ngày,,,,4.3,0,0,,,2025-11-02 18:33:16,2025-11-02 18:33:16,active,"Dù lượn, cắm trại, ngắm mây",Dịch vụ cho thuê lều trại
50367,Khu di tích Thành Cổ Loa,"Kinh đô của nhà nước Âu Lạc thời An Dương Vương, nổi tiếng với kiến trúc thành lũy xoáy trôn ốc cổ kính.","Xã Cổ Loa, Đông Anh, Hà Nội",79,Hà Nội,dia_danh,21.139,105.879,10000.0,08:00 - 17:00,,,,4.3,0,0,,,2025-11-02 18:33:16,2025-11-02 18:33:16,active,"Thành lũy, đền thờ An Dương Vương",
50410,Chùa Một Cột,Thông tin về Chùa Một Cột tại Hanoi. Đây là một địa điểm nổi tiếng với nhiều hoạt động và trải nghiệm thú vị.,"Hanoi, Việt Nam",79,Hà Nội,dia_danh,21.0356,105.8322,,,,,,4.3,0,0,,,2025-11-04 13:34:43,2025-11-04 13:34:43,active,"{""category"": ""religious"", ""source"": """", ""image_url"": null, ""province"": null}",
50416,Đảo Titop,Thông tin về Đảo Titop tại Quang Ninh. Đây là một địa điểm nổi tiếng với nhiều hoạt động và trải nghiệm thú vị.,"Quang Ninh, Việt Nam",123,Quảng Ninh,dia_danh,20.9101,107.1839,,,,,,4.3,0,0,,,2025-11-04 13:34:45,2025-11-04 13:34:45,active,"{""category"": ""beach"", ""source"": """", ""image_url"": null, ""province"": null}",
50455,Dining Vietnam,Nhà hàng seafood restaurant tại Thua Thien Hue,"Thua Thien Hue, Việt Nam",131,Thừa Thiên Huế,nha_hang,16.857022618070758,107.69740859353512,,,,,,4.3,0,0,,,2025-11-04 13:36:15,2025-11-04 13:36:15,active,"{""category"": ""seafood_restaurant"", ""source"": """", ""image_url"": null, ""province"": null}",
50460,Chùa Linh Ứng,Ngôi chùa với tượng Phật lớn nhất Việt Nam,"Da Nang, Việt Nam",86,Đà Nẵng,dia_danh,16.0567,108.2456,,,,,,4.3,0,0,,,2025-11-04 13:36:16,2025-11-04 13:36:16,active,"{""category"": ""religious"", ""source"": """", ""image_url"": null, ""province"": null}",
50461,Riverside Vietnam,Nhà hàng traditional restaurant tại Da Nang,"Da Nang, Việt Nam",86,Đà Nẵng,nha_hang,16.234695773755824,107.73906009944604,,,,,,4.3,0,0,,,2025-11-04 13:36:16,2025-11-04 13:36:16,active,"{""category"": ""traditional_restaurant"", ""source"": """", ""image_url"": null, ""province"": null}",
50494,Seaside Vietnam,Nhà hàng fine dining tại Ba Ria - Vung Tau,"Ba Ria - Vung Tau, Việt Nam",85,TP. Hồ Chí Minh,dia_danh,10.02263531094275,106.76260520445052,,,,,,4.3,0,0,,,2025-11-04 13:36:27,2025-11-04 13:36:27,active,"{""category"": ""fine_dining"", ""source"": """", ""image_url"": null, ""province"": null}",
50500,Nha Trang Bistro,Nhà hàng upscale restaurant tại Tay Ninh,"Tay Ninh, Việt Nam",95,Bình Dương,nha_hang,11.498684146476618,106.20939661472852,,,,,,4.3,0,0,,,2025-11-04 13:36:29,2025-11-04 13:36:29,active,"{""category"": ""upscale_restaurant"", ""source"": """", ""image_url"": null, ""province"": null}",
50510,Com Ga Hai Nam,Cơm gà Hải Nam nổi tiếng,"Hanoi, Việt Nam",79,Hà Nội,nha_hang,21.0255,105.8542,,,,,,4.3,0,0,,,2025-11-04 13:38:12,2025-11-04 13:38:12,active,"{""category"": ""chicken_restaurant"", ""source"": """", ""image_url"": null, ""province"": null}",
50531,Lang Ho,Điểm đến beach tại Hanoi,"Hanoi, Việt Nam",79,Hà Nội,dia_danh,20.786199062326936,106.29216808902342,,,,,,4.3,0,0,,,2025-11-04 13:38:19,2025-11-04 13:38:19,active,"{""category"": ""beach"", ""source"": """", ""image_url"": null, ""province"": null}",
50565,Hoi An Bistro,Nhà hàng cafe tại Thanh Hoa,"Thanh Hoa, Việt Nam",130,Thanh Hóa,dia_danh,20.249367834696805,105.98138529895266,,,,,,4.3,0,0,,,2025-11-04 13:38:30,2025-11-04 13:38:30,active,"{""category"": ""cafe"", ""source"": """", ""image_url"": null, ""province"": null}",
50572,Pagoda Nghe An,Địa điểm pagoda tại Nghe An,"Nghe An, Việt Nam",115,Nghệ An,dia_danh,19.05514857325815,105.34148119233376,,,,,,4.3,0,0,,,2025-11-04 13:38:32,2025-11-04 13:38:32,active,"{""category"": ""pagoda"", ""source"": """", ""image_url"": null, ""province"": null}",
50589,Bay Nghe An,Địa điểm bay tại Nghe An,"Nghe An, Việt Nam",115,Nghệ An,dia_danh,18.55646447557997,105.9613619253862,,,,,,4.3,0,0,,,2025-11-04 13:38:37,2025-11-04 13:38:37,active,"{""category"": ""bay"", ""source"": """", ""image_url"": null, ""province"": null}",
50340,Bảo tàng Dân tộc học Việt Nam,"Nơi lưu giữ, trưng bày các hiện vật về văn hóa 54 dân tộc Việt Nam, với kiến trúc độc đáo và khu vực ngoài trời rộng lớn.","Nguyễn Văn Huyên, Quan Hoa, Cầu Giấy, Hà Nội",79,Hà Nội,dia_danh,21.05047,105.798151,40000.0,08:30 - 17:30,,+84 24 3756 2194,http://www.vme.org.vn/,4.2,5,0,,,2025-11-02 18:33:16,2025-11-04 14:18:47,active,"Trưng bày nhà cửa dân tộc, rối nước","Bãi đỗ xe, quầy hàng thủ công"
50369,Đèo Mã Pí Lèng,"Đèo Mã Pí Lèng là một trong ""Tứ đại đỉnh đèo"" nổi tiếng của Việt Nam, nằm trên cung đường Hạnh Phúc thuộc cao nguyên đá Đồng Văn, tỉnh Hà Giang. Với độ cao khoảng 1.200 mét so với mực nước biển, đèo mang đến khung cảnh thiên nhiên hùng vĩ, ngoạn mục với những vách núi đá tai mèo dựng đứng, vực sâu thăm thẳm và dòng sông Nho Quế xanh biếc uốn lượn dưới chân. Đây là điểm đến không thể bỏ qua cho những ai yêu thích khám phá, trekking và chụp ảnh, đặc biệt là vào mùa hoa tam giác mạch hoặc mùa nước đổ. Con đèo này là một phần của Công viên địa chất toàn cầu UNESCO Cao nguyên đá Đồng Văn, thu hút hàng ngàn du khách mỗi năm bởi vẻ đẹp hoang sơ và thách thức của nó.","Quốc lộ 4C, giữa Đồng Văn và Mèo Vạc, tỉnh Hà Giang, Việt Nam",80,Hà Giang,dia_danh,23.241957,105.397922,,00:00,23:59,,,4.2,5,0,,,2025-11-02 19:14:19,2025-11-04 14:18:45,active,"Một trong 'Tứ đại đỉnh đèo', cảnh quan hùng vĩ, hẻm vực sông Nho Quế, con đường Hạnh Phúc, di sản địa chất toàn cầu, núi đá tai mèo.","Điểm dừng chân, quán cà phê/ăn uống nhỏ ven đường, nhà nghỉ/homestay gần khu vực, bãi đỗ xe tạm, dịch vụ xe ôm/thuê xe máy."
50370,Cột cờ Lũng Cú,"Cột cờ Lũng Cú là một biểu tượng thiêng liêng của chủ quyền quốc gia, đánh dấu điểm cực Bắc của Việt Nam, nằm trên đỉnh núi Rồng (Long Sơn) hùng vĩ thuộc xã Lũng Cú, huyện Đồng Văn, tỉnh Hà Giang. Công trình được xây dựng với kiến trúc mô phỏng cột cờ Hà Nội, cao 33.15m, gồm 8 mặt phù điêu minh họa các hoa văn trống đồng Đông Sơn và những nét văn hóa, lịch sử đặc trưng của Hà Giang. Từ đỉnh cột cờ, du khách có thể chiêm ngưỡng toàn cảnh cao nguyên đá Đồng Văn, những bản làng của người Lô Lô, Mông và hai ao Mắt Rồng quanh năm không cạn, mang đến trải nghiệm khó quên về cảnh quan thiên nhiên và ý nghĩa lịch sử sâu sắc.","Xã Lũng Cú, huyện Đồng Văn, tỉnh Hà Giang, Việt Nam",80,Hà Giang,dia_danh,22.832852,104.987838,25000.0,07:00,17:00,,,4.2,5,0,,,2025-11-02 19:14:47,2025-11-04 14:18:46,active,"Điểm cực Bắc Việt Nam, biểu tượng chủ quyền quốc gia, kiến trúc độc đáo, tầm nhìn panorama hùng vĩ, ao Mắt Rồng","Bãi đỗ xe, cửa hàng lưu niệm, quán nước/ăn uống nhỏ, nhà vệ sinh"
50411,Văn Miếu - Quốc Tử Giám,Thông tin về Văn Miếu - Quốc Tử Giám tại Hanoi. Đây là một địa điểm nổi tiếng với nhiều hoạt động và trải nghiệm thú vị.,"Hanoi, Việt Nam",79,Hà Nội,dia_danh,21.0267,105.8361,,,,,,4.2,5,0,,,2025-11-04 13:34:44,2025-11-04 14:18:46,active,"{""category"": ""cultural"", ""source"": """", ""image_url"": null, ""province"": null}",
50453,Marina Thua Thien Hue,Địa điểm marina tại Thua Thien Hue,"Thua Thien Hue, Việt Nam",131,Thừa Thiên Huế,dia_danh,16.290651225285824,107.49832108878716,,,,,,4.2,5,0,,,2025-11-04 13:36:14,2025-11-04 14:18:45,active,"{""category"": ""marina"", ""source"": """", ""image_url"": null, ""province"": null}",
50479,Memorial Binh Dinh,Địa điểm memorial tại Binh Dinh,"Binh Dinh, Việt Nam",94,Bình Định,dia_danh,12.974357958479064,109.18133418237694,,,,,,4.2,5,0,,,2025-11-04 13:36:22,2025-11-04 14:18:45,active,"{""category"": ""memorial"", ""source"": """", ""image_url"": null, ""province"": null}",
50504,Hospital Binh Phuoc,Địa điểm hospital tại Binh Phuoc,"Binh Phuoc, Việt Nam",102,Đồng Nai,dia_danh,11.217450245118822,106.8087029220056,,,,,,4.2,5,0,,,2025-11-04 13:36:30,2025-11-04 14:18:45,active,"{""category"": ""hospital"", ""source"": """", ""image_url"": null, ""province"": null}",
50348,Grand World Hà Nội (Ocean Park 3),"Tổ hợp vui chơi giải trí và mua sắm theo phong cách Venice, có kênh đào lãng mạn, quảng trường sôi động và khu phố thương mại.","Đường Đại Dương, Văn Giang, Hưng Yên (Khu vực Đông Hà Nội)",79,Hà Nội,giai_tri,20.938889,105.975,,10:00 - 22:00,,,,4.2,0,0,,,2025-11-02 18:33:16,2025-11-02 18:33:16,active,"Đi thuyền Gondola, show The Grand Voyage","Nhà hàng, cafe, khu mua sắm"
50427,Atm Nghe An,Thông tin về Atm Nghe An tại Nghe An. Đây là một địa điểm nổi tiếng với nhiều hoạt động và trải nghiệm thú vị.,"Nghe An, Việt Nam",115,Nghệ An,dia_danh,18.553826388908167,105.759635518413,,,,,,4.2,0,0,,,2025-11-04 13:34:49,2025-11-04 13:34:49,active,"{""category"": ""atm"", ""source"": """", ""image_url"": null, ""province"": null}",
50456,Bảo tàng Chăm,Bảo tàng nghệ thuật Chăm Pa,"Da Nang, Việt Nam",86,Đà Nẵng,dia_danh,16.0567,108.2456,50000.0,,,,,4.2,0,0,,,2025-11-04 13:36:15,2025-11-04 13:36:15,active,"{""category"": ""museum"", ""source"": """", ""image_url"": null, ""province"": null}",
50498,Hospital Tay Ninh,Địa điểm hospital tại Tay Ninh,"Tay Ninh, Việt Nam",95,Bình Dương,dia_danh,10.953849983449102,106.32497682377831,,,,,,4.2,0,0,,,2025-11-04 13:36:28,2025-11-04 13:36:28,active,"{""category"": ""hospital"", ""source"": """", ""image_url"": null, ""province"": null}",
50519,Banh Cuon Ba Hoanh,Bánh cuốn bà Hoành ngon nhất,"Hanoi, Việt Nam",79,Hà Nội,nha_hang,21.0255,105.8542,,,,,,4.2,0,0,,,2025-11-04 13:38:15,2025-11-04 13:38:15,active,"{""category"": ""breakfast_restaurant"", ""source"": """", ""image_url"": null, ""province"": null}",
50524,Heritage Spa,Spa di sản truyền thống,"Hanoi, Việt Nam",79,Hà Nội,dia_danh,21.0255,105.8542,,,,,,4.2,0,0,,,2025-11-04 13:38:16,2025-11-04 13:38:16,active,"{""category"": ""heritage_spa"", ""source"": """", ""image_url"": null, ""province"": null}",
50529,Highlands Coffee,Chuỗi cafe hiện đại,"Hanoi, Việt Nam",79,Hà Nội,dia_danh,21.0255,105.8542,,,,,,4.2,0,0,,,2025-11-04 13:38:18,2025-11-04 13:38:18,active,"{""category"": ""chain_cafe"", ""source"": """", ""image_url"": null, ""province"": null}",
50552,Temple Hai Phong,Địa điểm temple tại Hai Phong,"Hai Phong, Việt Nam",87,Hải Phòng,dia_danh,20.550768288633133,106.90194495369158,,,,,,4.2,0,0,,,2025-11-04 13:38:25,2025-11-04 13:38:25,active,"{""category"": ""temple"", ""source"": """", ""image_url"": null, ""province"": null}",
50568,Bay Thanh Hoa,Địa điểm bay tại Thanh Hoa,"Thanh Hoa, Việt Nam",130,Thanh Hóa,dia_danh,19.574300387981427,106.05806275682552,,,,,,4.2,0,0,,,2025-11-04 13:38:31,2025-11-04 13:38:31,active,"{""category"": ""bay"", ""source"": """", ""image_url"": null, ""province"": null}",
50580,Sunrise Rooftop,Nhà hàng buffet tại Nghe An,"Nghe An, Việt Nam",115,Nghệ An,dia_danh,18.917765420998325,105.43342966369744,,,,,,4.2,0,0,,,2025-11-04 13:38:34,2025-11-04 13:38:34,active,"{""category"": ""buffet"", ""source"": """", ""image_url"": null, ""province"": null}",
50600,Square Phu Quoc,Nhà hàng bar tại Ha Tinh,"Ha Tinh, Việt Nam",105,Hà Tĩnh,dia_danh,18.281546551639423,105.7187324934986,,,,,,4.2,0,0,,,2025-11-04 13:38:41,2025-11-04 13:38:41,active,"{""category"": ""bar"", ""source"": """", ""image_url"": null, ""province"": null}",
50437,Chua Thien,Thông tin về Chua Thien tại Quang Binh. Đây là một địa điểm nổi tiếng với nhiều hoạt động và trải nghiệm thú vị.,"Quang Binh, Việt Nam",105,Hà Tĩnh,dia_danh,17.6800282173571,106.38127639464976,,,,,,4.1,10,0,,,2025-11-04 13:34:52,2025-11-04 14:18:45,active,"{""category"": ""lake"", ""source"": """", ""image_url"": null, ""province"": null}",
50361,Thiên Đường Bảo Sơn,"Tổ hợp du lịch, giải trí và ẩm thực lớn với khu vui chơi, công viên nước, safari và làng nghề truyền thống.","Km 5.8 Đường Lê Trọng Tấn, An Khánh, Hoài Đức, Hà Nội",79,Hà Nội,dia_danh,21.000787,105.733526,150000.0,08:00 - 18:00,,+84 985 892 277,http://baosonparadise.vn/,4.1,0,0,,,2025-11-02 18:33:16,2025-11-02 18:33:16,active,"Safari, thủy cung, làng nghề truyền thống","Nhà hàng, khu ẩm thực"
50412,Vietnam Terrace,Thông tin về Vietnam Terrace tại Hai Phong. Đây là một địa điểm nổi tiếng với nhiều hoạt động và trải nghiệm thú vị.,"Hai Phong, Việt Nam",87,Hải Phòng,dia_danh,20.804690759598568,107.10213668855144,,,,,,4.1,0,0,,,2025-11-04 13:34:44,2025-11-04 13:34:44,active,"{""category"": ""cafe"", ""source"": """", ""image_url"": null, ""province"": null}",
50457,Harbor Da Nang,Địa điểm harbor tại Da Nang,"Da Nang, Việt Nam",86,Đà Nẵng,dia_danh,16.324882669421434,107.74533174586072,,,,,,4.1,0,0,,,2025-11-04 13:36:15,2025-11-04 13:36:15,active,"{""category"": ""harbor"", ""source"": """", ""image_url"": null, ""province"": null}",
50530,Cung Thanh,Điểm đến island tại Hanoi,"Hanoi, Việt Nam",79,Hà Nội,dia_danh,21.129980692297515,105.4075636898709,,,,,,4.1,0,0,,,2025-11-04 13:38:18,2025-11-04 13:38:18,active,"{""category"": ""island"", ""source"": """", ""image_url"": null, ""province"": null}",
50547,Mountain Hai Phong,Địa điểm mountain tại Hai Phong,"Hai Phong, Việt Nam",87,Hải Phòng,dia_danh,21.15167287768185,106.20624450737265,,,,,,4.1,0,0,,,2025-11-04 13:38:24,2025-11-04 13:38:24,active,"{""category"": ""mountain"", ""source"": """", ""image_url"": null, ""province"": null}",
50548,Star River Hai Phong,Khách sạn resort tại Hai Phong,"Hai Phong, Việt Nam",87,Hải Phòng,khach_san,20.551280746634284,107.01825780657352,200000.0,,,,,4.1,0,0,,,2025-11-04 13:38:24,2025-11-04 13:38:24,active,"{""category"": ""resort"", ""source"": """", ""image_url"": null, ""province"": null}",
50606,Hospital Ha Tinh,Địa điểm hospital tại Ha Tinh,"Ha Tinh, Việt Nam",105,Hà Tĩnh,dia_danh,18.70735027152786,106.20440791609946,,,,,,4.1,0,0,,,2025-11-04 13:38:42,2025-11-04 13:38:42,active,"{""category"": ""hospital"", ""source"": """", ""image_url"": null, ""province"": null}",
50337,Văn Miếu - Quốc Tử Giám,"Trường đại học đầu tiên của Việt Nam, nơi thờ Khổng Tử và các bậc hiền triết, là biểu tượng của tinh thần hiếu học.","58 Phố Quốc Tử Giám, Văn Miếu, Đống Đa, Hà Nội",79,Hà Nội,dia_danh,21.028906,105.834017,30000.0,07:30 - 17:30,,+84 24 3845 2928,,4.0,5,0,,,2025-11-02 18:33:16,2025-11-04 14:18:47,active,"Bia đá tiến sĩ, Khuê Văn Các","Hướng dẫn viên, bãi đỗ xe"
50368,Cao nguyên đá Đồng Văn,"Cao nguyên đá Đồng Văn là một công viên địa chất toàn cầu UNESCO, nổi bật với địa hình karst độc đáo được hình thành qua hàng triệu năm kiến tạo địa chất. Nơi đây không chỉ là một kỳ quan địa chất với những khối đá tai mèo sắc nhọn, hẻm vực sâu thăm thẳm, mà còn là mái nhà của 17 dân tộc thiểu số với bản sắc văn hóa đa dạng, phong phú. Khung cảnh hùng vĩ với những dãy núi đá trùng điệp, thung lũng sâu, những con đường đèo quanh co như Mã Pì Lèng huyền thoại, và dòng sông Nho Quế xanh biếc tạo nên một bức tranh thiên nhiên tuyệt đẹp, thu hút du khách khám phá và trải nghiệm.","Trải dài trên địa bàn 4 huyện Quản Bạ, Yên Minh, Đồng Văn và Mèo Vạc, tỉnh Hà Giang, Việt Nam. Trung tâm hành chính thường được nhắc đến là thị trấn Đồng Văn.",80,Hà Giang,dia_danh,23.2842,105.3533,,00:00,23:59,+842193858888,http://dongvangeopark.com/,4.0,5,0,,,2025-11-02 19:07:56,2025-11-04 14:18:45,active,Công viên địa chất toàn cầu UNESCO; Địa hình karst độc đáo (đá tai mèo); Hẻm vực sông Nho Quế; Đèo Mã Pì Lèng; Văn hóa đa dạng của 17 dân tộc thiểu số; Cột cờ Lũng Cú.,"Nhà nghỉ, homestay, khách sạn, nhà hàng, chợ phiên truyền thống, trạm xăng, dịch vụ cho thuê xe máy, hướng dẫn viên địa phương, trung tâm thông tin du lịch."
50418,Harbor Thanh Hoa,Thông tin về Harbor Thanh Hoa tại Thanh Hoa. Đây là một địa điểm nổi tiếng với nhiều hoạt động và trải nghiệm thú vị.,"Thanh Hoa, Việt Nam",130,Thanh Hóa,dia_danh,20.129132702958216,105.38249087454533,,,,,,4.0,5,0,,,2025-11-04 13:34:46,2025-11-04 14:18:47,active,"{""category"": ""harbor"", ""source"": """", ""image_url"": null, ""province"": null}",
50438,San Van Dong Hoc Quang Binh,Thông tin về San Van Dong Hoc Quang Binh tại Quang Binh. Đây là một địa điểm nổi tiếng với nhiều hoạt động và trải nghiệm thú vị.,"Quang Binh, Việt Nam",105,Hà Tĩnh,dia_danh,17.39244260676754,106.43632017233745,,,,,,4.0,5,0,,,2025-11-04 13:34:52,2025-11-04 14:18:45,active,"{""category"": ""island"", ""source"": """", ""image_url"": null, ""province"": null}",
50451,Nha Hat Lich Thua Thien Hue,Điểm đến cave tại Thua Thien Hue,"Thua Thien Hue, Việt Nam",131,Thừa Thiên Huế,dia_danh,16.63605747112118,108.0784345315643,80000.0,,,,,4.0,5,0,,,2025-11-04 13:36:13,2025-11-04 14:18:45,active,"{""category"": ""cave"", ""source"": """", ""image_url"": null, ""province"": null}",
50487,Vietnam Quan,Nhà hàng buffet tại Dong Nai,"Dong Nai, Việt Nam",102,Đồng Nai,dia_danh,10.654160714882527,106.4512568461658,,,,,,4.0,5,0,,,2025-11-04 13:36:25,2025-11-04 14:18:47,active,"{""category"": ""buffet"", ""source"": """", ""image_url"": null, ""province"": null}",
50488,Den Lich Dong Nai,Điểm đến shopping center tại Dong Nai,"Dong Nai, Việt Nam",102,Đồng Nai,mua_sam,11.268956946495488,106.96385974534674,,,,,,4.0,5,0,,,2025-11-04 13:36:25,2025-11-04 14:18:45,active,"{""category"": ""shopping_center"", ""source"": """", ""image_url"": null, ""province"": null}",
50495,Cho Hoc Tay Ninh,Điểm đến beach tại Tay Ninh,"Tay Ninh, Việt Nam",95,Bình Dương,dia_danh,11.114682169776495,106.0838704051397,,,,,,4.0,5,0,,,2025-11-04 13:36:27,2025-11-04 14:18:46,active,"{""category"": ""beach"", ""source"": """", ""image_url"": null, ""province"": null}",
50537,School Hai Phong,Địa điểm school tại Hai Phong,"Hai Phong, Việt Nam",87,Hải Phòng,dia_danh,21.27791646958932,106.64228324876244,,,,,,4.0,5,0,,,2025-11-04 13:38:21,2025-11-04 14:18:45,active,"{""category"": ""school"", ""source"": """", ""image_url"": null, ""province"": null}",
50544,Ben Tu,Điểm đến beach tại Hai Phong,"Hai Phong, Việt Nam",87,Hải Phòng,dia_danh,20.430969283686043,106.29276423701508,,,,,,4.0,5,0,,,2025-11-04 13:38:23,2025-11-04 14:18:46,active,"{""category"": ""beach"", ""source"": """", ""image_url"": null, ""province"": null}",
50553,Vịnh Hạ Long,Vịnh đẹp nhất thế giới với hàng nghìn đảo đá vôi,"Quang Ninh, Việt Nam",123,Quảng Ninh,dia_danh,20.9101,107.1839,,,,,,4.0,5,0,,,2025-11-04 13:38:26,2025-11-04 14:18:45,active,"{""category"": ""unesco"", ""source"": """", ""image_url"": null, ""province"": null}",
50584,University Nghe An,Địa điểm university tại Nghe An,"Nghe An, Việt Nam",115,Nghệ An,dia_danh,18.359496800615787,105.5537054014218,,,,,,4.0,5,0,,,2025-11-04 13:38:36,2025-11-04 14:18:46,active,"{""category"": ""university"", ""source"": """", ""image_url"": null, ""province"": null}",
50588,Plaza Nghe An,Địa điểm shopping mall tại Nghe An,"Nghe An, Việt Nam",115,Nghệ An,mua_sam,18.707631243578103,105.43124372458688,,,,,,4.0,5,0,,,2025-11-04 13:38:37,2025-11-04 14:18:45,active,"{""category"": ""shopping_mall"", ""source"": """", ""image_url"": null, ""province"": null}",
50595,Library Ha Tinh,Địa điểm library tại Ha Tinh,"Ha Tinh, Việt Nam",105,Hà Tĩnh,dia_danh,18.52793034833715,106.22925398811353,,,,,,4.0,5,0,,,2025-11-04 13:38:39,2025-11-04 14:18:45,active,"{""category"": ""library"", ""source"": """", ""image_url"": null, ""province"": null}",
50360,Công viên Thủ Lệ (Vườn Bách Thảo),Khu vực vườn thú và vui chơi giải trí quen thuộc của người dân Hà Nội.,"Đường Bưởi, Ngọc Khánh, Ba Đình, Hà Nội",79,Hà Nội,giai_tri,21.030588,105.801646,30000.0,08:00 - 18:00,,+84 24 3834 7226,,4.0,0,0,,,2025-11-02 18:33:16,2025-11-02 18:33:16,active,"Khu vực nuôi thú, trò chơi thiếu nhi","Quán nước, khu ẩm thực"
50376,Sông Nho Quế và Hẻm Tu Sản,"Hà Giang trước đây là một tỉnh thuộc vùng Đông Bắc Bộ và là tỉnh cực bắc của Việt Nam. Ngày 12 tháng 6 năm 2025, Quốc hội thông qua Nghị quyết số 202/2025/QH15 về việc sắp xếp đơn vị hành chính cấp tỉnh năm 2025, theo đó tỉnh được giải thể để sáp nhập vào tỉnh Tuyên Quang.
Hà Giang vốn có tên là Hà Dương (河楊), là một tỉnh cũ thuộc vùng Đông Bắc Bộ, Việt Nam.
Năm 2018, Hà Giang là đơn vị hành chính Việt Nam đông thứ 48 về số dân, xếp thứ 58 về Tổng sản phẩm trên địa bàn (GRDP) và là tỉnh nghèo tr","Sông Nho Quế và Hẻm Tu Sản, Hà Giang, Việt Nam",80,Hà Giang,dia_danh,22.8298,104.9784,,08:00,17:00,,,4.0,0,0,,,2025-11-02 19:19:18,2025-11-02 19:19:18,active,"Hà Giang trước đây là một tỉnh thuộc vùng Đông Bắc Bộ và là tỉnh cực bắc của Việt Nam. Ngày 12 tháng 6 năm 2025, Quốc hội thông qua Nghị quyết số 202/2025/QH15 về việc sắp xếp đơn vị hành chính cấp tỉ","Tham quan, chụp ảnh"
50377,Núi đôi Quản Bạ (Núi Cô Tiên),"Hà Giang trước đây là một tỉnh thuộc vùng Đông Bắc Bộ và là tỉnh cực bắc của Việt Nam. Ngày 12 tháng 6 năm 2025, Quốc hội thông qua Nghị quyết số 202/2025/QH15 về việc sắp xếp đơn vị hành chính cấp tỉnh năm 2025, theo đó tỉnh được giải thể để sáp nhập vào tỉnh Tuyên Quang.
Hà Giang vốn có tên là Hà Dương (河楊), là một tỉnh cũ thuộc vùng Đông Bắc Bộ, Việt Nam.
Năm 2018, Hà Giang là đơn vị hành chính Việt Nam đông thứ 48 về số dân, xếp thứ 58 về Tổng sản phẩm trên địa bàn (GRDP) và là tỉnh nghèo tr","Núi đôi Quản Bạ (Núi Cô Tiên), Hà Giang, Việt Nam",80,Hà Giang,dia_danh,22.8298,104.9784,,08:00,17:00,,,4.0,0,0,,,2025-11-02 19:19:20,2025-11-02 19:19:20,active,"Hà Giang trước đây là một tỉnh thuộc vùng Đông Bắc Bộ và là tỉnh cực bắc của Việt Nam. Ngày 12 tháng 6 năm 2025, Quốc hội thông qua Nghị quyết số 202/2025/QH15 về việc sắp xếp đơn vị hành chính cấp tỉ","Tham quan, chụp ảnh"
50378,Ruộng bậc thang Hoàng Su Phì,Ruộng bậc thang là một hình thức canh tác của nhiều vùng đất dốc trên thế giới.,"Ruộng bậc thang Hoàng Su Phì, Hà Giang, Việt Nam",80,Hà Giang,dia_danh,22.8298,104.9784,,08:00,17:00,,,4.0,0,0,,,2025-11-02 19:19:22,2025-11-02 19:19:22,active,Ruộng bậc thang là một hình thức canh tác của nhiều vùng đất dốc trên thế giới.,"Tham quan, chụp ảnh"
50379,Thung lũng Sủng Là (Nhà của Pao),"Đồng Văn là một huyện miền núi cũ thuộc tỉnh Hà Giang cũ, đồng thời là huyện cực bắc của Việt Nam.","Thung lũng Sủng Là (Nhà của Pao), Hà Giang, Việt Nam",80,Hà Giang,dia_danh,22.8298,104.9784,,08:00,17:00,,,4.0,0,0,,,2025-11-02 19:19:24,2025-11-02 19:19:24,active,"Đồng Văn là một huyện miền núi cũ thuộc tỉnh Hà Giang cũ, đồng thời là huyện cực bắc của Việt Nam.","Tham quan, chụp ảnh"
50380,Cột mốc KM số 0 (Thành phố Hà Giang),"Hà Giang trước đây là một tỉnh thuộc vùng Đông Bắc Bộ và là tỉnh cực bắc của Việt Nam. Ngày 12 tháng 6 năm 2025, Quốc hội thông qua Nghị quyết số 202/2025/QH15 về việc sắp xếp đơn vị hành chính cấp tỉnh năm 2025, theo đó tỉnh được giải thể để sáp nhập vào tỉnh Tuyên Quang.
Hà Giang vốn có tên là Hà Dương (河楊), là một tỉnh cũ thuộc vùng Đông Bắc Bộ, Việt Nam.
Năm 2018, Hà Giang là đơn vị hành chính Việt Nam đông thứ 48 về số dân, xếp thứ 58 về Tổng sản phẩm trên địa bàn (GRDP) và là tỉnh nghèo tr","Cột mốc KM số 0 (Thành phố Hà Giang), Hà Giang, Việt Nam",80,Hà Giang,dia_danh,22.8298,104.9784,,08:00,17:00,,,4.0,0,0,,,2025-11-02 19:19:26,2025-11-02 19:19:26,active,"Hà Giang trước đây là một tỉnh thuộc vùng Đông Bắc Bộ và là tỉnh cực bắc của Việt Nam. Ngày 12 tháng 6 năm 2025, Quốc hội thông qua Nghị quyết số 202/2025/QH15 về việc sắp xếp đơn vị hành chính cấp tỉ","Tham quan, chụp ảnh"
50381,Chợ tình Khâu Vai,"Chợ Khau Vai, còn gọi là chợ tình Khau Vai, là chợ lễ hội ở bản Khau Vai xã Khâu Vai tỉnh Tuyên Quang, Việt Nam.
Tên gọi ""Khau Vai"" theo tiếng Tày - Nùng có nghĩa là ""đèo Mây - dây Mây"", tuy nhiên nhiều văn liệu đã ghi thành ""Khâu Vai"". Du khách có khi gọi chợ là chợ Phong Lưu. Hàng năm chợ chỉ họp một lần vào ngày 27 tháng 3 âm lịch. Chợ đã có từ gần 100 năm nay , trong đó có nguồn nói là từ năm 1919.
Lúc đầu chợ gần như không có người bán, người mua hàng hóa đúng nghĩa mà chỉ có một số người b","Chợ tình Khâu Vai, Hà Giang, Việt Nam",80,Hà Giang,dia_danh,22.8298,104.9784,,08:00,17:00,,,4.0,0,0,,,2025-11-02 19:19:28,2025-11-02 19:19:28,active,"Chợ Khau Vai, còn gọi là chợ tình Khau Vai, là chợ lễ hội ở bản Khau Vai xã Khâu Vai tỉnh Tuyên Quang, Việt Nam.
Tên gọi ""Khau Vai"" theo tiếng Tày - Nùng có nghĩa là ""đèo Mây - dây Mây"", tuy nhiên nhi","Tham quan, chụp ảnh"
50382,Làng Lô Lô Chải (Đồng Văn),"Đồng Văn là một huyện miền núi cũ thuộc tỉnh Hà Giang cũ, đồng thời là huyện cực bắc của Việt Nam.","Làng Lô Lô Chải (Đồng Văn), Hà Giang, Việt Nam",80,Hà Giang,dia_danh,22.8298,104.9784,,08:00,17:00,,,4.0,0,0,,,2025-11-02 19:19:31,2025-11-02 19:19:31,active,"Đồng Văn là một huyện miền núi cũ thuộc tỉnh Hà Giang cũ, đồng thời là huyện cực bắc của Việt Nam.","Tham quan, chụp ảnh"
50383,Hang động Lùng Khúy,"Hang Lùng Khúy là hang trong dãy núi ở bản Lùng Khúy xã Quản Bạ tỉnh Tuyên Quang, Việt Nam .
Hang Lùng Khúy thuộc dạng karst trong dãy núi đá vôi. Hang nằm cách trung tâm tỉnh Tuyên Quang khoảng 200 km. Từ trung tâm xã Quản Bạ đi theo quốc lộ 4C chừng 8 km và leo bộ 2 km để tới cửa hang. Hang Lùng Khúy được mệnh danh là hang đẹp nhất trong các hang động đã được phát hiện ở Công viên địa chất toàn cầu Cao nguyên đá Đồng Văn .","Hang động Lùng Khúy, Hà Giang, Việt Nam",80,Hà Giang,dia_danh,22.8298,104.9784,,08:00,17:00,,,4.0,0,0,,,2025-11-02 19:19:32,2025-11-02 19:19:32,active,"Hang Lùng Khúy là hang trong dãy núi ở bản Lùng Khúy xã Quản Bạ tỉnh Tuyên Quang, Việt Nam .
Hang Lùng Khúy thuộc dạng karst trong dãy núi đá vôi. Hang nằm cách trung tâm tỉnh Tuyên Quang khoảng 200 k","Tham quan, chụp ảnh"
50384,Chợ phiên Mèo Vạc,"Hà Giang trước đây là một tỉnh thuộc vùng Đông Bắc Bộ và là tỉnh cực bắc của Việt Nam. Ngày 12 tháng 6 năm 2025, Quốc hội thông qua Nghị quyết số 202/2025/QH15 về việc sắp xếp đơn vị hành chính cấp tỉnh năm 2025, theo đó tỉnh được giải thể để sáp nhập vào tỉnh Tuyên Quang.
Hà Giang vốn có tên là Hà Dương (河楊), là một tỉnh cũ thuộc vùng Đông Bắc Bộ, Việt Nam.
Năm 2018, Hà Giang là đơn vị hành chính Việt Nam đông thứ 48 về số dân, xếp thứ 58 về Tổng sản phẩm trên địa bàn (GRDP) và là tỉnh nghèo tr","Chợ phiên Mèo Vạc, Hà Giang, Việt Nam",80,Hà Giang,dia_danh,22.8298,104.9784,,08:00,17:00,,,4.0,0,0,,,2025-11-02 19:19:34,2025-11-02 19:19:34,active,"Hà Giang trước đây là một tỉnh thuộc vùng Đông Bắc Bộ và là tỉnh cực bắc của Việt Nam. Ngày 12 tháng 6 năm 2025, Quốc hội thông qua Nghị quyết số 202/2025/QH15 về việc sắp xếp đơn vị hành chính cấp tỉ","Tham quan, chụp ảnh"
50385,Hồ Noong (Huyện Vị Xuyên),"Vị Xuyên là một huyện miền núi biên giới cũ thuộc tỉnh Hà Giang cũ, Việt Nam.","Hồ Noong (Huyện Vị Xuyên), Hà Giang, Việt Nam",80,Hà Giang,dia_danh,22.8298,104.9784,,08:00,17:00,,,4.0,0,0,,,2025-11-02 19:19:36,2025-11-02 19:19:36,active,"Vị Xuyên là một huyện miền núi biên giới cũ thuộc tỉnh Hà Giang cũ, Việt Nam.","Tham quan, chụp ảnh"
50386,Thác Tiên - Đèo Gió (Xín Mần),"Hà Giang trước đây là một tỉnh thuộc vùng Đông Bắc Bộ và là tỉnh cực bắc của Việt Nam. Ngày 12 tháng 6 năm 2025, Quốc hội thông qua Nghị quyết số 202/2025/QH15 về việc sắp xếp đơn vị hành chính cấp tỉnh năm 2025, theo đó tỉnh được giải thể để sáp nhập vào tỉnh Tuyên Quang.
Hà Giang vốn có tên là Hà Dương (河楊), là một tỉnh cũ thuộc vùng Đông Bắc Bộ, Việt Nam.
Năm 2018, Hà Giang là đơn vị hành chính Việt Nam đông thứ 48 về số dân, xếp thứ 58 về Tổng sản phẩm trên địa bàn (GRDP) và là tỉnh nghèo tr","Thác Tiên - Đèo Gió (Xín Mần), Hà Giang, Việt Nam",80,Hà Giang,dia_danh,22.8298,104.9784,,08:00,17:00,,,4.0,0,0,,,2025-11-02 19:19:40,2025-11-02 19:19:40,active,"Hà Giang trước đây là một tỉnh thuộc vùng Đông Bắc Bộ và là tỉnh cực bắc của Việt Nam. Ngày 12 tháng 6 năm 2025, Quốc hội thông qua Nghị quyết số 202/2025/QH15 về việc sắp xếp đơn vị hành chính cấp tỉ","Tham quan, chụp ảnh"
50387,Dốc Bắc Sum,"Đèo Bắc Sum hay dốc Bắc Sum là đèo trên quốc lộ 4C ở vùng đất xã Minh Tân, tỉnh Tuyên Quang, Việt Nam.
Tên đèo còn viết là đèo Bắc Xum. Đèo được đặt theo tên bản Bắc Sum. Sau này thôn Tân Sơn ở chân dốc thành lập, nên bản Bắc Sum hiện nay ở xa dốc đến trên 2 km. Theo ""Danh mục địa danh dân cư..."" thì tên là ""đèo Bắc Sum"".
Tại địa phương tên bản theo tiếng Tày - Nùng là Păc Sum.","Dốc Bắc Sum, Hà Giang, Việt Nam",80,Hà Giang,dia_danh,22.8298,104.9784,,08:00,17:00,,,4.0,0,0,,,2025-11-02 19:19:41,2025-11-02 19:19:41,active,"Đèo Bắc Sum hay dốc Bắc Sum là đèo trên quốc lộ 4C ở vùng đất xã Minh Tân, tỉnh Tuyên Quang, Việt Nam.
Tên đèo còn viết là đèo Bắc Xum. Đèo được đặt theo tên bản Bắc Sum. Sau này thôn Tân Sơn ở chân d","Tham quan, chụp ảnh"
50388,Thác Bản Giốc,"Thác Bản Giốc, phần phía Trung Quốc gọi là thác Đức Thiên (tiếng Trung: 德天瀑布; bính âm: Détiān pùbù), là một nhóm thác nước nằm trên sông Quây Sơn tại biên giới giữa Việt Nam và Trung Quốc. Nếu nhìn từ phía dưới chân thác, phần thác bên trái và nửa phía tây của thác bên phải thuộc chủ quyền của Việt Nam tại xã Đàm Thủy, tỉnh Cao Bằng; nửa phía đông của thác bên phải thuộc chủ quyền của Trung Quốc tại thôn Đức Thiên, trấn Thạc Long, huyện Đại Tân, thành phố Sùng Tả của khu tự trị dân tộc Choang Qu","Xã Đàm Thủy, Tỉnh Cao Bằng",81,Cao Bằng,dia_danh,22.8539003,106.7232867,,08:00,17:00,,,4.0,0,0,,,2025-11-02 19:19:45,2025-11-02 19:19:45,active,"Thác Bản Giốc, phần phía Trung Quốc gọi là thác Đức Thiên (tiếng Trung: 德天瀑布; bính âm: Détiān pùbù), là một nhóm thác nước nằm trên sông Quây Sơn tại biên giới giữa Việt Nam và Trung Quốc. Nếu nhìn từ","Tham quan, chụp ảnh"
50389,Khu di tích lịch sử Pác Bó - Suối Lê Nin,"Khu di tích Pác Bó là một khu di tích lịch sử cách mạng quốc gia - đặc biệt của Việt Nam, thuộc bản Pác Bó, xã Trường Hà, tỉnh Cao Bằng, cách phường Thục Phán 52 km về phía Bắc, là điểm đầu (km 0) của đường Hồ Chí Minh .
Khu di tích lịch sử Pác Bó được Thủ tướng Chính phủ xếp hạng Di tích Quốc gia đặc biệt tại Quyết định số 548/QĐ-TTg ngày 10/5/2012.. Khu di tích bao gồm: nhà tưởng niệm Bác Hồ, hang Cốc Bó (tên địa phương có nghĩa là ""đầu nguồn""), hang Lũng Lạn, hang Ngườm Vài (đều trên núi Các ","Khu di tích lịch sử Pác Bó - Suối Lê Nin, Cao Bằng, Việt Nam",81,Cao Bằng,dia_danh,22.6659,106.2574,,08:00,17:00,,,4.0,0,0,,,2025-11-02 19:19:47,2025-11-02 19:19:47,active,"Khu di tích Pác Bó là một khu di tích lịch sử cách mạng quốc gia - đặc biệt của Việt Nam, thuộc bản Pác Bó, xã Trường Hà, tỉnh Cao Bằng, cách phường Thục Phán 52 km về phía Bắc, là điểm đầu (km 0) của","Tham quan, chụp ảnh"
50390,Động Ngườm Ngao,"Cao Bằng là một tỉnh thuộc vùng Đông Bắc Bộ, Việt Nam. Theo dữ liệu Sáp nhập tỉnh, thành Việt Nam 2025,  Cao Bằng có diện tích:  6.700 km², xếp thứ 23; dân số: 573.119 người, xếp thứ 33; GRDP 2024:  25.203.769 triệu VNĐ , xếp thứ 34; thu ngân sách 2024: 2.476.011 triệu VNĐ, xếp thứ 33; thu nhập bình quân: 30,70 triệu VNĐ/năm,  xếp thứ 32.","Đường vào Động Ngườm Ngao, Xã Đàm Thủy, Tỉnh Cao Bằng",81,Cao Bằng,dia_danh,22.8463574,106.7060495,,08:00,17:00,,,4.0,0,0,,,2025-11-02 19:19:50,2025-11-02 19:19:50,active,"Cao Bằng là một tỉnh thuộc vùng Đông Bắc Bộ, Việt Nam. Theo dữ liệu Sáp nhập tỉnh, thành Việt Nam 2025,  Cao Bằng có diện tích:  6.700 km², xếp thứ 23; dân số: 573.119 người, xếp thứ 33; GRDP 2024:  2","Tham quan, chụp ảnh"
50391,Núi Mắt Thần (Núi Thủng),"Núi Thủng (tiếng Tày: Phja Piót) là một ngọn núi nhỏ ở Cao Bằng, nằm trong Công viên địa chất Non nước Cao Bằng. Ngọn núi này có một cái hang lớn tên là Phia Lông xuyên qua thân núi, khiến cho ánh sáng Mặt trời khi chiếu vào núi từ bên kia có thể thấy được khi nhìn ở vị trí đối diện. Do đó, nó còn được gọi là núi Mắt Thần. Trong tiếng Tày, tên núi Phja Piót nghĩa là ""cái núi bị thủng một lỗ, dùi xuyên qua như để gió lùa thông thống bên nọ sang bên kia"".","Núi Mắt Thần (Núi Thủng), Cao Bằng, Việt Nam",81,Cao Bằng,dia_danh,22.6659,106.2574,,08:00,17:00,,,4.0,0,0,,,2025-11-02 19:19:52,2025-11-02 19:19:52,active,"Núi Thủng (tiếng Tày: Phja Piót) là một ngọn núi nhỏ ở Cao Bằng, nằm trong Công viên địa chất Non nước Cao Bằng. Ngọn núi này có một cái hang lớn tên là Phia Lông xuyên qua thân núi, khiến cho ánh sán","Tham quan, chụp ảnh"
50392,Hồ Thăng Hen,"Cao Bằng là một tỉnh thuộc vùng Đông Bắc Bộ, Việt Nam. Theo dữ liệu Sáp nhập tỉnh, thành Việt Nam 2025,  Cao Bằng có diện tích:  6.700 km², xếp thứ 23; dân số: 573.119 người, xếp thứ 33; GRDP 2024:  25.203.769 triệu VNĐ , xếp thứ 34; thu ngân sách 2024: 2.476.011 triệu VNĐ, xếp thứ 33; thu nhập bình quân: 30,70 triệu VNĐ/năm,  xếp thứ 32.","Xã Trà Lĩnh, Tỉnh Cao Bằng",81,Cao Bằng,dia_danh,22.7581541,106.2948146,,08:00,17:00,,,4.0,0,0,,,2025-11-02 19:19:55,2025-11-02 19:19:55,active,"Cao Bằng là một tỉnh thuộc vùng Đông Bắc Bộ, Việt Nam. Theo dữ liệu Sáp nhập tỉnh, thành Việt Nam 2025,  Cao Bằng có diện tích:  6.700 km², xếp thứ 23; dân số: 573.119 người, xếp thứ 33; GRDP 2024:  2","Tham quan, chụp ảnh"
50393,Đèo Mã Phục,"Đèo Mã Pí Lèng (còn được phiên âm là Mã Pì Lèng, Mả Pì Lèng, hay Mã Pỉ Lèng), là đèo trên quốc lộ 4C ở vùng đất xã Đồng Văn và xã Mèo Vạc thuộc tỉnh Tuyên Quang, Việt Nam.
Quốc lộ 4C là con đường mang tên Đường Hạnh Phúc nối liền phường Hà Giang 1 với xã Đồng Văn 23°16′42″B 105°21′40″Đ và xã Mèo Vạc 23°09′48″B 105°24′37″Đ thuộc Cao nguyên Đồng Văn. Đèo Mã Pí Lèng là cung đường đèo hiểm trở dài khoảng 20 km, vượt núi Mã Pí Lèng ở sườn phía đông với độ cao vùng đỉnh đèo khoảng 1.200 - 1.400 m . Đư","Xã Trà Lĩnh, Tỉnh Cao Bằng",81,Cao Bằng,dia_danh,22.7307473,106.337545,,08:00,17:00,,,4.0,0,0,,,2025-11-02 19:19:58,2025-11-02 19:19:58,active,"Đèo Mã Pí Lèng (còn được phiên âm là Mã Pì Lèng, Mả Pì Lèng, hay Mã Pỉ Lèng), là đèo trên quốc lộ 4C ở vùng đất xã Đồng Văn và xã Mèo Vạc thuộc tỉnh Tuyên Quang, Việt Nam.
Quốc lộ 4C là con đường mang","Tham quan, chụp ảnh"
50394,Vườn Quốc gia Phia Oắc - Phia Đén,"Vườn quốc gia tại Việt Nam là một danh hiệu được Chính phủ Việt Nam công nhận chính thức thông qua nghị định. Thông thường, vườn quốc gia nằm trên địa phận nhiều tỉnh, thành phố thì do Bộ Nông nghiệp và Phát triển Nông thôn Việt Nam quản lý còn vườn quốc gia nằm trong địa giới một tỉnh, thành phố thì do Ủy ban nhân dân tỉnh, thành phố đó quản lý. Các vườn quốc gia tại Việt Nam trải dài từ Bắc đến Nam, từ biên giới đến hải đảo xa xôi, nhằm bảo vệ hệ sinh thái tự nhiên, động thực vật, cảnh quan tự","Xã Thành Công, Tỉnh Cao Bằng",81,Cao Bằng,dia_danh,22.5955877,105.8849439,,08:00,17:00,,,4.0,0,0,,,2025-11-02 19:20:01,2025-11-02 19:20:01,active,"Vườn quốc gia tại Việt Nam là một danh hiệu được Chính phủ Việt Nam công nhận chính thức thông qua nghị định. Thông thường, vườn quốc gia nằm trên địa phận nhiều tỉnh, thành phố thì do Bộ Nông nghiệp ","Tham quan, chụp ảnh"
50395,Chùa Phật Tích Trúc Lâm Bản Giốc,"Cao Bằng là một tỉnh thuộc vùng Đông Bắc Bộ, Việt Nam. Theo dữ liệu Sáp nhập tỉnh, thành Việt Nam 2025,  Cao Bằng có diện tích:  6.700 km², xếp thứ 23; dân số: 573.119 người, xếp thứ 33; GRDP 2024:  25.203.769 triệu VNĐ , xếp thứ 34; thu ngân sách 2024: 2.476.011 triệu VNĐ, xếp thứ 33; thu nhập bình quân: 30,70 triệu VNĐ/năm,  xếp thứ 32.","Chùa Phật Tích Trúc Lâm Bản Giốc, Cao Bằng, Việt Nam",81,Cao Bằng,dia_danh,22.6659,106.2574,,08:00,17:00,,,4.0,0,0,,,2025-11-02 19:20:03,2025-11-02 19:20:03,active,"Cao Bằng là một tỉnh thuộc vùng Đông Bắc Bộ, Việt Nam. Theo dữ liệu Sáp nhập tỉnh, thành Việt Nam 2025,  Cao Bằng có diện tích:  6.700 km², xếp thứ 23; dân số: 573.119 người, xếp thứ 33; GRDP 2024:  2","Tham quan, chụp ảnh"
50396,Làng đá cổ Khuổi Ky,"Quân đội Nhân dân Việt Nam (QĐNDVN; tiếng Anh: Vietnam People's Army, viết tắt: VPA) là lực lượng quân sự của Việt Nam đồng thời là lực lượng nòng cốt của Lực lượng vũ trang Nhân dân Việt Nam. Theo Bộ Quốc phòng Việt Nam, sứ mệnh là: ""vì độc lập tự do của Tổ quốc, vì chủ nghĩa xã hội, vì hạnh phúc của nhân dân"". Ngày truyền thống là ngày 22 tháng 12 hàng năm. Quân kỳ là quốc kỳ Việt Nam có thêm dòng chữ ""Quyết thắng"" màu vàng ở góc phía trên bên trái (hay phía cột cờ). Mười lời thề danh dự nói r","Làng đá cổ Khuổi Ky, Cao Bằng, Việt Nam",81,Cao Bằng,dia_danh,22.6659,106.2574,,08:00,17:00,,,4.0,0,0,,,2025-11-02 19:20:05,2025-11-02 19:20:05,active,"Quân đội Nhân dân Việt Nam (QĐNDVN; tiếng Anh: Vietnam People's Army, viết tắt: VPA) là lực lượng quân sự của Việt Nam đồng thời là lực lượng nòng cốt của Lực lượng vũ trang Nhân dân Việt Nam. Theo Bộ","Tham quan, chụp ảnh"
50397,Di tích Quốc gia đặc biệt Rừng Trần Hưng Đạo,"Di tích là dấu vết của quá khứ còn lưu lại trong lòng đất hoặc trên mặt đất có ý nghĩa về mặt văn hóa và lịch sử"". Ở Việt Nam, một di tích khi đủ các điều kiện sẽ được công nhận theo thứ tự: di tích cấp tỉnh, di tích cấp quốc gia và di tích quốc gia đặc biệt. Di tích quốc gia đặc biệt là những di tích Việt Nam có giá trị đặc biệt tiêu biểu của quốc gia. Di tích quốc gia đặc biệt do Thủ tướng Chính phủ quyết định xếp hạng trên cơ sở lựa chọn các di tích quan trọng đã được Bộ Văn hóa, Thể thao và ","Di tích Quốc gia đặc biệt Rừng Trần Hưng Đạo, Cao Bằng, Việt Nam",81,Cao Bằng,dia_danh,22.6659,106.2574,,08:00,17:00,,,4.0,0,0,,,2025-11-02 19:20:07,2025-11-02 19:20:07,active,"Di tích là dấu vết của quá khứ còn lưu lại trong lòng đất hoặc trên mặt đất có ý nghĩa về mặt văn hóa và lịch sử"". Ở Việt Nam, một di tích khi đủ các điều kiện sẽ được công nhận theo thứ tự: di tích c","Tham quan, chụp ảnh"
50398,Làng rèn Phúc Sen,"Cao Bằng là một tỉnh thuộc vùng Đông Bắc Bộ, Việt Nam. Theo dữ liệu Sáp nhập tỉnh, thành Việt Nam 2025,  Cao Bằng có diện tích:  6.700 km², xếp thứ 23; dân số: 573.119 người, xếp thứ 33; GRDP 2024:  25.203.769 triệu VNĐ , xếp thứ 34; thu ngân sách 2024: 2.476.011 triệu VNĐ, xếp thứ 33; thu nhập bình quân: 30,70 triệu VNĐ/năm,  xếp thứ 32.","Làng rèn Phúc Sen, Cao Bằng, Việt Nam",81,Cao Bằng,dia_danh,22.6659,106.2574,,08:00,17:00,,,4.0,0,0,,,2025-11-02 19:20:10,2025-11-02 19:20:10,active,"Cao Bằng là một tỉnh thuộc vùng Đông Bắc Bộ, Việt Nam. Theo dữ liệu Sáp nhập tỉnh, thành Việt Nam 2025,  Cao Bằng có diện tích:  6.700 km², xếp thứ 23; dân số: 573.119 người, xếp thứ 33; GRDP 2024:  2","Tham quan, chụp ảnh"
50399,Di tích lịch sử Đông Khê,"Cao Bằng là một tỉnh thuộc vùng Đông Bắc Bộ, Việt Nam. Theo dữ liệu Sáp nhập tỉnh, thành Việt Nam 2025,  Cao Bằng có diện tích:  6.700 km², xếp thứ 23; dân số: 573.119 người, xếp thứ 33; GRDP 2024:  25.203.769 triệu VNĐ , xếp thứ 34; thu ngân sách 2024: 2.476.011 triệu VNĐ, xếp thứ 33; thu nhập bình quân: 30,70 triệu VNĐ/năm,  xếp thứ 32.","Quốc lộ 4A;Quốc Lộ 34B, Xã Đông Khê, Tỉnh Cao Bằng",81,Cao Bằng,dia_danh,22.4300405,106.4332714,,08:00,17:00,,,4.0,0,0,,,2025-11-02 19:20:12,2025-11-02 19:20:12,active,"Cao Bằng là một tỉnh thuộc vùng Đông Bắc Bộ, Việt Nam. Theo dữ liệu Sáp nhập tỉnh, thành Việt Nam 2025,  Cao Bằng có diện tích:  6.700 km², xếp thứ 23; dân số: 573.119 người, xếp thứ 33; GRDP 2024:  2","Tham quan, chụp ảnh"
50400,Ngã ba sông Bằng - sông Hiến,"Sông Bạch Đằng ngày nay dài hơn 20 km, bắt đầu từ Phà Rừng giữa Hải Phòng và Quảng Ninh, nơi giao nhau của sông Giá, sông Chanh và sông Đá Bạc, kéo dài đến cửa biển Nam Triệu. Sông Bạch Đằng có đặc điểm đặc trưng do sự chênh lệch của thủy triều gây nên, tạo điều kiện cho một trận địa đánh giặc. Mặt nước có độ chênh lệch khi thủy triều dâng lên và hạ xuống là khoảng 4 mét. Nhờ các đặc điểm đó, khi triều lên, nước có khả năng che lấp hết toàn bộ bãi cọc, khi nước rút, các cọc nhọn nhô lên đến 2 mé","Ngã ba sông Bằng - sông Hiến, Cao Bằng, Việt Nam",81,Cao Bằng,dia_danh,22.6659,106.2574,,08:00,17:00,,,4.0,0,0,,,2025-11-02 19:20:15,2025-11-02 19:20:15,active,"Sông Bạch Đằng ngày nay dài hơn 20 km, bắt đầu từ Phà Rừng giữa Hải Phòng và Quảng Ninh, nơi giao nhau của sông Giá, sông Chanh và sông Đá Bạc, kéo dài đến cửa biển Nam Triệu. Sông Bạch Đằng có đặc đi","Tham quan, chụp ảnh"
50401,Đền Vua Lê (Thành Na Lữ),"Gia Long (chữ Hán: 嘉隆; 8 tháng 2 năm 1762 – 3 tháng 2 năm 1820), tên húy là Nguyễn Phúc Ánh (阮福暎), thường được gọi là Nguyễn Ánh (阮暎), là một nhà chính trị, nhà quân sự người Việt Nam, vị vua sáng lập nhà Nguyễn, triều đại quân chủ cuối cùng trong lịch sử Việt Nam. Ông trị vì từ năm 1802 đến khi qua đời năm 1820, được truy tôn miếu hiệu là Nguyễn Thế Tổ (阮世祖). Trong suốt thời gian trị vì ông chỉ sử dụng một niên hiệu là Gia Long (嘉隆), nên thường được gọi là Gia Long Đế.
Nguyễn Ánh là cháu nội củ","Đền Vua Lê (Thành Na Lữ), Cao Bằng, Việt Nam",81,Cao Bằng,dia_danh,22.6659,106.2574,,08:00,17:00,,,4.0,0,0,,,2025-11-02 19:20:17,2025-11-02 19:20:17,active,"Gia Long (chữ Hán: 嘉隆; 8 tháng 2 năm 1762 – 3 tháng 2 năm 1820), tên húy là Nguyễn Phúc Ánh (阮福暎), thường được gọi là Nguyễn Ánh (阮暎), là một nhà chính trị, nhà quân sự người Việt Nam, vị vua sáng lập","Tham quan, chụp ảnh"
50402,Núi Phia Tắp (Hang Pác Bó),"Núi Phia Tắp (Hang Pác Bó) là một địa điểm du lịch nổi tiếng tại Cao Bằng, Việt Nam. Đây là điểm đến thu hút nhiều du khách với cảnh quan đẹp và nhiều hoạt động thú vị.","Núi Phia Tắp (Hang Pác Bó), Cao Bằng, Việt Nam",81,Cao Bằng,dia_danh,22.6659,106.2574,,08:00,17:00,,,4.0,0,0,,,2025-11-02 19:20:28,2025-11-02 19:20:28,active,Địa điểm du lịch nổi tiếng tại Cao Bằng,"Tham quan, chụp ảnh"
50403,Hang Dơi (Hang Ngườm Pục),"Hang Dơi (Hang Ngườm Pục) là một địa điểm du lịch nổi tiếng tại Cao Bằng, Việt Nam. Đây là điểm đến thu hút nhiều du khách với cảnh quan đẹp và nhiều hoạt động thú vị.","Hang Dơi (Hang Ngườm Pục), Cao Bằng, Việt Nam",81,Cao Bằng,dia_danh,22.6659,106.2574,,08:00,17:00,,,4.0,0,0,,,2025-11-02 19:20:36,2025-11-02 19:20:36,active,Địa điểm du lịch nổi tiếng tại Cao Bằng,"Tham quan, chụp ảnh"
50404,Đèo Mẻ Pia,"Đèo Mẻ Pia là một địa điểm du lịch nổi tiếng tại Cao Bằng, Việt Nam. Đây là điểm đến thu hút nhiều du khách với cảnh quan đẹp và nhiều hoạt động thú vị.","Đèo Mẻ Pia, Cao Bằng, Việt Nam",81,Cao Bằng,dia_danh,22.6659,106.2574,,08:00,17:00,,,4.0,0,0,,,2025-11-02 19:20:46,2025-11-02 19:20:46,active,Địa điểm du lịch nổi tiếng tại Cao Bằng,"Tham quan, chụp ảnh"
50405,Thành Bản Phủ (Di tích Thành Nà Lữ),"Thành Bản Phủ nằm trên một vùng rộng lớn bao quanh là sông nước và đồng ruộng thuộc phường Thục Phán, tỉnh Cao Bằng.
Theo truyền thuyết và sử sách, đây là nơi thiết triều của ba đời vua Mạc là Mạc Kính Cung, Mạc Kính Khoan và Mạc Kính Vũ trải dài 83 năm. Qua nghiên cứu và xác định niên đại những di vật nằm trong địa tầng, phần lớn các hiện vật thu được cho thấy thành này được xây dựng từ thời Lê – Mạc.","Thành Bản Phủ (Di tích Thành Nà Lữ), Cao Bằng, Việt Nam",81,Cao Bằng,dia_danh,22.6659,106.2574,,08:00,17:00,,,4.0,0,0,,,2025-11-02 19:20:48,2025-11-02 19:20:48,active,"Thành Bản Phủ nằm trên một vùng rộng lớn bao quanh là sông nước và đồng ruộng thuộc phường Thục Phán, tỉnh Cao Bằng.
Theo truyền thuyết và sử sách, đây là nơi thiết triều của ba đời vua Mạc là Mạc Kín","Tham quan, chụp ảnh"
50406,Đền Kỳ Sầm (Thờ Nùng Trí Cao),"Nùng Trí Cao hay Nông Trí Cao (chữ Hán: 儂智高 Tráng văn: Nungz Cigaoh; 1025 - 1055) là một lãnh tụ người Tày, Nùng, Tráng nổi lên đòi tự trị giữa Đại Tống và Đại Cồ Việt thời nhà Lý.
Sau khi nhà Tống thống nhất Trung Quốc, đối với các sắc tộc mà Hán tộc coi họ là man di, nhà Tống đặt ra một hệ thống hành chính mới cho các sắc tộc này, đó là hệ thống “ki mi” gọi là “ki mi chế” (jimi zhi, 羁縻制), có nghĩa là các sắc tộc hay các bộ lạc tự quản trị địa phương của mình, tuy nhiên thuế khoá hay nhân lực v","Đền Kỳ Sầm (Thờ Nùng Trí Cao), Cao Bằng, Việt Nam",81,Cao Bằng,dia_danh,22.6659,106.2574,,08:00,17:00,,,4.0,0,0,,,2025-11-02 19:20:50,2025-11-02 19:20:50,active,"Nùng Trí Cao hay Nông Trí Cao (chữ Hán: 儂智高 Tráng văn: Nungz Cigaoh; 1025 - 1055) là một lãnh tụ người Tày, Nùng, Tráng nổi lên đòi tự trị giữa Đại Tống và Đại Cồ Việt thời nhà Lý.
Sau khi nhà Tống th","Tham quan, chụp ảnh"
50407,Thác Nặm Trá,"Thác Nặm Trá là một địa điểm du lịch nổi tiếng tại Cao Bằng, Việt Nam. Đây là điểm đến thu hút nhiều du khách với cảnh quan đẹp và nhiều hoạt động thú vị.","Thác Nặm Trá, Cao Bằng, Việt Nam",81,Cao Bằng,dia_danh,22.6659,106.2574,,08:00,17:00,,,4.0,0,0,,,2025-11-02 19:20:58,2025-11-02 19:20:58,active,Địa điểm du lịch nổi tiếng tại Cao Bằng,"Tham quan, chụp ảnh"
50462,Hospital Da Nang,Địa điểm hospital tại Da Nang,"Da Nang, Việt Nam",86,Đà Nẵng,dia_danh,16.172330164178007,108.43801860155132,,,,,,4.0,0,0,,,2025-11-04 13:36:17,2025-11-04 13:36:17,active,"{""category"": ""hospital"", ""source"": """", ""image_url"": null, ""province"": null}",
50490,Hospital Dong Nai,Địa điểm hospital tại Dong Nai,"Dong Nai, Việt Nam",102,Đồng Nai,dia_danh,11.121350553566876,106.74887426656954,,,,,,4.0,0,0,,,2025-11-04 13:36:26,2025-11-04 13:36:26,active,"{""category"": ""hospital"", ""source"": """", ""image_url"": null, ""province"": null}",
50545,Bar Ocean,Địa điểm pub tại Hai Phong,"Hai Phong, Việt Nam",87,Hải Phòng,dia_danh,20.8344191541508,107.1306184532679,,,,,,4.0,0,0,,,2025-11-04 13:38:23,2025-11-04 13:38:23,active,"{""category"": ""pub"", ""source"": """", ""image_url"": null, ""province"": null}",
50555,Da Lat Garden,Nhà hàng bar tại Thanh Hoa,"Thanh Hoa, Việt Nam",130,Thanh Hóa,dia_danh,19.48237110230864,106.19925997629905,,,,,,4.0,0,0,,,2025-11-04 13:38:26,2025-11-04 13:38:26,active,"{""category"": ""bar"", ""source"": """", ""image_url"": null, ""province"": null}",
50557,Library Thanh Hoa,Địa điểm library tại Thanh Hoa,"Thanh Hoa, Việt Nam",130,Thanh Hóa,dia_danh,19.94613808766728,105.54475522311144,,,,,,4.0,0,0,,,2025-11-04 13:38:27,2025-11-04 13:38:27,active,"{""category"": ""library"", ""source"": """", ""image_url"": null, ""province"": null}",
50591,Pagoda Ha Tinh,Địa điểm pagoda tại Ha Tinh,"Ha Tinh, Việt Nam",105,Hà Tĩnh,dia_danh,18.42942851767406,105.96334212288748,,,,,,4.0,0,0,,,2025-11-04 13:38:38,2025-11-04 13:38:38,active,"{""category"": ""pagoda"", ""source"": """", ""image_url"": null, ""province"": null}",
50596,Pho Hoa Ha Tinh,Điểm đến park tại Ha Tinh,"Ha Tinh, Việt Nam",105,Hà Tĩnh,dia_danh,18.72709763685256,105.7864790537036,,,,,,4.0,0,0,,,2025-11-04 13:38:39,2025-11-04 13:38:39,active,"{""category"": ""park"", ""source"": """", ""image_url"": null, ""province"": null}",
50413,Forest Saigon,Thông tin về Forest Saigon tại Hai Phong. Đây là một địa điểm nổi tiếng với nhiều hoạt động và trải nghiệm thú vị.,"Hai Phong, Việt Nam",87,Hải Phòng,dia_danh,20.7710942989066,106.81155389795492,,,,,,3.9,0,0,,,2025-11-04 13:34:44,2025-11-04 13:34:44,active,"{""category"": ""fine_dining"", ""source"": """", ""image_url"": null, ""province"": null}",
50419,Cung Nui Thanh Hoa,Thông tin về Cung Nui Thanh Hoa tại Thanh Hoa. Đây là một địa điểm nổi tiếng với nhiều hoạt động và trải nghiệm thú vị.,"Thanh Hoa, Việt Nam",130,Thanh Hóa,dia_danh,20.258850970137456,105.75014156950954,,,,,,3.9,0,0,,,2025-11-04 13:34:46,2025-11-04 13:34:46,active,"{""category"": ""beach"", ""source"": """", ""image_url"": null, ""province"": null}",
50464,Cang Lich Quang Nam,Điểm đến waterfall tại Quang Nam,"Quang Nam, Việt Nam",86,Đà Nẵng,dia_danh,15.441942692572605,108.19014633116052,30000.0,,,,,3.9,0,0,,,2025-11-04 13:36:17,2025-11-04 13:36:17,active,"{""category"": ""waterfall"", ""source"": """", ""image_url"": null, ""province"": null}",
50468,Harbor Quang Ngai,Địa điểm harbor tại Quang Ngai,"Quang Ngai, Việt Nam",94,Bình Định,dia_danh,15.12862024380894,108.40259797618631,,,,,,3.9,0,0,,,2025-11-04 13:36:19,2025-11-04 13:36:19,active,"{""category"": ""harbor"", ""source"": """", ""image_url"": null, ""province"": null}",
50491,Harbor Ba Ria - Vung Tau,Địa điểm harbor tại Ba Ria - Vung Tau,"Ba Ria - Vung Tau, Việt Nam",85,TP. Hồ Chí Minh,dia_danh,10.669471998300237,107.12091097248468,,,,,,3.9,0,0,,,2025-11-04 13:36:26,2025-11-04 13:36:26,active,"{""category"": ""harbor"", ""source"": """", ""image_url"": null, ""province"": null}",
50507,Cong Vien Lich,Điểm đến lake tại Binh Thuan,"Binh Thuan, Việt Nam",113,Lâm Đồng,dia_danh,10.670401170197952,108.02005524954087,,,,,,3.9,0,0,,,2025-11-04 13:36:31,2025-11-04 13:36:31,active,"{""category"": ""lake"", ""source"": """", ""image_url"": null, ""province"": null}",
50586,River Kitchen,Nhà hàng cafe tại Nghe An,"Nghe An, Việt Nam",115,Nghệ An,dia_danh,18.648975040822727,105.73107613049991,,,,,,3.9,0,0,,,2025-11-04 13:38:36,2025-11-04 13:38:36,active,"{""category"": ""cafe"", ""source"": """", ""image_url"": null, ""province"": null}",
50341,Hồ Tây và Phủ Tây Hồ,"Hồ lớn nhất Hà Nội, mang vẻ đẹp lãng mạn, thanh bình. Phủ Tây Hồ là di tích thờ Bà Chúa Liễu Hạnh, linh thiêng và cổ kính.","Đường Thanh Niên, Tây Hồ, Hà Nội (và khu vực xung quanh)",79,Hà Nội,dia_danh,21.054359,105.823908,,Cả ngày,,,,3.8,5,0,,,2025-11-02 18:33:16,2025-11-04 14:18:47,active,"Đạp xe, ngắm hoàng hôn, Phủ Tây Hồ, Chùa Trấn Quốc","Quán cà phê, nhà hàng ven hồ"
50372,Phố cổ Đồng Văn,"Phố cổ Đồng Văn là một quần thể kiến trúc độc đáo nằm giữa lòng thị trấn Đồng Văn, huyện Đồng Văn, tỉnh Hà Giang, Việt Nam. Nơi đây nổi bật với những ngôi nhà cổ có niên đại hàng trăm năm, mang đậm phong cách kiến trúc của người Tày, Mông, Hoa với mái ngói âm dương, tường trình đất và những con đường lát đá rêu phong. Phố cổ không chỉ là một điểm đến du lịch hấp dẫn mà còn là trung tâm văn hóa, thương mại sầm uất của cả vùng cao nguyên đá Đồng Văn, đặc biệt là vào những ngày chợ phiên cuối tuần. Du khách có thể khám phá lịch sử, thưởng thức ẩm thực địa phương và hòa mình vào không khí văn hóa đa sắc tộc.","Thị trấn Đồng Văn, huyện Đồng Văn, tỉnh Hà Giang, Việt Nam",80,Hà Giang,dia_danh,22.832852,104.987838,,00:00,23:59,,,3.8,5,0,,,2025-11-02 19:15:13,2025-11-04 14:18:47,active,"Kiến trúc cổ kính độc đáo, chợ phiên truyền thống sầm uất, văn hóa đa sắc tộc, ẩm thực địa phương phong phú, trung tâm cao nguyên đá Đồng Văn.","Nhà nghỉ, khách sạn, homestay, nhà hàng, quán cà phê, cửa hàng đặc sản, chợ truyền thống, ATM, dịch vụ cho thuê xe máy."
50444,Atm Quang Tri,Thông tin về Atm Quang Tri tại Quang Tri. Đây là một địa điểm nổi tiếng với nhiều hoạt động và trải nghiệm thú vị.,"Quang Tri, Việt Nam",131,Thừa Thiên Huế,dia_danh,16.903411209829,106.92820006784396,,,,,,3.8,5,0,,,2025-11-04 13:34:54,2025-11-04 14:18:47,active,"{""category"": ""atm"", ""source"": """", ""image_url"": null, ""province"": null}",
50466,Chua Bai Bien,Điểm đến museum tại Quang Nam,"Quang Nam, Việt Nam",86,Đà Nẵng,dia_danh,15.952633825202968,108.13005876378278,50000.0,,,,,3.8,5,0,,,2025-11-04 13:36:18,2025-11-04 14:18:47,active,"{""category"": ""museum"", ""source"": """", ""image_url"": null, ""province"": null}",
50499,Bistro Vietnam,Nhà hàng upscale restaurant tại Tay Ninh,"Tay Ninh, Việt Nam",95,Bình Dương,nha_hang,11.68858801805652,106.57306650345647,,,,,,3.8,5,0,,,2025-11-04 13:36:29,2025-11-04 14:18:46,active,"{""category"": ""upscale_restaurant"", ""source"": """", ""image_url"": null, ""province"": null}",
50561,School Thanh Hoa,Địa điểm school tại Thanh Hoa,"Thanh Hoa, Việt Nam",130,Thanh Hóa,dia_danh,19.703681899555864,105.31589136715648,,,,,,3.8,5,0,,,2025-11-04 13:38:28,2025-11-04 14:18:46,active,"{""category"": ""school"", ""source"": """", ""image_url"": null, ""province"": null}",
50593,Convenience Store Ha Tinh,Địa điểm convenience store tại Ha Tinh,"Ha Tinh, Việt Nam",105,Hà Tĩnh,dia_danh,18.192130636218984,106.00669258974094,,,,,,3.8,5,0,,,2025-11-04 13:38:38,2025-11-04 14:18:46,active,"{""category"": ""convenience_store"", ""source"": """", ""image_url"": null, ""province"": null}",
50347,Công viên Nước Hồ Tây,"Khu vui chơi giải trí dưới nước lớn và lâu đời nhất tại Hà Nội, với nhiều trò chơi mạo hiểm và thư giãn.","614 Lạc Long Quân, Nhật Tân, Tây Hồ, Hà Nội",79,Hà Nội,giai_tri,21.066455,105.807857,170000.0,09:00 - 20:00,,+84 24 3718 4198,http://www.hoangminhmedia.com/,3.8,0,0,,,2025-11-02 18:33:16,2025-11-02 18:33:16,active,"Trò chơi mạo hiểm dưới nước, bể bơi tạo sóng","Nhà hàng, khu thay đồ"
50430,Saigon Forest,Thông tin về Saigon Forest tại Ha Tinh. Đây là một địa điểm nổi tiếng với nhiều hoạt động và trải nghiệm thú vị.,"Ha Tinh, Việt Nam",105,Hà Tĩnh,dia_danh,18.30318558784728,105.456272752858,,,,,,3.8,0,0,,,2025-11-04 13:34:50,2025-11-04 13:34:50,active,"{""category"": ""bar"", ""source"": """", ""image_url"": null, ""province"": null}",
50439,San Bay Vuon Quang Binh,Thông tin về San Bay Vuon Quang Binh tại Quang Binh. Đây là một địa điểm nổi tiếng với nhiều hoạt động và trải nghiệm thú vị.,"Quang Binh, Việt Nam",105,Hà Tĩnh,dia_danh,16.969900996975277,106.2997482076347,,,,,,3.8,0,0,,,2025-11-04 13:34:53,2025-11-04 13:34:53,active,"{""category"": ""beach"", ""source"": """", ""image_url"": null, ""province"": null}",
50578,Spa Zen,Địa điểm massage tại Nghe An,"Nghe An, Việt Nam",115,Nghệ An,dia_danh,18.5471906423049,106.02851887056448,,,,,,3.8,0,0,,,2025-11-04 13:38:34,2025-11-04 13:38:34,active,"{""category"": ""massage"", ""source"": """", ""image_url"": null, ""province"": null}",
50598,Marina Ha Tinh,Địa điểm marina tại Ha Tinh,"Ha Tinh, Việt Nam",105,Hà Tĩnh,dia_danh,18.57715447004333,106.11287192238942,,,,,,3.8,0,0,,,2025-11-04 13:38:40,2025-11-04 13:38:40,active,"{""category"": ""marina"", ""source"": """", ""image_url"": null, ""province"": null}",
50426,Harbor Nghe An,Thông tin về Harbor Nghe An tại Nghe An. Đây là một địa điểm nổi tiếng với nhiều hoạt động và trải nghiệm thú vị.,"Nghe An, Việt Nam",115,Nghệ An,dia_danh,18.46550743092738,105.617577668021,,,,,,3.7,0,0,,,2025-11-04 13:34:48,2025-11-04 13:34:48,active,"{""category"": ""harbor"", ""source"": """", ""image_url"": null, ""province"": null}",
50503,Marina Binh Phuoc,Địa điểm marina tại Binh Phuoc,"Binh Phuoc, Việt Nam",102,Đồng Nai,dia_danh,11.261047255358683,106.8396163963004,,,,,,3.7,0,0,,,2025-11-04 13:36:30,2025-11-04 13:36:30,active,"{""category"": ""marina"", ""source"": """", ""image_url"": null, ""province"": null}",
50509,Bai Bien Hoa,Điểm đến waterfall tại Hanoi,"Hanoi, Việt Nam",79,Hà Nội,dia_danh,21.080055201079453,105.52497951311472,30000.0,,,,,3.7,0,0,,,2025-11-04 13:38:12,2025-11-04 13:38:12,active,"{""category"": ""waterfall"", ""source"": """", ""image_url"": null, ""province"": null}",
50546,Cung Hoc,Điểm đến mountain tại Hai Phong,"Hai Phong, Việt Nam",87,Hải Phòng,dia_danh,20.46502245722741,106.54012113592324,,,,,,3.7,0,0,,,2025-11-04 13:38:23,2025-11-04 13:38:23,active,"{""category"": ""mountain"", ""source"": """", ""image_url"": null, ""province"": null}",
50549,Shopping Center Hai Phong,Địa điểm market tại Hai Phong,"Hai Phong, Việt Nam",87,Hải Phòng,mua_sam,20.77632558206941,107.12500028539904,,,,,,3.7,0,0,,,2025-11-04 13:38:24,2025-11-04 13:38:24,active,"{""category"": ""market"", ""source"": """", ""image_url"": null, ""province"": null}",
50558,Beach Thanh Hoa,Địa điểm beach tại Thanh Hoa,"Thanh Hoa, Việt Nam",130,Thanh Hóa,dia_danh,19.885970648762022,105.80043423040723,,,,,,3.7,0,0,,,2025-11-04 13:38:27,2025-11-04 13:38:27,active,"{""category"": ""beach"", ""source"": """", ""image_url"": null, ""province"": null}",
50577,Library Nghe An,Địa điểm library tại Nghe An,"Nghe An, Việt Nam",115,Nghệ An,dia_danh,18.26154018939805,105.89078959135064,,,,,,3.7,0,0,,,2025-11-04 13:38:33,2025-11-04 13:38:33,active,"{""category"": ""library"", ""source"": """", ""image_url"": null, ""province"": null}",
50585,Club Nghe An,Địa điểm club tại Nghe An,"Nghe An, Việt Nam",115,Nghệ An,dia_danh,19.02709560019853,105.87679750156305,,,,,,3.7,0,0,,,2025-11-04 13:38:36,2025-11-04 13:38:36,active,"{""category"": ""club"", ""source"": """", ""image_url"": null, ""province"": null}",
50607,Mountain Ha Tinh,Địa điểm mountain tại Ha Tinh,"Ha Tinh, Việt Nam",105,Hà Tĩnh,dia_danh,18.356095693507367,106.01425509217606,,,,,,3.7,0,0,,,2025-11-04 13:38:43,2025-11-04 13:38:43,active,"{""category"": ""mountain"", ""source"": """", ""image_url"": null, ""province"": null}",
50335,Hồ Hoàn Kiếm và Đền Ngọc Sơn,"Trái tim của Thủ đô, gắn liền với truyền thuyết trả gươm thần. Là khu vực di tích lịch sử, văn hóa và không gian đi bộ cuối tuần.","Phố Đinh Tiên Hoàng, Hoàn Kiếm, Hà Nội",79,Hà Nội,dia_danh,21.028511,105.854167,30000.0,Cả ngày,,,,3.6,5,0,,,2025-11-02 18:33:16,2025-11-04 14:18:46,active,"Di tích lịch sử, không gian đi bộ, Tháp Rùa","Phố đi bộ, dịch vụ xung quanh"
50408,Lăng Chủ tịch Hồ Chí Minh,Thông tin về Lăng Chủ tịch Hồ Chí Minh tại Hanoi. Đây là một địa điểm nổi tiếng với nhiều hoạt động và trải nghiệm thú vị.,"Hanoi, Việt Nam",79,Hà Nội,dia_danh,21.0369,105.8325,,,,,,3.6,5,0,,,2025-11-04 13:34:43,2025-11-04 14:18:47,active,"{""category"": ""memorial"", ""source"": """", ""image_url"": null, ""province"": null}",
50485,Nha Hang Sunset,Nhà hàng upscale restaurant tại Binh Duong,"Binh Duong, Việt Nam",95,Bình Dương,nha_hang,11.319158125269018,106.76782428264116,,,,,,3.6,5,0,,,2025-11-04 13:36:24,2025-11-04 14:18:45,active,"{""category"": ""upscale_restaurant"", ""source"": """", ""image_url"": null, ""province"": null}",
50532,Ben Nui,Điểm đến lake tại Hanoi,"Hanoi, Việt Nam",79,Hà Nội,dia_danh,21.31409268988524,106.25008566385534,,,,,,3.6,5,0,,,2025-11-04 13:38:19,2025-11-04 14:18:46,active,"{""category"": ""lake"", ""source"": """", ""image_url"": null, ""province"": null}",
50534,Vinpearl Land Times City,Công viên giải trí trong nhà cho gia đình,"Hanoi, Việt Nam",79,Hà Nội,dia_danh,21.0255,105.8542,,,,,,3.6,5,0,,,2025-11-04 13:38:20,2025-11-04 14:18:47,active,"{""category"": ""indoor_theme_park"", ""source"": """", ""image_url"": null, ""province"": null}",
50563,River Thanh Hoa,Địa điểm river tại Thanh Hoa,"Thanh Hoa, Việt Nam",130,Thanh Hóa,dia_danh,20.071867903063826,105.38009247358652,,,,,,3.6,5,0,,,2025-11-04 13:38:29,2025-11-04 14:18:46,active,"{""category"": ""river"", ""source"": """", ""image_url"": null, ""province"": null}",
50423,Pub Vietnam,Thông tin về Pub Vietnam tại Thanh Hoa. Đây là một địa điểm nổi tiếng với nhiều hoạt động và trải nghiệm thú vị.,"Thanh Hoa, Việt Nam",130,Thanh Hóa,dia_danh,19.80619807096092,105.5005530784859,,,,,,3.6,0,0,,,2025-11-04 13:34:48,2025-11-04 13:34:48,active,"{""category"": ""food_court"", ""source"": """", ""image_url"": null, ""province"": null}",
50472,Atm Quang Ngai,Địa điểm atm tại Quang Ngai,"Quang Ngai, Việt Nam",94,Bình Định,dia_danh,14.628568412821036,109.19196762643575,,,,,,3.6,0,0,,,2025-11-04 13:36:20,2025-11-04 13:36:20,active,"{""category"": ""atm"", ""source"": """", ""image_url"": null, ""province"": null}",
50478,Marina Binh Dinh,Địa điểm marina tại Binh Dinh,"Binh Dinh, Việt Nam",94,Bình Định,dia_danh,13.450990217444051,108.73482680704728,,,,,,3.6,0,0,,,2025-11-04 13:36:22,2025-11-04 13:36:22,active,"{""category"": ""marina"", ""source"": """", ""image_url"": null, ""province"": null}",
50486,Bao Tang Nui,Điểm đến historical site tại Dong Nai,"Dong Nai, Việt Nam",102,Đồng Nai,dia_danh,11.12328879439388,107.08395932637278,,,,,,3.6,0,0,,,2025-11-04 13:36:25,2025-11-04 13:36:25,active,"{""category"": ""historical_site"", ""source"": """", ""image_url"": null, ""province"": null}",
50489,Nui Vuon,Điểm đến beach tại Dong Nai,"Dong Nai, Việt Nam",102,Đồng Nai,dia_danh,10.885378335850262,106.38881385457532,,,,,,3.6,0,0,,,2025-11-04 13:36:26,2025-11-04 13:36:26,active,"{""category"": ""beach"", ""source"": """", ""image_url"": null, ""province"": null}",
50492,Atm Ba Ria - Vung Tau,Địa điểm atm tại Ba Ria - Vung Tau,"Ba Ria - Vung Tau, Việt Nam",85,TP. Hồ Chí Minh,dia_danh,10.493388545759483,106.81483757461228,,,,,,3.6,0,0,,,2025-11-04 13:36:27,2025-11-04 13:36:27,active,"{""category"": ""atm"", ""source"": """", ""image_url"": null, ""province"": null}",
50525,Cafe River,Địa điểm bar tại Hanoi,"Hanoi, Việt Nam",79,Hà Nội,dia_danh,20.694758596684053,106.12336144890868,,,,,,3.6,0,0,,,2025-11-04 13:38:17,2025-11-04 13:38:17,active,"{""category"": ""bar"", ""source"": """", ""image_url"": null, ""province"": null}",
50562,Cho Cong Vien Thanh Hoa,Điểm đến lake tại Thanh Hoa,"Thanh Hoa, Việt Nam",130,Thanh Hóa,dia_danh,19.66736970218245,105.38668921080787,,,,,,3.6,0,0,,,2025-11-04 13:38:29,2025-11-04 13:38:29,active,"{""category"": ""lake"", ""source"": """", ""image_url"": null, ""province"": null}",
50587,Cho Van,Điểm đến cultural site tại Nghe An,"Nghe An, Việt Nam",115,Nghệ An,dia_danh,18.849441140667,105.61133977895706,,,,,,3.6,0,0,,,2025-11-04 13:38:36,2025-11-04 13:38:36,active,"{""category"": ""cultural_site"", ""source"": """", ""image_url"": null, ""province"": null}",
50590,River Nghe An,Địa điểm river tại Nghe An,"Nghe An, Việt Nam",115,Nghệ An,dia_danh,18.532000006047426,105.95799972416846,,,,,,3.6,0,0,,,2025-11-04 13:38:37,2025-11-04 13:38:37,active,"{""category"": ""river"", ""source"": """", ""image_url"": null, ""province"": null}",
50425,Mountain Vietnam,Thông tin về Mountain Vietnam tại Nghe An. Đây là một địa điểm nổi tiếng với nhiều hoạt động và trải nghiệm thú vị.,"Nghe An, Việt Nam",115,Nghệ An,dia_danh,18.79106467102921,105.6225742026398,,,,,,3.5,0,0,,,2025-11-04 13:34:48,2025-11-04 13:34:48,active,"{""category"": ""bar"", ""source"": """", ""image_url"": null, ""province"": null}",
50501,Harbor Binh Phuoc,Địa điểm harbor tại Binh Phuoc,"Binh Phuoc, Việt Nam",102,Đồng Nai,dia_danh,11.34106004569994,106.91852035572428,,,,,,3.5,0,0,,,2025-11-04 13:36:29,2025-11-04 13:36:29,active,"{""category"": ""harbor"", ""source"": """", ""image_url"": null, ""province"": null}",
50526,Den Su,Điểm đến mountain tại Hanoi,"Hanoi, Việt Nam",79,Hà Nội,dia_danh,21.47216100221607,105.89382566856467,,,,,,3.5,0,0,,,2025-11-04 13:38:17,2025-11-04 13:38:17,active,"{""category"": ""mountain"", ""source"": """", ""image_url"": null, ""province"": null}",
50536,Club Hai Phong,Địa điểm club tại Hai Phong,"Hai Phong, Việt Nam",87,Hải Phòng,dia_danh,20.68918197441897,106.35409817667669,,,,,,3.5,0,0,,,2025-11-04 13:38:20,2025-11-04 13:38:20,active,"{""category"": ""club"", ""source"": """", ""image_url"": null, ""province"": null}",
50542,Port Hai Phong,Địa điểm port tại Hai Phong,"Hai Phong, Việt Nam",87,Hải Phòng,dia_danh,20.57873196269514,106.20330677653192,,,,,,3.5,0,0,,,2025-11-04 13:38:22,2025-11-04 13:38:22,active,"{""category"": ""port"", ""source"": """", ""image_url"": null, ""province"": null}",
50599,Pub Ocean,Nhà hàng bar tại Ha Tinh,"Ha Tinh, Việt Nam",105,Hà Tĩnh,dia_danh,18.494006553179165,105.74176370764596,,,,,,3.5,0,0,,,2025-11-04 13:38:40,2025-11-04 13:38:40,active,"{""category"": ""bar"", ""source"": """", ""image_url"": null, ""province"": null}",
50601,Rooftop Hue,Nhà hàng fast food tại Ha Tinh,"Ha Tinh, Việt Nam",105,Hà Tĩnh,dia_danh,18.55457448463665,106.17463627858736,,,,,,3.5,0,0,,,2025-11-04 13:38:41,2025-11-04 13:38:41,active,"{""category"": ""fast_food"", ""source"": """", ""image_url"": null, ""province"": null}",
50554,Hang Sửng Sốt,Hang động đẹp nhất trong vịnh Hạ Long,"Quang Ninh, Việt Nam",123,Quảng Ninh,dia_danh,20.9101,107.1839,,,,,,3.4,5,0,,,2025-11-04 13:38:26,2025-11-04 14:18:47,active,"{""category"": ""nature"", ""source"": """", ""image_url"": null, ""province"": null}",
50566,Lang Truong,Điểm đến shopping center tại Thanh Hoa,"Thanh Hoa, Việt Nam",130,Thanh Hóa,mua_sam,19.789735551250548,106.0670715154524,,,,,,3.4,5,0,,,2025-11-04 13:38:30,2025-11-04 14:18:46,active,"{""category"": ""shopping_center"", ""source"": """", ""image_url"": null, ""province"": null}",
50567,Square Hoi An,Nhà hàng traditional restaurant tại Thanh Hoa,"Thanh Hoa, Việt Nam",130,Thanh Hóa,nha_hang,20.10908432820687,105.55434376204713,,,,,,3.4,5,0,,,2025-11-04 13:38:30,2025-11-04 14:18:47,active,"{""category"": ""traditional_restaurant"", ""source"": """", ""image_url"": null, ""province"": null}",
50415,Marina Hai Phong,Thông tin về Marina Hai Phong tại Hai Phong. Đây là một địa điểm nổi tiếng với nhiều hoạt động và trải nghiệm thú vị.,"Hai Phong, Việt Nam",87,Hải Phòng,dia_danh,20.609051053320364,106.33496608494312,,,,,,3.4,0,0,,,2025-11-04 13:34:45,2025-11-04 13:34:45,active,"{""category"": ""marina"", ""source"": """", ""image_url"": null, ""province"": null}",
50432,Atm Ha Tinh,Thông tin về Atm Ha Tinh tại Ha Tinh. Đây là một địa điểm nổi tiếng với nhiều hoạt động và trải nghiệm thú vị.,"Ha Tinh, Việt Nam",105,Hà Tĩnh,dia_danh,18.147542380539708,105.80483703708988,,,,,,3.4,0,0,,,2025-11-04 13:34:50,2025-11-04 13:34:50,active,"{""category"": ""atm"", ""source"": """", ""image_url"": null, ""province"": null}",
50442,Bao Tang Hoc,Thông tin về Bao Tang Hoc tại Quang Tri. Đây là một địa điểm nổi tiếng với nhiều hoạt động và trải nghiệm thú vị.,"Quang Tri, Việt Nam",131,Thừa Thiên Huế,dia_danh,16.59071414683396,106.87887773595406,80000.0,,,,,3.4,0,0,,,2025-11-04 13:34:53,2025-11-04 13:34:53,active,"{""category"": ""cave"", ""source"": """", ""image_url"": null, ""province"": null}",
50446,Square Vietnam,Thông tin về Square Vietnam tại Quang Tri. Đây là một địa điểm nổi tiếng với nhiều hoạt động và trải nghiệm thú vị.,"Quang Tri, Việt Nam",131,Thừa Thiên Huế,dia_danh,17.176277833656478,107.04513784402258,,,,,,3.4,0,0,,,2025-11-04 13:34:55,2025-11-04 13:34:55,active,"{""category"": ""fine_dining"", ""source"": """", ""image_url"": null, ""province"": null}",
50448,Vietnam Bar,Thông tin về Vietnam Bar tại Quang Tri. Đây là một địa điểm nổi tiếng với nhiều hoạt động và trải nghiệm thú vị.,"Quang Tri, Việt Nam",131,Thừa Thiên Huế,dia_danh,16.94316592561656,107.48496530779506,,,,,,3.4,0,0,,,2025-11-04 13:34:55,2025-11-04 13:34:55,active,"{""category"": ""cafe"", ""source"": """", ""image_url"": null, ""province"": null}",
50496,Harbor Tay Ninh,Địa điểm harbor tại Tay Ninh,"Tay Ninh, Việt Nam",95,Bình Dương,dia_danh,11.550764212588447,105.91674680164142,,,,,,3.4,0,0,,,2025-11-04 13:36:28,2025-11-04 13:36:28,active,"{""category"": ""harbor"", ""source"": """", ""image_url"": null, ""province"": null}",
50513,Cung Vuon,Điểm đến religious site tại Hanoi,"Hanoi, Việt Nam",79,Hà Nội,dia_danh,21.18018830658786,106.0476090798895,,,,,,3.4,0,0,,,2025-11-04 13:38:13,2025-11-04 13:38:13,active,"{""category"": ""religious_site"", ""source"": """", ""image_url"": null, ""province"": null}",
50520,Phu Quoc Bar,Nhà hàng buffet tại Hanoi,"Hanoi, Việt Nam",79,Hà Nội,dia_danh,20.528644852919644,105.9241556607314,,,,,,3.4,0,0,,,2025-11-04 13:38:15,2025-11-04 13:38:15,active,"{""category"": ""buffet"", ""source"": """", ""image_url"": null, ""province"": null}",
50522,Cafe Mountain,Địa điểm bar tại Hanoi,"Hanoi, Việt Nam",79,Hà Nội,dia_danh,20.5311770150192,106.133660333004,,,,,,3.4,0,0,,,2025-11-04 13:38:16,2025-11-04 13:38:16,active,"{""category"": ""bar"", ""source"": """", ""image_url"": null, ""province"": null}",
50569,Pho Su,Điểm đến cultural site tại Thanh Hoa,"Thanh Hoa, Việt Nam",130,Thanh Hóa,dia_danh,19.71864810805681,106.14065872236644,,,,,,3.4,0,0,,,2025-11-04 13:38:31,2025-11-04 13:38:31,active,"{""category"": ""cultural_site"", ""source"": """", ""image_url"": null, ""province"": null}",
50422,Cau Van,Thông tin về Cau Van tại Thanh Hoa. Đây là một địa điểm nổi tiếng với nhiều hoạt động và trải nghiệm thú vị.,"Thanh Hoa, Việt Nam",130,Thanh Hóa,dia_danh,19.80657229075416,105.36463046187303,,,,,,3.3,0,0,,,2025-11-04 13:34:47,2025-11-04 13:34:47,active,"{""category"": ""beach"", ""source"": """", ""image_url"": null, ""province"": null}",
50431,Harbor Ha Tinh,Thông tin về Harbor Ha Tinh tại Ha Tinh. Đây là một địa điểm nổi tiếng với nhiều hoạt động và trải nghiệm thú vị.,"Ha Tinh, Việt Nam",105,Hà Tĩnh,dia_danh,18.1982424577619,105.97607113708872,,,,,,3.3,0,0,,,2025-11-04 13:34:50,2025-11-04 13:34:50,active,"{""category"": ""harbor"", ""source"": """", ""image_url"": null, ""province"": null}",
50435,Nha Hat Lich Quang Binh,Thông tin về Nha Hat Lich Quang Binh tại Quang Binh. Đây là một địa điểm nổi tiếng với nhiều hoạt động và trải nghiệm thú vị.,"Quang Binh, Việt Nam",105,Hà Tĩnh,dia_danh,17.468181398392332,106.3880830503089,,,,,,3.3,0,0,,,2025-11-04 13:34:51,2025-11-04 13:34:51,active,"{""category"": ""religious_site"", ""source"": """", ""image_url"": null, ""province"": null}",
50436,Ho Ho Quang Binh,Thông tin về Ho Ho Quang Binh tại Quang Binh. Đây là một địa điểm nổi tiếng với nhiều hoạt động và trải nghiệm thú vị.,"Quang Binh, Việt Nam",105,Hà Tĩnh,dia_danh,17.062429006320972,107.0685711937366,,,,,,3.3,0,0,,,2025-11-04 13:34:52,2025-11-04 13:34:52,active,"{""category"": ""lake"", ""source"": """", ""image_url"": null, ""province"": null}",
50443,Harbor Quang Tri,Thông tin về Harbor Quang Tri tại Quang Tri. Đây là một địa điểm nổi tiếng với nhiều hoạt động và trải nghiệm thú vị.,"Quang Tri, Việt Nam",131,Thừa Thiên Huế,dia_danh,16.42809842088728,107.51839801434002,,,,,,3.3,0,0,,,2025-11-04 13:34:54,2025-11-04 13:34:54,active,"{""category"": ""harbor"", ""source"": """", ""image_url"": null, ""province"": null}",
50471,Marina Quang Ngai,Địa điểm marina tại Quang Ngai,"Quang Ngai, Việt Nam",94,Bình Định,dia_danh,14.750318521972108,108.45413269870032,,,,,,3.3,0,0,,,2025-11-04 13:36:20,2025-11-04 13:36:20,active,"{""category"": ""marina"", ""source"": """", ""image_url"": null, ""province"": null}",
50543,Nha Hat Tu,Điểm đến lake tại Hai Phong,"Hai Phong, Việt Nam",87,Hải Phòng,dia_danh,21.00631506150248,106.59144597797842,,,,,,3.3,0,0,,,2025-11-04 13:38:23,2025-11-04 13:38:23,active,"{""category"": ""lake"", ""source"": """", ""image_url"": null, ""province"": null}",
50560,Car Wash Thanh Hoa,Địa điểm car wash tại Thanh Hoa,"Thanh Hoa, Việt Nam",130,Thanh Hóa,dia_danh,20.10597826024581,106.23594836653184,,,,,,3.3,0,0,,,2025-11-04 13:38:28,2025-11-04 13:38:28,active,"{""category"": ""car_wash"", ""source"": """", ""image_url"": null, ""province"": null}",
50570,Club Thanh Hoa,Địa điểm club tại Thanh Hoa,"Thanh Hoa, Việt Nam",130,Thanh Hóa,dia_danh,20.020053883611386,105.40124033240716,,,,,,3.3,0,0,,,2025-11-04 13:38:31,2025-11-04 13:38:31,active,"{""category"": ""club"", ""source"": """", ""image_url"": null, ""province"": null}",
50597,Hue Garden,Nhà hàng bar tại Ha Tinh,"Ha Tinh, Việt Nam",105,Hà Tĩnh,dia_danh,18.13326113607521,105.50265308685988,,,,,,3.3,0,0,,,2025-11-04 13:38:40,2025-11-04 13:38:40,active,"{""category"": ""bar"", ""source"": """", ""image_url"": null, ""province"": null}",
50605,Mosque Ha Tinh,Địa điểm mosque tại Ha Tinh,"Ha Tinh, Việt Nam",105,Hà Tĩnh,dia_danh,18.153437188282943,106.3438188864103,,,,,,3.3,0,0,,,2025-11-04 13:38:42,2025-11-04 13:38:42,active,"{""category"": ""mosque"", ""source"": """", ""image_url"": null, ""province"": null}",
50373,Cổng trời Quản Bạ,"Cổng trời Quản Bạ là một đèo cao nằm trên Quốc lộ 4C, cách thành phố Hà Giang khoảng 45km về phía Bắc, thuộc địa phận xã Quyết Tiến, huyện Quản Bạ. Đây được xem là cửa ngõ đầu tiên để bước vào Cao nguyên đá Đồng Văn. Với độ cao khoảng 1500m so với mực nước biển, Cổng trời Quản Bạ mang đến khung cảnh thiên nhiên hùng vĩ, mây trời hòa quyện, đặc biệt là vào những ngày có sương mù. Từ đây, du khách có thể chiêm ngưỡng toàn cảnh thung lũng Tam Sơn với Núi Đôi Cô Tiên huyền thoại, một biểu tượng của vùng đất này. Đây là điểm dừng chân lý tưởng để ngắm cảnh, chụp ảnh và cảm nhận vẻ đẹp đặc trưng của Hà Giang.","Quốc lộ 4C, xã Quyết Tiến, huyện Quản Bạ, tỉnh Hà Giang, Việt Nam",80,Hà Giang,dia_danh,23.049316,104.993021,,06:00,18:00,,,3.2,5,0,,,2025-11-02 19:15:43,2025-11-04 14:18:46,active,"Đèo cao, cảnh quan hùng vĩ, điểm ngắm Núi Đôi Cô Tiên, cửa ngõ Cao nguyên đá Đồng Văn, mây mù bao phủ.","Quán ăn, quán cà phê, điểm dừng chân, bãi đỗ xe (có thể tính phí), cửa hàng đặc sản địa phương."
50475,Lang Lich,Điểm đến historical site tại Binh Dinh,"Binh Dinh, Việt Nam",94,Bình Định,dia_danh,12.8822609513848,109.2404841175636,,,,,,3.2,5,0,,,2025-11-04 13:36:21,2025-11-04 14:18:47,active,"{""category"": ""historical_site"", ""source"": """", ""image_url"": null, ""province"": null}",
50428,Chua Hoa,Thông tin về Chua Hoa tại Nghe An. Đây là một địa điểm nổi tiếng với nhiều hoạt động và trải nghiệm thú vị.,"Nghe An, Việt Nam",115,Nghệ An,dia_danh,19.07715506418437,105.38418892910714,,,,,,3.2,0,0,,,2025-11-04 13:34:49,2025-11-04 13:34:49,active,"{""category"": ""mountain"", ""source"": """", ""image_url"": null, ""province"": null}",
50450,Harbor Thua Thien Hue,Thông tin về Harbor Thua Thien Hue tại Thua Thien Hue. Đây là một địa điểm nổi tiếng với nhiều hoạt động và trải nghiệm thú vị.,"Thua Thien Hue, Việt Nam",131,Thừa Thiên Huế,dia_danh,16.18022749487642,107.4358928885576,,,,,,3.2,0,0,,,2025-11-04 13:34:56,2025-11-04 13:34:56,active,"{""category"": ""harbor"", ""source"": """", ""image_url"": null, ""province"": null}",
50497,Ho Thanh Tay Ninh,Điểm đến cultural site tại Tay Ninh,"Tay Ninh, Việt Nam",95,Bình Dương,dia_danh,10.897366727044282,106.23174865264828,,,,,,3.2,0,0,,,2025-11-04 13:36:28,2025-11-04 13:36:28,active,"{""category"": ""cultural_site"", ""source"": """", ""image_url"": null, ""province"": null}",
50502,Mieu Ho Binh Phuoc,Điểm đến beach tại Binh Phuoc,"Binh Phuoc, Việt Nam",102,Đồng Nai,dia_danh,11.33153249811426,106.84834764178952,,,,,,3.2,0,0,,,2025-11-04 13:36:30,2025-11-04 13:36:30,active,"{""category"": ""beach"", ""source"": """", ""image_url"": null, ""province"": null}",
50550,Bay Hai Phong,Địa điểm bay tại Hai Phong,"Hai Phong, Việt Nam",87,Hải Phòng,dia_danh,20.70104472701301,106.85876773793817,,,,,,3.2,0,0,,,2025-11-04 13:38:25,2025-11-04 13:38:25,active,"{""category"": ""bay"", ""source"": """", ""image_url"": null, ""province"": null}",
50551,Pub Mountain,Địa điểm cafe tại Hai Phong,"Hai Phong, Việt Nam",87,Hải Phòng,dia_danh,20.752376226291496,106.43341470357572,,,,,,3.2,0,0,,,2025-11-04 13:38:25,2025-11-04 13:38:25,active,"{""category"": ""cafe"", ""source"": """", ""image_url"": null, ""province"": null}",
50573,Garden Royal,Nhà hàng bar tại Nghe An,"Nghe An, Việt Nam",115,Nghệ An,dia_danh,18.893790496903623,106.1077026040725,,,,,,3.2,0,0,,,2025-11-04 13:38:32,2025-11-04 13:38:32,active,"{""category"": ""bar"", ""source"": """", ""image_url"": null, ""province"": null}",
50575,Da Nang Nha Hang,Nhà hàng bar tại Nghe An,"Nghe An, Việt Nam",115,Nghệ An,dia_danh,19.029252384413248,105.45966847074392,,,,,,3.2,0,0,,,2025-11-04 13:38:33,2025-11-04 13:38:33,active,"{""category"": ""bar"", ""source"": """", ""image_url"": null, ""province"": null}",
50579,Beach Nghe An,Địa điểm beach tại Nghe An,"Nghe An, Việt Nam",115,Nghệ An,dia_danh,18.96601167147284,105.50642508908524,,,,,,3.2,0,0,,,2025-11-04 13:38:34,2025-11-04 13:38:34,active,"{""category"": ""beach"", ""source"": """", ""image_url"": null, ""province"": null}",
50583,School Nghe An,Địa điểm school tại Nghe An,"Nghe An, Việt Nam",115,Nghệ An,dia_danh,18.5501280122336,105.53073258867347,,,,,,3.2,0,0,,,2025-11-04 13:38:35,2025-11-04 13:38:35,active,"{""category"": ""school"", ""source"": """", ""image_url"": null, ""province"": null}",
50421,Marina Thanh Hoa,Thông tin về Marina Thanh Hoa tại Thanh Hoa. Đây là một địa điểm nổi tiếng với nhiều hoạt động và trải nghiệm thú vị.,"Thanh Hoa, Việt Nam",130,Thanh Hóa,dia_danh,20.021076735324364,106.03829505825836,,,,,,3.1,0,0,,,2025-11-04 13:34:47,2025-11-04 13:34:47,active,"{""category"": ""marina"", ""source"": """", ""image_url"": null, ""province"": null}",
50441,Bar Nha Trang,Thông tin về Bar Nha Trang tại Quang Binh. Đây là một địa điểm nổi tiếng với nhiều hoạt động và trải nghiệm thú vị.,"Quang Binh, Việt Nam",105,Hà Tĩnh,nha_hang,17.022275694287114,106.42639711603286,,,,,,3.1,0,0,,,2025-11-04 13:34:53,2025-11-04 13:34:53,active,"{""category"": ""upscale_restaurant"", ""source"": """", ""image_url"": null, ""province"": null}",
50463,Harbor Quang Nam,Địa điểm harbor tại Quang Nam,"Quang Nam, Việt Nam",86,Đà Nẵng,dia_danh,15.63182387023767,108.39710256969646,,,,,,3.1,0,0,,,2025-11-04 13:36:17,2025-11-04 13:36:17,active,"{""category"": ""harbor"", ""source"": """", ""image_url"": null, ""province"": null}",
50467,Nha Hang Nha Trang,Nhà hàng traditional restaurant tại Quang Nam,"Quang Nam, Việt Nam",86,Đà Nẵng,nha_hang,15.593393255647802,108.23292761598078,,,,,,3.1,0,0,,,2025-11-04 13:36:18,2025-11-04 13:36:18,active,"{""category"": ""traditional_restaurant"", ""source"": """", ""image_url"": null, ""province"": null}",
50469,Garden Vietnam,Nhà hàng pub tại Quang Ngai,"Quang Ngai, Việt Nam",94,Bình Định,dia_danh,14.726345865557589,109.03643499696489,,,,,,3.1,0,0,,,2025-11-04 13:36:19,2025-11-04 13:36:19,active,"{""category"": ""pub"", ""source"": """", ""image_url"": null, ""province"": null}",
50480,Forest Vietnam,Nhà hàng cafe tại Binh Dinh,"Binh Dinh, Việt Nam",94,Bình Định,dia_danh,13.438714559293809,108.7677126009501,,,,,,3.1,0,0,,,2025-11-04 13:36:23,2025-11-04 13:36:23,active,"{""category"": ""cafe"", ""source"": """", ""image_url"": null, ""province"": null}",
50505,Harbor Binh Thuan,Địa điểm harbor tại Binh Thuan,"Binh Thuan, Việt Nam",113,Lâm Đồng,dia_danh,11.430531599472255,107.87085291282138,,,,,,3.1,0,0,,,2025-11-04 13:36:31,2025-11-04 13:36:31,active,"{""category"": ""harbor"", ""source"": """", ""image_url"": null, ""province"": null}",
50564,Mountain Resort Thanh Hoa,Khách sạn homestay tại Thanh Hoa,"Thanh Hoa, Việt Nam",130,Thanh Hóa,dia_danh,19.861764357911863,106.14707279783752,,,,,,3.1,0,0,,,2025-11-04 13:38:29,2025-11-04 13:38:29,active,"{""category"": ""homestay"", ""source"": """", ""image_url"": null, ""province"": null}",
50581,Marina Nghe An,Địa điểm marina tại Nghe An,"Nghe An, Việt Nam",115,Nghệ An,dia_danh,18.28382012932509,105.8851663824261,,,,,,3.1,0,0,,,2025-11-04 13:38:35,2025-11-04 13:38:35,active,"{""category"": ""marina"", ""source"": """", ""image_url"": null, ""province"": null}",
50452,Thanh Hoa Thua Thien Hue,Điểm đến museum tại Thua Thien Hue,"Thua Thien Hue, Việt Nam",131,Thừa Thiên Huế,dia_danh,16.46225771576501,107.90742167125748,50000.0,,,,,3.0,0,0,,,2025-11-04 13:36:14,2025-11-04 13:36:14,active,"{""category"": ""museum"", ""source"": """", ""image_url"": null, ""province"": null}",
50484,Nha Hang Saigon,Nhà hàng pub tại Binh Duong,"Binh Duong, Việt Nam",95,Bình Dương,dia_danh,11.082445357066147,106.6349693509499,,,,,,3.0,0,0,,,2025-11-04 13:36:24,2025-11-04 13:36:24,active,"{""category"": ""pub"", ""source"": """", ""image_url"": null, ""province"": null}",
50523,Bar Sunrise,Địa điểm cafe tại Hanoi,"Hanoi, Việt Nam",79,Hà Nội,dia_danh,21.03145248474017,105.4661229420145,,,,,,3.0,0,0,,,2025-11-04 13:38:16,2025-11-04 13:38:16,active,"{""category"": ""cafe"", ""source"": """", ""image_url"": null, ""province"": null}",
50538,Beach Hai Phong,Địa điểm beach tại Hai Phong,"Hai Phong, Việt Nam",87,Hải Phòng,dia_danh,20.375327397235186,106.88163598607672,,,,,,3.0,0,0,,,2025-11-04 13:38:21,2025-11-04 13:38:21,active,"{""category"": ""beach"", ""source"": """", ""image_url"": null, ""province"": null}",
50556,Pagoda Thanh Hoa,Địa điểm pagoda tại Thanh Hoa,"Thanh Hoa, Việt Nam",130,Thanh Hóa,dia_danh,19.37551003867138,105.32171484217434,,,,,,3.0,0,0,,,2025-11-04 13:38:27,2025-11-04 13:38:27,active,"{""category"": ""pagoda"", ""source"": """", ""image_url"": null, ""province"": null}",
50571,Hoi An Forest,Nhà hàng bar tại Nghe An,"Nghe An, Việt Nam",115,Nghệ An,dia_danh,18.9883051183828,105.84041004567544,,,,,,3.0,0,0,,,2025-11-04 13:38:31,2025-11-04 13:38:31,active,"{""category"": ""bar"", ""source"": """", ""image_url"": null, ""province"": null}",
50434,Harbor Quang Binh,Thông tin về Harbor Quang Binh tại Quang Binh. Đây là một địa điểm nổi tiếng với nhiều hoạt động và trải nghiệm thú vị.,"Quang Binh, Việt Nam",105,Hà Tĩnh,dia_danh,17.792985909563008,106.2253562017266,,,,,,2.9,0,0,,,2025-11-04 13:34:51,2025-11-04 13:34:51,active,"{""category"": ""harbor"", ""source"": """", ""image_url"": null, ""province"": null}",
50447,Marina Quang Tri,Thông tin về Marina Quang Tri tại Quang Tri. Đây là một địa điểm nổi tiếng với nhiều hoạt động và trải nghiệm thú vị.,"Quang Tri, Việt Nam",131,Thừa Thiên Huế,dia_danh,17.03008335675701,107.21519171175954,,,,,,2.9,0,0,,,2025-11-04 13:34:55,2025-11-04 13:34:55,active,"{""category"": ""marina"", ""source"": """", ""image_url"": null, ""province"": null}",
50454,Atm Thua Thien Hue,Địa điểm atm tại Thua Thien Hue,"Thua Thien Hue, Việt Nam",131,Thừa Thiên Huế,dia_danh,16.713552339082764,107.32958463510722,,,,,,2.9,0,0,,,2025-11-04 13:36:14,2025-11-04 13:36:14,active,"{""category"": ""atm"", ""source"": """", ""image_url"": null, ""province"": null}",
50470,Hospital Quang Ngai,Địa điểm hospital tại Quang Ngai,"Quang Ngai, Việt Nam",94,Bình Định,dia_danh,14.797876425382814,109.0744716749671,,,,,,2.9,0,0,,,2025-11-04 13:36:19,2025-11-04 13:36:19,active,"{""category"": ""hospital"", ""source"": """", ""image_url"": null, ""province"": null}",
50535,Pagoda Hai Phong,Địa điểm pagoda tại Hai Phong,"Hai Phong, Việt Nam",87,Hải Phòng,dia_danh,20.91438718971771,106.41363868564676,,,,,,2.9,0,0,,,2025-11-04 13:38:20,2025-11-04 13:38:20,active,"{""category"": ""pagoda"", ""source"": """", ""image_url"": null, ""province"": null}",
50604,Bar Sunset,Địa điểm cafe tại Ha Tinh,"Ha Tinh, Việt Nam",105,Hà Tĩnh,dia_danh,18.77656314415933,105.943850121583,,,,,,2.9,0,0,,,2025-11-04 13:38:42,2025-11-04 13:38:42,active,"{""category"": ""cafe"", ""source"": """", ""image_url"": null, ""province"": null}",
50481,Harbor Binh Duong,Địa điểm harbor tại Binh Duong,"Binh Duong, Việt Nam",95,Bình Dương,dia_danh,11.530287017226966,106.09602407286285,,,,,,2.8,0,0,,,2025-11-04 13:36:23,2025-11-04 13:36:23,active,"{""category"": ""harbor"", ""source"": """", ""image_url"": null, ""province"": null}",
50483,Hospital Binh Duong,Địa điểm hospital tại Binh Duong,"Binh Duong, Việt Nam",95,Bình Dương,dia_danh,11.402856595974535,106.74762908711848,,,,,,2.8,0,0,,,2025-11-04 13:36:24,2025-11-04 13:36:24,active,"{""category"": ""hospital"", ""source"": """", ""image_url"": null, ""province"": null}",
50582,Cafe Ocean,Địa điểm bar tại Nghe An,"Nghe An, Việt Nam",115,Nghệ An,dia_danh,18.369085760098407,105.86920894688912,,,,,,2.8,0,0,,,2025-11-04 13:38:35,2025-11-04 13:38:35,active,"{""category"": ""bar"", ""source"": """", ""image_url"": null, ""province"": null}",
50476,Atm Binh Dinh,Địa điểm atm tại Binh Dinh,"Binh Dinh, Việt Nam",94,Bình Định,dia_danh,13.503284985497706,108.8743153186403,,,,,,2.7,0,0,,,2025-11-04 13:36:21,2025-11-04 13:36:21,active,"{""category"": ""atm"", ""source"": """", ""image_url"": null, ""province"": null}",
50493,Marina Ba Ria - Vung Tau,Địa điểm marina tại Ba Ria - Vung Tau,"Ba Ria - Vung Tau, Việt Nam",85,TP. Hồ Chí Minh,dia_danh,10.577659930758744,107.11926085597372,,,,,,2.7,0,0,,,2025-11-04 13:36:27,2025-11-04 13:36:27,active,"{""category"": ""marina"", ""source"": """", ""image_url"": null, ""province"": null}",
50420,Atm Thanh Hoa,Thông tin về Atm Thanh Hoa tại Thanh Hoa. Đây là một địa điểm nổi tiếng với nhiều hoạt động và trải nghiệm thú vị.,"Thanh Hoa, Việt Nam",130,Thanh Hóa,dia_danh,20.238261714747672,106.13062131162508,,,,,,2.6,0,0,,,2025-11-04 13:34:47,2025-11-04 13:34:47,active,"{""category"": ""atm"", ""source"": """", ""image_url"": null, ""province"": null}",
50474,Harbor Binh Dinh,Địa điểm harbor tại Binh Dinh,"Binh Dinh, Việt Nam",94,Bình Định,dia_danh,13.375581476735304,109.54758843176016,,,,,,2.6,0,0,,,2025-11-04 13:36:21,2025-11-04 13:36:21,active,"{""category"": ""harbor"", ""source"": """", ""image_url"": null, ""province"": null}",
50602,Cafe Sunrise,Địa điểm bar tại Ha Tinh,"Ha Tinh, Việt Nam",105,Hà Tĩnh,dia_danh,18.675530625565965,105.469236179564,,,,,,2.5,0,0,,,2025-11-04 13:38:41,2025-11-04 13:38:41,active,"{""category"": ""bar"", ""source"": """", ""image_url"": null, ""province"": null}",
